url,category,title,date,content
https://kookbang.dema.mil.kr/newsWeb/20210812/1/ATCE_CTGR_0080020004/view.do,firepower,K105A1 차륜형 자주포,,"K105A1 105mm Wheeled Self Propelled Howitzer
M101A1 견인곡사포를 함께
5톤 트럭에 탑재
K9 사격통제체계와 복합항법장치 적용 결합
K105A1 차륜형 자주 곡사포는 기존 M101A1 105mm 견인 곡사포를 군용 5톤 트럭에 탑재하고 사격통제시스템과 복합항법장치를 결합, 자동화한 차륜형(차량탑재형) 105mm 자주 곡사포이다.
The K105A1 (Evolved) Wheeled Self Propelled Howitzer is a self-propelled 105mm towed howitzer armed on a 5-ton truck. It is equipped with an automatic fire control system and positioning system.
‘105mm 곡사포 성능개량’이라는 사업명으로 추진된 K105A1은 삼성테크윈(現 한화디펜스)이 연구개발 주관 기관으로 선정된 후 2015년 7월부터 연구개발에 착수, 시험평가에서 군의 요구성능을 모두 충족하여 2017년 6월 ‘전투용 적합’ 판정을 받았다. 야전 전력화 후 2021년 8월 육군12사단에서 실사격 훈련이 처음 공개됐다.
■ 어떻게 구성되고 어떤 장점이 있나
K105A1은 기존 무기체계를 다양하게 활용하면서 기동성·생존성·정확도를 크게 향상시킨 무기체계로서 완벽한 ‘저비용ㆍ고효율’ 무기체계의 표본이 될 전망이다.
우선 M101A1 105㎜ 견인 곡사포의 무장을 5톤 트럭(KM500)에 탑재하고 있다. 차량 내 사격공간 확보를 위해 포의 좌우 옆 공간을 46cm씩 총 92cm를 슬라이드식으로  확장했다. 야간이나 우천 시 사격에 대비해 차량적재함 덮개와 내부 조명등까지 갖췄다.
구동 조종기의 적용으로 표적에 대한 포구지향속도가 기존 105㎜ 견인포보다 3배나 빨라진 점도 눈길을 끈다. 
나아가 K105A1에는 K9 자주포의 자동사격통제장치를 적용했다. 덕분에 지형에 관계없이 신속한 화포 정렬이 가능하고, 버튼 하나로 사격도 할 수 있게 됐다.
또 대화력전에서의 생존성을 위해 필수로 꼽히는 ‘Shoot & Scoot(사격 후 신속한 진지변환)’을 구현할 수 있다. 운용 인원도 기존 견인포 8~9명에서 5명으로 크게 줄었다.
이동간 1분 이내에 초탄 사격이 가능하고, 분당 최대 10발이 발사할 수 있는 등 기동성과 사격효율이 획기적으로 증대했다. 탄약은 기존의 것을 그대로 호환해 사용한다. 한마디로 박물관이나 전시장으로 가야 할 처지에서 최첨단 화포로 업그레이드된 것이다. 군은 기존 105㎜ 견인포 중 약 1/3 가량을 K105A1로 개량할 계획인 것으로 알려졌다.
■ 제원
전투중량 : 18 톤
최대사거리 : 11.3 km
발사속도 : 10발/분
방열 : 자동 / 반자동 / 수동
탄약 적재량 : 60발
■ M101계열의 105㎜ 견인 곡사포는?
105㎜ 견인 곡사포는 제2차 세계대전 때부터 전장을 누빈 역전의 노장이다. 이제 대부분 노후화된 탓에 성능 문제도 있어 대부분 국가에서 도태시키고 있다. 각종 신형 탄약의 개발도 도태를 앞당겼다. 호환성이 적거나 없기 때문이다. 현재도 활용하는 예라면, 포를 경량화해 공수부대 등 일부가 사용하는 정도다. 조작에 8명이 필요하고 최대 사거리는 11㎞ 안팎이다.
■ 이런 오래된 105㎜ 곡사포를 개량하려는 이유는 뭘까?
첫째, 노장급의 구형이지만 105mm 견인곡사포는 전술적으로 그 필요성이 여전하다. 특히 국지전 발생 시 근접지원을 위한 무기체계로서 효용성이 크다는 것이다. 예를 들어 사정거리가 긴 K9 155mm 자주포가 전장에서 요구하는 화력지원을 도맡을 수는 없다. 근접지원 전력, 근거리 타격수단으로 105mm 곡사포가 적격이 아닐 수 없다.
최근 아프가니스탄과 이라크 등 산악지형에서 경량 화포의 필요성이 재확인되었다는 것이 정설이다. 실제 아프가니스탄에 전개된 미군의 경우 105㎜ 곡사포가 정확하고 쓰임새도 많았다는 경험이 개량사업을 추진하는 데 결정적으로 작용했다고 전해진다.
둘째, 현재 우리 군은 M101 계열 105㎜ 견인 곡사포를 2000여 문, 포탄은 300만 발을 보유하고 있다. 그대로 도태시키는 것이 능사는 아니다. 특히 해체, 친환경적으로 비군사화하기 위해서는 많은 시간과 비용이 소요된다. 따라서 저비용으로 성능을 미래 전장에 부응할 수 있도록 향상시켜 활용하는 것은 대단히 효율적인 일이 아닐 수 없다.
셋째, 해외시장에서는 이미 이같이 ‘가성비’ 높은 차륜형 자주포를 주목하고 있다. 현재 서방국가들이 보유 중인 화포는 5만 문 이상인데, 이 가운데 3만 2000문 가량이 경포이며 나머지 1만8000문은 중포이다. 105㎜ 경견인포는 과거 50여년간 미국의 M101/102계열이 전세계 시장을 장악해 왔다. 이 포는 약 1만 문이 생산돼 65개 국 이상에 판매됐고, 1983년 생산 중단 이후에도 저렴한 가격 때문에 상당수 국가에서 여전히 운용되고 있다. 이런 구형 105㎜ 화포를 대체하는 차륜형 자주포가 향후 105㎜ 화포체계 시장에서 우위를 점할 가능성이 높다.
■ 개발사업과정은
지난 2009년 국방기술품질원이 주관한 신개념기술시범사업(ACTD) 공모에서 삼성테크윈(현 한화디펜스 <- 한화지상방산 <- 한화테크윈)이 제안한 105㎜ 차륜형 자주포가 선정된 지 약 6년 만에 사업이 본격적인 궤도에 올라서 개발이 진행됐다.
당시 삼성테크윈은 약 1년여의 개발기간을 거쳐 2011년 9월 105㎜ 차륜형 자주포의 시제 1호기를 공개했고, 이후 실용성 평가(2012년)와 방위사업추진위원회의 의결, 입찰공고 및 제안서 평가 등의 과정을 거쳤다. 이때 삼성테크윈은 ‘EVO-105’이라는 이름으로 개발을 시작했다. 2016년 6월 한화가 삼성테크윈과 삼성탈레스를 인수하면서 회사명칭이 변경됐지만 개발사업은 착실히 진행돼 2017년 6월 시험평가 완료와 함께 전투용 적합판정을 받아 현재 야전포병부대에서 운용해 나가고 있다.
2009. 국방기술품질원 신개념기술시범사업(ACTD) 공모에 제안 선정
2011. 10. 삼성테크윈(현 한화디펜스), 서울 국제항공우주 및 방위산업 전시회(ADEX) 모델 공개
2012. 실용성 평가
2014. 04. 28. 제78회 방위사업추진위원회, 105mm 곡사포 성능개량 사업 연구개발 의결
2014. 11. 19. 제84회 방위사업추진위원회 성능개량사업 체계개발 의결
2015. 01. 방위사업청, 사업 입찰 공고
2015. 03. 방위사업청 제안서 평가
2015. 07. 체계개발 착수
2017. 6. 시험평가 완료 및 전투용 적합판정"
https://kookbang.dema.mil.kr/newsWeb/20210405/2/ATCE_CTGR_0080020005/view.do,firepower,CIWS 팔랑스,,"근접방어무기체계 Mk-15 팔랑스
Close-In Weapon System
Mk15 Palanx
근접무기체계(CIWS) Mk15 팔랑스(Palanx)는 미국에서 개발한 함대 근접 방어용 무기체계로서 자체적인 센서와 통제시스템을 가지고 있어 감시, 추적, 표적평가, 발사, 교전판단 등을 자동으로 수행한다.
팔랑스의 총 무게는 약 6톤으로 6연장의 M61 20mm 발칸 개틀링 포(Vulcan Gatling gun)에 탐색레이더와 추적레이더를 결합한 형태이며 분당 평균 3,000~4,000발의 매우 높은 발사율을 자랑한다. 사거리는 약 2km.
팔랑스 최초의 시제는 1973년에 미 해군 킹함(King)에서 시험평가를 받았으며 1977년 구축함에서의 운용시험평가를 거쳐 1980년 코랄시(Coral Sea)함에 최초 탑재되어 정식으로 운용되기 시작했다.
대한민국 해군은 인천함, 대구함 등 유도탄호위함(FFG)에 팔랑스를 탑재하고 있다."
https://kookbang.dema.mil.kr/newsWeb/20210405/1/ATCE_CTGR_0080020005/view.do,firepower,CIWS 골키퍼,,"근접방어무기체계 '골키퍼'
Close-in Weapon System
Goalkeeper
근접방어무기체계(CIWS, Close-in Weapon System)는 아군 함정의 생존을 위협하는 대함미사일과 항공기, 고속정과 같은 무기체계를 가까운 거리에서 방어하는 화력 무기체계이다.
일반적으로 CIWS는 함정의 다층 방어망을 구성하는 무기체계 중 최후의 저지선을 지키는 역할을 수행하는데 구경 20~40mm의 소구경 포에서 다량의 탄약을 빠르게 지속적으로 발사한다.
네덜란드의 골키퍼(Goalkeeper), 러시아의 AK-630, 이탈리아의 DARDO, 미국의 팔랑스(Phalanx) 등이 대표적이다.
골키퍼는 탈레스 네델란드사(Thales Nederland社 <- Hollandse Signaalapparaten 또는 Signaal)가 1975년부터 연구개발되기 시작해 시제에 대한 최초 시험이 1979년 네덜란드 해군에서 이뤄졌다.
골키퍼는 I-밴드 탐색 레이다와 I-밴드·K-밴드의 추적용 레이다를 통해 날씨 조건과 관계없이 작은 목표물도 탐색할 수 있으며, 공격해오는 무기체계의 위협도에 따라 표적 순위를 자동으로 할당해 재빠르게 대응하는 등 자체적인 센서와 통제시스템으로 탐지·추적에서 위협 평가 및 발사, 교전평가 등을 자동으로 수행할 수 있다.
전체 시스템 중량은 약 10톤이며 대전차공격기인 A-10기에 장착된 것과 같은 30mm 7연장 개틀링(Gatling) 포를 채택하고 있다. 포구 속도 1,109m/초, 발사속도, 4,200발/분, 사정거리 3km."
https://kookbang.dema.mil.kr/newsWeb/20210330/1/ATCE_CTGR_0080020006/view.do,firepower,K77 사격지휘장갑차,,"K77 Fire Direction Center Vehicle
K277 사격지휘장갑차는 포병부대의 지휘 및 사격통제용 장갑차로서 획득한 표적에 대해 신속 정확하게 사격 임무를 부여해 포병 전력 극대화에 기여하는 장비다.
K55자주포 차대를 활용했으며 내부에 포병 사격지휘체계(BTCS, Battalion Tactical Computer System)와 각종 VHF 대역의 통신장비를 탑재하고 있다. 1개 포대에 1대씩 배치된다.
전투중량 : 20톤
최고속도 : 56km/h
항속거리 : 360km
등판능력 : 60% (횡경사)
동력장치 : 디젤 405마력
운용 인원 : 6명(포대), 10명(대대)
■
용어해설
(『
국방과학기술용어사전』 2017, 국방기술품질원)
☞
사격 지휘
Fire Direction 射
擊指揮
화력의 전술적 운용, 표적의 선정, 사격의 집중 또는 분산, 각 임무에 대한 탄약의 할당에 관하여 1개 또는 그 이상의 예하 부대에 대한 전술적 지휘권의 행사. 또한 사격 지휘는 사격 지휘소에서 표적 재원을 사격 명령으로 전환시키는 데에 필요한 제반 기술과 방법도 포함된다.
☞
포병 대대 전술 지휘 체계
Battalion Tactical Computer System
관측 제원 입출력기와 대대 전술 계산기, 포대 통제기, 포별 분배기, 포반 제어기로 구성된 포병 대대의 전술적·기술적 사격 지휘 전산화 체계."
https://kookbang.dema.mil.kr/newsWeb/20210322/1/ATCE_CTGR_0080020006/view.do,firepower,K56 탄약운반장갑차,,"K56 Ammunition Resupply Vehicle
K56
탄약운반장갑차는 K55의 성능향상형인 K55A1 155mm 자주포에 자동으로 탄약을 보급하는 지원장비이다.
기존 5톤 탄약운반차량을 대체하는 K56은 2011년 10월 개발이 완료되어 서부전선 포병부대에 배치되기 시작했다. 2025년까지 서부전선 부대에 배치가 완료되면 그 이후 동부전선에도 배치될 가능성이 있다.
K56은, K55A1이 K9자주포에 적용된 자동화 기술이 대폭 활용된 것처럼, K9과 함께 기동하는 K10탄약운반장갑차의 기술이 기반을 이루고 있다.
K56는 K55A1 자주포와 같은 차체를 사용하고 있어
부품의 45.7%(9,191 중 4,197 품목)가 호환이 가능하다.
따라서 K55A1 만큼 생존성이 우수하고 경사로, 험로 등 지형적 제한을 극복할 수 있는 기동성을 갖추고 있다. 또
조종수 및 정비병 양성교육도 자주포와 연계되는 등 효율적 군수지원이 가능하다.
특히 50㎏에 달하는 탄약을 병사들이 직접 운반하지 않아도 되기 때문에 안전사고 예방과 전투피로도 감소 효과도 기대할 수 있다.
자주포 1문당 적재·보급에 투입되는 인원이 5톤 트럭 대비 9명에서 3명으로 크게 줄고, 분당 10발을 자주포 내부로 이동시킴으로써 보급 시간도 81분에서 38분으로 줄어들어 약 6.4배의 향상된 효율성을 보였다.
■ 전투중량 : 28톤
적재능력 : 탄약 85발
장약 90유닛(unit)
이송속도 : 10발/min
탄약재고관리 : 자동
○ 추진경과 (자료 : 방위사업청 홈페이지)
- 2006. 4. : 소요결정
- 2007. 2. : 사업추진기본전략 결정
- 2008.12.～2011.12. : 국내 연구개발
- 2011.12. : 국방규격제정
- 2013.7. : 1차 양산계획 결정
- 2013.12.: 1차 양산 계약
- 2014.12.: 초도생산품 전력화
- 2015.1. ～ 5. : 야전운용시험(FT)
- 2015.8. : 2차 양산계획 결정
- 2015.12. : 2차 양산 계약
- 2016. 6. ～ 7. : 전력화평가
- 2017. 5. : 3차 양산계획 결정
- 2019. 11. : 4차 양산계획 결정
- 2018.～ 2025. : 3~4차, 5차 양산
■ 참고
☞ K55A1은 기존 K55에 K9의 자동화 기술 등을 적용해 자동 방렬은 물론 사거리·발사속도 등 성능이 크게 개선시킨 K55 성능개량형이다. K9 성능의 75~80% 정도 수준으로 향상된 것으로 알려져 있다.
☞
K55는 미국의 M109A2자주포를 국내 면허 생산한 것이다.
☞ K10 탄약운반장갑차는 2019년 야전 배치가 완료되었다.
■ K56 운용 설문조사
(2021. 2. 24. 방위사업청 보도자료)
한편, 방위사업청이 2021년 1월 18일부터 29일까지 2주간에 걸쳐 5톤 탄약차와 K56탄약운반장갑차를 각각 1년 이상 운용해본 경험이 있는 부사관(하사~상사) 64명을 대상으로 설문한 결과,
5톤 탄약차에서 K56탄약운반차로 전력화 필요성에 대해 ‘반드시 필요하다’ 68%(45명), ‘보통이다’ 27%(18명)에 응답해 95%가 필요성에 인식을 함께 했다. ‘필요없다’고 응답한 인원은 5%인 3명에 불과했다.
필요성의 이유에 대해 ① 적재능력 및 시간단축, ② 생존성, ③ 재보급 능력, ④ 기동성 등을 들었다.
▶세부 설문 결과
ㅇ K56탄약운반차 전력화 가장 크게 개선된 사항은?
1) 탄약의 보호대책이 강구되었다. : 31%
2) 전투피로도가 많이 감소하였다. : 20%
3) 포반원들의 안전이 상대적으로 보장되었다. : 18%
4) 탄약적재 시간이 대폭 감소하였다. : 15%
5
) 경사로, 울퉁불퉁한 지형, 진흙 등 지형적 제한사항이 없다. : 10%
ㅇ 5톤 탄약차를 이용하여 탄 적재시에 가장 큰 제한사항?
① 탄약적재 시간이 과다하게 소요되었다. : 3%
② 포반원들의 안전이 위협되었다.(발가락, 손가락 부상 등) : 23%
③ 탄약적재시 극심한 전투피로도를 느꼈다. : 28%
④ 경사로, 울퉁불퉁한 지형, 진흙, 차량 진입 제한 등 지형적 어려움 : 15%
⑤ 탄약의 보호대책이 없었다. : 13%
⑥ 기타: 18%(잔고장이 심하다, 사격임무시 필요한 탄약 사용이 제한 등)
o K55A1자주포를 이용하여 신속한 진지변환 및 사격임무시에 5톤 탄약차는          주 장비의 템포에 맞게 완전성을 보장하였는가?
① 전혀 그렇지못했다. : 13%
② 대부분 그렇지못했다. : 34%
③ 보통이었다. : 44%
④ 대체로 적절했다. :  9%
⑤ 주 장비의 완전성을 보장하였다. : 0명
※ ①, ②번을 선택하신 이유는?
(도수운반으로 전투원 생존성 보장 제한, 기동성 등 부족)
ㅇ K56탄약운반차가 K-55A1부대에 반드시 필요하다고 생각되는 이유는?
- 생존성 보장 우수(인원, 탄약 등) > 적재능력 / 효율성 우수, 시간단축 등 >
        화포에 탄약 재보급능력 우수 > 기동성 우수 > 적재 인원수 절약 >
        전투피로도 절감 > 포반원 안전대책 향상 > 통신망 확보 > 전술적 활용성이 높다 순. ♣"
https://kookbang.dema.mil.kr/newsWeb/20210318/1/ATCE_CTGR_0080020006/view.do,firepower,K10 탄약운반장갑차,,"K10 Ammunition Resupply Vehicle
자동화 로봇형 탄약운반 전용 장갑차
K9 자주포의 성능 극대화 위해 필수적
K10 탄약운반장갑차
는 완전 자동화된 제어시스템을 갖추고 K9 자주포의 성능 극대화에 기여하는 자동화 로봇형 탄약운반 전용 장갑차이다.
K10은 육군 사업관리 아래 업체(삼성테크윈->한화디펜스) 주도로 2002년 개발에 착수, 13개월간 시험 평가를 가진 후 2005년 합참으로부터 전투 사용가(可) 판정을 받았으며 2006년 11월 20일 초도 양산품이 처음 출고돼 야전에 배치됐다. K9 자주포·K77 사격 지휘 장갑차와 패키지로 운용된다.
탄약운반차 운용 개념 및 특성
탄약운반차 또는 탄약운반장갑차(탄운차)는 과거에 그 개념이 정립되어 있지 않아 무기체계로서 별도 분류되지 않았다. 1970년대 이전에는 대체로 트럭을 이용해 탄약을 단순히 전술진지까지 운반하는 개념이었다. 또 트럭이 포사격 진지까지 이동할 수가 없었기 때문에 병력이 트럭에서 탄약을 직접 인수해 화포로 이동했다.
이같은 탄약운반에는 병력이 적잖이 소요되었을 뿐 아니라 약 50kg까지 이르는 탄의 무게로 인해 병사들의 임무 피로도가 높아 지속적인 임무수행에 어려움을 가져다 주었다. 무엇보다 미국의 M109 155mm 자주포처럼 장갑화된 궤도형 자주포의 배치가 증가하면서는 일반 물자 수송용으로 개발된 차륜형 트럭은 주장비인 자주포에 비해 야지 기동성, 방호력 등이 모두 뒤떨어져 함께 임무를 수행하는 데 있어 그 자체로 제한 요소가 되었다.
1980년대 포병 화력의 주력으로 자리한 이같은 자주포는 견인포와 달리 ‘shoot and scoot’ 개념에 따라 사격 후 신속한 진지변환을 해야 하고, 기동부대와 함께 광범위한 지역에서 작전을 수행하게 되므로 자주포에 적시에 탄약을 안정적으로 보급받을 수 있어야 고성능화된 자주포의 특성을 제대로 발휘할 수 있다. 따라서 주장비 자주포와 동일한 기동성 및 방호력을 갖춘 탄운차를 필요로 하게 되었다.
K55용 탄운차 개발 시도 후 중단
M109A2 155mm 자주포의 경우 1979년 전력화된 후 동일 차체를 이용한 M992 FAASV 탄운차를 개발 1983년 전력화하였다. 그때까지의 차륜형 및 궤도형 물자수송차량을 이용하던 탄운차와는 달리, 자주포와 동일한 기동성능 및 방호력을 갖추도록 개발되기 시작한 점이 특징이다.
우리 군의 경우는 1980년대 미국의 M109A2 자주포를 국내 면허생산한 K55 자주포를 본격적으로 전력화하면서 K55용 탄운차에 대한 관심이 높아지고 실제 소요를 제기했다. 다만 M992 FAASV 탄운차를 면허생산하는 방향이 아닌 국내 개발하는 쪽으로 시도되었다. 당시 삼성항공(삼성테크윈)과 대우중공업이 각각 개발 및 제작을 추진했으나 아쉽게도 개발사업 자체가 취소돼 개발이 중단되었다.
이후 K9 자주포가 국방과학연구소(ADD)와 주요 방산업체들이 독자적인 기술력에 의해 성공적으로 개발·전력화되면서 K9과 함께 화력지원임무를 수행할 K10 탄약운반장갑차도 개발, 야전에 배치되었다.
탄운차는 전방군단, 기동군단 및 기계화보병사단의 자주포 포병대대에 편성된다. 자주포와 같이 사격지휘소의 통제를 받으며 자주포, 지휘소 및 탄운차 사이의 무선망을 통해 전장정보 및 가용자원의 자료를 공유할 수 있다. 여건에 따라 자주포 1∼3문에 탄운차 1대 비율로 운용하게 되지만 경우에 따라 자주포와 탄운차가 1조로 단독임무를 수행할 수도 있다.
K10은 K9의 기본 차체에 탄약 보급 장치 등을 결합한 형태이다. 따라서 K9과 기동성(최대 시속 67km) 뿐만 아니라 고강도 장갑이 적용돼 적 포탄의 파편, 중기관총 및 대인 지뢰로부터 방호 능력을 보유하고 있다. 자동 제어 시스템에 의해 탄약 재고 관리와 자체 고장 탐지·진단, 신속한 적재·보급이 가능하다는 점이 특징이다.
탄약보급 과정을 보면,
먼저 탄약전환 보급소(ATP)와 집적소간에는 기존처럼 차륜 트럭을 이용해 탄약을 수송·보급하게 된다. 그 이후 집적소와 진지·자주포간 수송 및 보급은 탄운차가 수행하게 된다.
탄운차는 탄약집적소에서 수동으로 탄약을 신속히 적재하지만 탄약이송 임무가 부여되면 자주포 후미쪽에 위치해
직접 이송기를 연결하여 탄약을 K9 내부로 보급한다. K10 내부에 104발의 탄약을 적재, 분당 12발 이상의 탄약을 K9에 보급할 수 있다.
K10의 배치로 기존 K9에 5톤 트럭과 인력으로 탄약을 보급하는 데서 비롯되는 전투 반응 시간 지연과 탄약 재보급 문제 등을 해결하는 한편 전투병의 피로도를 낮추고 생존성은 크게 높여 전시 대화력전 수행 능력 향상에 크게 기여하고 있는 것으로 평가되고 있다.
○ 추진경과
(출처 : 방위사업청 홈페이지)
- ’00.11월  : 소요결정
- ’01. 3월  : 획득방법 결정
- ’02 ~ ’05 : 국내연구개발
- ’06.12월  : 최초 전력화
- '19. 12월 : 전력화 종료"
https://kookbang.dema.mil.kr/newsWeb/20210315/2/ATCE_CTGR_0080020006/view.do,firepower,M548 탄약운반 장갑차,,"M548장갑차는 1960년 미국 FMC社에서 탄약을 포함함 다용도 물자 운반용으로 제작됐다. M113 병력수송 장갑차(APC)와 형태는 조금 다르지만 공통 부품을 많이 사용해 M113계열화 차량으로 분류된다.
중량이 가볍고 동체가 낮으며 화물 및 탄약 지원을 제공토록 설계된 완전궤도식 차량이며 도하가 가능하고 야지 주행이 우수하다. 무게가 가벼워 공중 수송이 가능하다. 자체 적·하역을 위한 윈치를 장착하고 있다.
대한민국 육군은 이 장갑차를 1971년 한국군 장비현대화 계획에 의거 미군 장기초과품(LSE) 중 47대를 인수하여 최초로 보유했었고 그후 1974년 미 특별군원으로 54대를 추가로 획득하였다.  

도입된 후 8인치 자주포 1문당 장갑차 1대씩을 배치하여 운용했다.
■제원
중량 7,407톤(공차)
길이 5,755m
최대 속도(지상) 61.15km
항속 거리 483km
엔진출력 202HP
화물적재량 5,443kg
등판능력 60%
승무원 4명"
https://kookbang.dema.mil.kr/newsWeb/20210315/1/ATCE_CTGR_0080020006/view.do,firepower,탄약운반차 개발과 운용,,"탄약운반차 또는 탄약운반장갑차(탄운차)는 일반적으로 견인포·자주포의 진지나 포에 탄약을 운반하는 차량을 의미한다.
제2차 세계대전은 물론 6·25전쟁, 베트남전쟁 때만 해도 포병은 전투지역의 후방에서 화력을 지원하는 임무를 수행함으로써 보병에 비해 적의 위협이 상대적으로 크지 않았다. 또 전선이나 부대 이동도 신속성을 요구하는 편이 아니어서 높은(高) 기동성을 필요로 하지 않았다.
때문에 탄약을 운반하고 적재하는 일은 트럭과 같은 차륜형 차량이나 장갑 방호력을 갖추지 않은 궤도형 차량 등을 이용했고, 따라서 ‘탄약보급’이라는 개념도 굳이 정립할 필요가 없었고, 탄약보급을 위한 무기체계도 굳이 필요로 할 까닭이 없었다.
하지만 베트남전쟁이 끝나고 1980년대를 내다보는 새로운 전장 환경은 높은 생존성·기동성·운용성을 요구했고 이에 따라 자주포도 장갑으로 방호성을 대폭 높이는 방향으로 또 높은 기동성과 함께 용이한 운용성을 갖추는 방향으로 개발되고 또 운용이 확대되고 있었다.
특히 견인포와 달리 이때의 자주포는 ‘shoot and scoot’ 개념에 따라 사격 후 신속히 진지변환을 해야 하고, 기동부대와 함께 광범위한 지역에서 작전을 수행하게 되므로 자주포에 적시에 탄약을 안정적으로 보급할 수 있어야 했다. 

그 당시까지, 방호 되지 않는 트럭 등으로 탄약을 고정진지나 자주포로 수송하고, 또 이를 야적한 적재한 상태에서 사격을 해야 하는 기존의 자주포 운용개념은 적에게 노출되기 쉽고, 적의 공격에 매우 취약하며, 전술적 기동 능력을 크게 저하시켰다.
따라서 1980년대의 새로운 전장 환경에 부응하는 고성능화된 자주포의 특성 발휘 보장을 위해서는 ‘방호력과 기동성을 갖추고 탄약보급지원을 할 수 있는 탄운차’가 필수적인 무기체계로 인식되었다.
이같은 자주포와 탄운차의 대표적인 사례로 우리 군의 K55 155mm 자주포의 원형인 미국의 M109A2자주포와 이를 위한 탄운차를 들 수 있다.
미국은 1978년 M109의 개량형인 M109A2를 개발 완료하고 1979년 전력화하기 시작한 후 이 자주포의 차체를 이용한 M992 FAASV(Field Artillery Support Vehicle) 탄운차를 개발하기 시작해 1983년 전력화했다. M992는 당시 차륜형 및 궤도형 물자수송차량을 이용하던 탄운차와는 달리 자주포의 운용특성을 고려한 기동성과 동일 전투환경 하에서 임무를 수행함에 따른 생존성 확보를 위해 자주포와 동일한 기동성능 및 방호력을 갖췄다.
이렇게 개발된 탄운차는 자주포와 함께 작전에 투입돼 화력지원 중 탄약 보급요청을 받게 되면 자주포에 직접 연결하여 탄약을 신속히 공급할 수 있게 되었다.
특히 화포가 사격임무를 지속적으로 유지할 수 있도록 화포에 가장 근접하여 충분한 탄약을 적시에 공급하므로 자주포의 지속적인 화력운용 및 화력지원효과에 직접적인 영향을 주었다. 따라서 1980년대 이후 탄운차는 고성능화 추세인 자주포의 성능을 최대한 발휘하고 그 효과를 극대화하기 위하여 필수적으로 함께 개발되어야 하는 무기체계로 받아들여지고 있다.
최신형 자주포용 탄운차를 보면 자주포와 동등한 차체 및 동력장치를 이용해 자주포와 함께 개발되고 있음을 볼 수 있다. 비록 개발하다 중단되었지만 미국이 2002년 당시까지 개발하던 크뤠이더(Crusader)가 대표적인 예이다. ♤
■ 참고문헌 및 자료
『2003 국방과학기술조사서(일반본)』, 국방과학연구소,
2005
『국방과학기술용어사전』, 국방기술품질원, 2017"
https://kookbang.dema.mil.kr/newsWeb/20200717/2/ATCE_CTGR_0080020005/view.do,firepower,40mm 쌍열 자동포 노봉,,"국산 중구경 함포


40L/70K(T) 40mm 쌍열 자동 기관포 노봉(露蜂)
은 1990년대 초 해군이 새롭게 건조·취역시킬 함정에 국내 고유 모델의 함포를 탑재하기로 결정함에 따라 국방과학연구소에 의해 국내 독자 기술력으로 개발된 함포이다.
노봉은 함정의 대(對)항공기 방어, 대(對)미사일 방어 및 함대함 교전 등을 수행할 수 있도록 개발 되었다. 탄약은 고폭소이 예광탄, 성형파편 고폭탄, 연습 예광탄, 철갑 예광탄 등 다양한 종류를 표적에 따라 선택할 수 있으며 탄통은 8층으로서 좌우 각각 384발씩 모두 768발을 저장할 수 있다.
방호물은 EMI 차폐를 위해 특수소재로 설계되어 있으며, 구조물은 알루미늄으로 되어 있어 가볍고 해수의 부식에 대한 저항력이 높다. 순수한 국내 개발 장비로서 완벽한 종합군수지원 체계를 구축하여 신속하고 조직적인 지원활동이 가능하다.
국내에서 함포 분야의 연구개발은 1970년대 해군 고속정에 탑재된 20㎜ 쌍열 함포의 구동장치를 개발하는 것으로부터 시작되어 이후 1980년대 20㎜ 발칸포 함정화 사업, 40㎜ L/60 쌍열 함포 체계개량 사업 등을 통해 그 기반을 다지고 역량을 키워왔다.
해군이 1980년대 신형 호위함(FF)과 초계함(PCC), 중형 고속정(PKM) 등의 전투 함정을 국내에서 건조해 취역시킬 당시 이 함정들에 주요 무장으로 이탈리아 브레다사(社)의 40㎜/L70 함포를 도입·탑재하고 있었다.
이때 그동안의 연구개발 경험을 바탕으로 부포 수준의 함포를 국내 기술력으로 연구개발해 탑재하자는 사업계획도 수립되고 있었다. 하지만 선진국의 우수한 함포체계가 자리를 굳히는 상황에서 국내 기술력으로 동급(구경 40mm)의 함포를 개발하겠다는 사업계획은 승인 받기가 쉽지 않았다. 그러나 국내에서 개발한 장비는 추후 국내 정비 및 후속 군수지원이 용이한 것 등 장점이 많다는 사실이 받아들여져 1988년 7월 개발이 시작됐다.
당시 해군의 요구는 ‘사수가 함포 안에서 포를 작동시킬 수 있는 40㎜ 단열 함포’와 ‘사수 없이 사격통제장치로 원격 운용되는 40㎜ 쌍열 함포’를 동시에 개발하는 것이었다. 선행개발 과정에서 40㎜ 단열 함포는 PKM용으로는 너무 무겁고, 전력화 시기를 충족할 수 없어 해외에서 도입하는 것으로 획득 정책이 바뀌었다. 이에 따라 전력화를 목표로 하는 실용개발에서는 40㎜ 쌍열 함포만 개발하게 됐다.
함포의 핵심기술로는 포열장치 소재 및 강선 설계, 디지털 서보를 이용한 정밀구동제어 등이 있는데, 특히 개발 당시 선진기술로 분류됐던 디지털 제어기술은 순전히 국방과학연구소(ADD)의 노력으로 해결됐다. 그뿐만 아니라 포가장치, 구동장치, 급탄장치, 사격통제장치 및 함 운동 보상을 위한 안정화 기술 등을 구현하기 위해 연구원들이 치열하게 노력해 중구경 함포 개발에 성공했다. 현재 노봉으로 불리는 함포가 바로 이것이다.
노봉은
기관포를 비롯
급탄·발사·구동을 수행하는 포탑, 함포 제어 장치, 함정의 제한된 전원 공급력을 확대하는 회전변환기 등으로 구성돼 있다.
호위함이나 초계함, 고속정에 탑재되며 사격통제장치와 연동, 원격으로 조종된다.
고속 발사가 가능하며 높은 기동성을 보유해 근거리에서 공격하는 전투기에 대응하는 것은 물론 대함 공격도 가능하다. 함포로서의 능력과 함께 제한적인 근접방어무기로도 역할 수행이 가능하다.
유효 사거리는 대공 4㎞, 대함 6㎞이며, ADD가 개발한 탄도계산기법을 적용해 높은 명중률을 자랑한다.
분당 발사율은 620발(310발/포신당)이며, 수상 및 지상 표적과 공중 표적에 대응할 수 있다. 상비탄약으로 약 760발이 적재돼있어 탄약 재공급 없이 10회 이상 적과 교전이 가능하다. 또 제어장치에서 함포를 통제하는 부분은 최신 전자기술이 적용돼 음속의 2배 속도로 공격해오는 표적도 대응할 수 있다.
● 노봉은 무슨 뜻?
함포에 붙인 ‘노봉’이라는 명칭은 장수말벌을 뜻하는 ‘노봉(露蜂, 학명 Vespa)’에서 따왔다. 아시아에 서식하는 벌 중에서 가장 큰 노봉은 독성과 공격력이 강해서 벌뿐만 아니라 다른 동물들도 두려워하는 곤충이다. 양봉은 한번 벌침을 쏘면 죽게 되지만 노봉은 여러 번 벌침을 쏘아도 죽지 않는다. 40㎜ 국산 함포도 이러한 노봉과 같이 적이 두려워하는 존재로서 역할을 담당하라는 의미에서 그렇게 명명하게 됐다.
■ 국방일보 기사 원문
2015년 1월 21일자
말벌처럼 빠르게 … 분당 620발로 타격한다"
https://kookbang.dema.mil.kr/newsWeb/20200717/1/ATCE_CTGR_0080020005/view.do,firepower,브레다 40mm/70 컴팩트,,"OTOBreda 40mm/70 Bofors Compact
호위함(FF) 초계함(PCC) 참수리급 고속정(PKM)에 탑재
이탈리아의 방산업체인 브레다사가 1960년대에, 제2차 세계대전 때 명성을 얻은 보포스(Bofors)의 40 mm/70 모델1948 기관포에 대한 라이센스를 획득한 뒤 발전시킨 함포체계 시리즈 중 하나. 고속정부터 호위함까지 다양한 함정에 탑재돼 운용됐으며 이탈리아는 물론 아르헨티나 등에 수출됐다.
대한민국 해군은 1980년대 들어 그동안 해외에서 도입한 함정의 노후화와 함께 88서울올림픽 개최를 대비한 대대적인 전력 증강 사업의 일환으로 한국형 호위함(FF)과 초계함(PCC), 중형 참수리급 고속정(PKM) 등 함정을 국내 건조하면서 당시 이탈리아 브레다의 40㎜/L70 함포(Breda 40mm Compact)를 도입해 대함 및 대공용 기관포로 탑재했다.
체계 중량 : 3.5톤 (single)
5.5톤 (twin)
최대사거리  12.5km
발사율 300발/분
포구속도 1,005m/s"
https://kookbang.dema.mil.kr/newsWeb/20200716/2/ATCE_CTGR_0080020005/view.do,firepower,에머릭 30mm 함포,,"대한민국 해군에서 주로 에머릭 30(Emerlec 30) 또는 에머슨 30(Emerson 30)으로 불리는 30mm 함포는 30mm 2연장 기관포 시스템이다.
본래 미국 에머슨 일렉트릭(Emerson Electric)이 미 연안경비정에 탑재하기 위해 기관포와 사격통제체계 등을 시스템화해 개발한 EX-74 함포체계가 원형이다. 하지만 이 체계의 미 연안경비정 탑재 계획이 취소되었으며 대신 수출형으로 개량되면서 다수의 국가에 수출되었다.
대한민국 해군은 울산급 호위함(FF) 초기형과 동해급 및 포항급(초기형) 초계함(PCC)의 부포 및 참수리급 고속정(중기형)의 주포로 탑재·운용했다.
함포로 쓰인 기관포 자체는 스위스 엘리콘(Oerlikon)의 30mm 가스작동식 기관포(Oerlikon 30 mm/75 KCB cannon)이다. 유효사거리는 대함 1만m, 대공 2,750m이며 분당 600발을 발사한다.
■ 성능 및 제원
체계 중량 : 2.4톤
주포 : 30mm 가스작동식 기관포
유효사거리 : 대함 1만m
대공 2750m
포구속도 : 1,080m/sec
발사율 : 1,200발(T)/분"
https://kookbang.dema.mil.kr/newsWeb/20200716/1/ATCE_CTGR_0080020005/view.do,firepower,20mm 시발칸,,"시 발칸(Sea Vucan)은 KM168 20mm 기관포(KM168 20mm Gatling gun)를 대한민국 해군의 참수리급 고속정(PKM)의 부포로 탑재한 함포이다.
구경 20mm 포열 6개를 하나로 묶어 회전식으로 사격하는 개틀링식 기관포로서 우리나라는 최초 국방과학연구소(ADD)에서 개량하고 대우종합기계(현 S&T중공업)에서 제작해 해군 고속정에 탑재·운용하고 있다.
■ 성능 및 제원
구경 : 20mm
타입 : 개틀링(Gatling)
중량 : 118kg (포열당 무게 8kg)
포열 수 : 6EA
최대사거리 4,500 m
유효사거리 2,200m
발사율 2,700~3,000rpm
포구속도 1,037m/sec
제작 S&T중공업 <= 대우종합기계"
https://kookbang.dema.mil.kr/newsWeb/20200629/2/ATCE_CTGR_0080020005/view.do,firepower,Mk16 20mm 쌍열(twin) 기관포,,"Mk16
20mm 쌍열(T)
함포는 미국 해군 병기창에서 개발된 기관포로서, 해군에서는 고속정(PK)에 탑재해 대공, 대함용으로 운용했다.

PK정과 함께 퇴역했다."
https://kookbang.dema.mil.kr/newsWeb/20200629/3/ATCE_CTGR_0080020005/view.do,firepower,Mk4 40mm 4연장 기관포,,"Mk4 Quad Mount 40mm naval gun
Mk4 40mm 4연장 함포는 Mk2 40mm 2연장 함포(기관포)와 마찬가지로,
대공 및 대함용 기관포로서 1943년부터 미해군에 배치되었다.
스웨덴 보포스(Bofors)사에서 제작됐으며 제2차 세계대전 당시 연합국과 추축국 모두 사용한 진기록을 가지고 있다.
20mm 기관포를 대체한 함정의 주력 대공무기로서 미 해군이 사용한 이 함포는 태평양 전선에서 일본 전투기를 상당수 격추시켰다.
우리군은 1950년대부터 이 함포를 도입해 기어링급 구축함과 전차 상륙함, 호위함 등에 장착했으나 함정의 퇴역과 함께 도태되었다. 40mm 보포스 기관포는 이후 단장포 형식으로 해군의 참수리급 고속정에 장착돼 운용하기도 했다.
길이 3.8m 폭 3.5m 최대사거리 10,100m 발사속도 분당 160발
설명자료 = 전쟁기념관"
https://kookbang.dema.mil.kr/newsWeb/20200629/1/ATCE_CTGR_0080020005/view.do,firepower,Mk2 40mm 2연장 기관포,,"Mk2 40mm 2연장 기관포는 대공 및 대함용 기관포로 1943년부터 미 해군에 배치되었다.
함포로 사용된 40mm 보포
스 기관포는 스웨덴 보포스사에서 제작하였으며, 오늘날까지도 많은 국가에서 사용하고 있다. 특히 제2차 세계대전 당시에는 명중률이 높은 대공용 기관포로 알려져 연합국과 추축국 모두 사용했던 진기록을 가지고 있다.
미 해군이 사용한 40mm 2연장는 태평양 전선에서 일본 전투기를 상당수 격추시켰다. 우리군은 1950년대부터 이 함포를 도입해 주력 전투함인 기어링급 구축함과 전차 상륙함, 호위함 등에 장착했으나 함정의 퇴역과 함께 도태되었다.
40mm 보포스 기관포는 이후 단장포 형식으로 해군의 참수리급 고속정에 장착돼 운용되기도 했다.
길이 3.8m 폭 3.5m 최대사거리 10,100m 발사속도 분당 160발.
자료 = 전쟁기념관"
https://kookbang.dema.mil.kr/newsWeb/20200619/2/ATCE_CTGR_0080020005/view.do,firepower,Mk20 20mm 2연장 대공포,,"Mk20 20mm 2연장 대공포는 스위스 엘리콘(Oerlikon)사가 개발한 기관포로서 제2차 세계대전 당시 미국이
50구경
M2 중기관총을 대체해 도입했다.
Mk20의 유효사거리는 1.6km이며 35도 각도로 발사할 경우 최대 사거리가 4km에 이른다. 또한 60발들이 드럼탄창을 채용해 양쪽을 합해 분당 120발을 동시에 사격할 수 있다.
길이 2.9m 폭 1.5m


Mk2 40mm 2연장 함포는 대공 및 대함용 기관포로 1943년부터 미 해군에 배치되었다.
함포로 사용된 40mm 보포스 기관포는 스웨덴 보포스사에서 제작하였으며, 오늘날까지도 많은 국가에서 사용하고 있다. 특히 제2차 세계대전 당시에는 명중률이 높은 대공용 기관포로 알려져 연합국과 추축국 모두 사용했던 진기록을 가지고 있다.
미 해군이 사용한 40mm 2연장는 태평양 전선에서 일본 전투기를 상당수 격추시켰다.
우리 군은 1950년대부터 이 함포를 도입해 주력 전투함인 기어링급 구축함과 LST(전차 상륙함), 호위함 등에 장착했으나 함정의 퇴역과 함께 도태되었다. 이후 40mm 보포스 기관포는 단장포 형식으로 해군의 참수리급 고속정에 장착돼 운용했다.
길이 3.8m
폭 3.5m
최대사거리 10,100m
발사속도 분당 160발
자료 = 전쟁기념관"
https://kookbang.dema.mil.kr/newsWeb/20200619/1/ATCE_CTGR_0080020005/view.do,firepower,Mk4 20mm 단연장 대공포,,"Mk4 20mm anti-aircraft gun
제2차 세계대전 발발 당시 미 해군은 스위스 엘리콘(Oerlikon)사가 개발한 20mm 기관포를 대공화기로 채용하여 모든 전투함에 탑재했다.
20mm 단장포인 Mk2보다 부품을 간소화하고 생산성을 높인 Mk 4는 자동발사만 가능하다. 60발 들이 드럼탄창으로 급탄하며, 분당 450발의 발사속도로 비교적 정확한 사격이 가능하다.
Mk4기관포는 특히 HE-T-7 특수야광탄을 채용하여 야간에 적기에게 사격하는 사수에게 매우 용이하게 보이는 반면, 적군 강하 폭격기에는 잘 보이지 않는 장점이 있다. 20mm 탄환으로 1.5km까지 유효사거리 내에서 적기를 격파할 수 있다.
우리 해군은 미국으로부터도입한 PCE급 경호함이나 플레처급 구축함 등에 이 대공포를 장착해 운용했다.
길이 2.9m
폭 1.5m
발사속도 450발/분
최대사거리 13,350m"
https://kookbang.dema.mil.kr/newsWeb/20190716/1/ATCE_CTGR_0080020002/view.do,firepower,현궁 - 보병용 중거리 유도무기,,"대전차용 최초 국내개발 유도무기 개발
육군과 해병대 대대급부대 전력 배치
보병용 중거리 유도무기(MRIMㆍMedium Range Infantry Missile) ‘현궁’은 90mm 및 106mm 무반동총 및 토우(TOW) 대전차미사일 등 노후화한 대전차 무기를 대체하기 위해 개발한 보병대대급 운용용 대전차 유도무기이다. 대전차 유도무기로는 국내 최초로 개발된 무기체계이다.
* 빛과 같은 화살(晛弓), 스마트한 유도무기(賢弓), Raybolt(Ray+bolt)
현궁은 2002년 합참에서 소요가 결정되어 2007년 국방과학연구소(ADD) 주관 아래 탐색개발과 체계개발을 거쳐 2015년 지난해 8월 개발을 완료했다. LIG넥스원은 유도탄 및 체계종합을 맡았다. 약 1500억원의 연구개발비가 투입되었다.
2016년 4월 20일 한민구 국방부장관의 주재로 국방부 화상회의실에서 열린 제94회 방위사업추진위원회에서 ‘보병용중거리유도무기(현궁) 초도생산 계획(안)’에 대한 심의 의결에 따라 2016년부터 양산(量産)에 들어갔다. 이어 2017년 5월 30일 최초 생산품에 대한 품질인증 사격시험이 성공적으로 이뤄짐에 따라 육군 전방부대와 서북도서의 해병대에 전력배치되기 시작했다.
■ 탁월한 명중률 ‘전투용 적합’
현궁은 국방과학연구소(ADD)가 국내 독자적인 기술력을 바탕으로 LIG넥스원 등 방위산업체와 힘을 합해 개발한 보병용 중거리 유도무기(MRIMㆍMedium Range Infantry Missile)이다.
현궁은 2002년 3월 제192차 합동참모회의에서 ‘소요 결정’이 있은 후 2006년 2월 16일 제13차 방위사업추진위원회에서는 ‘중거리 대전차(보병용) 유도무기 탐색개발 기본계획(안)’이 의결됨으로써 연구개발이 시작되었다.
국방과학연구소는 약 2년간 무기체계의 개발을 결정하기에 앞서 기술력 등이 가능한지를 판단하기 위한 탐색개발을 수행했다. 실전용 무기체계로 개발하는 체계개발은 2010년 2월 24일 제40회 방위사업추진위원회에서 ‘보병용 중거리 유도무기 체계개발 기본계획’안을 확정ㆍ의결함으로써 본궤도에 올랐다. ADD 주도로 대략 2014년 개발 완료한다는 내용이었지만 실제 연구개발은 업체 선정 등의 지연 이유로 약 1년 늦게 착수되었고, 2015년 8월 우수한 명중률로 운용시험평가를 통과하며 ‘전투용 적합’ 판정을 받았다.
■ 병사 휴대 또는 차량 탑재
보병용 대전차무기는 전투종심 및 운용제대에 따라 중량을 기준으로 경(經)대전차무기(LAW: LightAntitank Weapon), 중(中)대전차무기(MAW: MediumAntitank Weapon), 중(重)대전차무기(HAW: HeavyAntitank Weapon)로 분류하여 상호 보완적으로 운용해왔다. 대전차무기의 운용 사거리는 중량에 비례하므로 과거에는 중량에 따라 구분하였으나, 최근에는 중량보다는 운용사거리를 기준으로 단거리, 중거리 및 장거리로 구분하여 운용하는 추세이다.
현궁은 유효 사거리 2km 급으로 중(中)대전차무기(MAW)의 개념과 크게 차별화되지는 않는다. 미사일과 발사기로 구성되며 통상 대대 편제돼 2~3명이 대전차 공격조로 구성돼 운용하게 된다. 소형전술차량에도 탑재된다.
■ 3세대급 fire & forget
대전차 등 보병용 유도무기를 발전해온 세대로 구분한다면, 수동시선유도에 의해 전차의 정면을 직접 공격하는 것이 제1세대형이다. 반자동 시선유도 방식으로 정면 직접 또는 상부 비월 공격하는 것이 2세대이다. 미국의 TOW와 드래곤, 프랑스의 밀란, 러시아의 AT-5, 중국의 레드 애로우 등이 대표적이다. 미국의 헬파이어와 같이 레이저지시기를 목표물에 조사시켜 호밍유도하여 전차의 상부를 경사로 공격하거나 정면을 직접 타격하는 형태는 2.5세대로 분류된다.
이후 개발된, 즉 CCD 소자나 열영상 감지 탐색기, 수동 또는 능동형 밀리미터파 탐색기 등을 복합해 적용한 ‘발사 후 망각(Fire and Forget)형’이 3세대에 속한다. 미국의 재블린, 이스라엘의 Gill, 일본의 XATM 등이 이 부류이며 이스라엘의 Spike나 미국의 EFOG와 같이 광통신 방식도 3세대로 구분된다. 현궁은 3세대급이다.
유사 무기체계 보다 성능적으로 우위를 실현하기 위해 현궁에는 다양한 첨단 핵심기술들이 적용됐다. 유도탄 발사 전 표적을 포착하고 발사 후에는 표적을 추적하는 역할을 하는 적외선 열영상탐색기(IIR)에는 소형·고성능의 전자광학부와 지상 기동표적 추적기법이 적용됐다. 지열 등으로 인해 분간이 어려운 표적을 효과적으로 추적한다.
■ 탠덤 방식 탄두로 관통력 높여
사수가 전차의 열 열상을 탐지해 조준ㆍ발사하면 추가적인 사람의 조작 없이도 미사일 스스로 적외선 이미지를 이용해 표적을 찾아가는 타격을 가한다. 이른바 ‘발사 후 망각’ 방식이다. 따라서 사수 등은 미사일 발사 후 자리를 신속히 이동할 수 있어 생존성을 높일 수 있다. 발사 이후 유도 기능이 없는 90ㆍ106mm 무반동총이나 명중할 때까지 끝까지 사수가 조준해야 하는 토우에 비해 확연하게 성능적인 차이를 보여주고 있다.
소형화·경량화를 위해 미사일 동체에 접는 날개 방식을 적용한 현궁은 표적의 정면뿐만 아니라 장갑이 상대적으로 얇은 적 장갑차량 상부를 공격할 수도 있다. 이를 위해 자율유도·상부공격이 가능하도록 설계된 유도조종기법이 적용됐다.
현궁은 유사 무기체계인 스파이크(이스라엘), 재블린(미국)에 비해 관통능력 및 유효사거리가 향상됐다는 평가를 받고 있다. 이는 현궁의 미사일이 전방의 선구탄두와 후방의 주탄두 등 2개의 성형작약탄두(Shaped charge warhead)를 직렬로 배치하는 탠덤(Tandem) 방식을 채택하고 있기 때문이다. 즉 앞의 소형 탄두를 먼저 폭파시켜 반응장갑을 무력화하고, 연속적으로 주탄두가 본체를 타격해 파괴하는 것인데 적의 반응장갑에 대응하기 유리하고 결과적으로 관통력을 높여준다. 일반 성형작약탄이 탄두 직경의 약 4~6배를관통하는 것에 비해 이중성형작약탄은 탄두 직경의약 10배를 관통하는 것이 특징이다.
■ 단거리 대전차무기 대체도 시급
한편, 보병의 대전차 무기로서 ‘단거리’형의 대체도 시급히 추진되어야 한다. 현용 단거리 대전차무기(LAW)는 팬저파우스트-3(PZF-Ⅲ)와 66mm급 M72LAW가 있다.
M72LAW는 1960년대 미국에서 경장갑 파괴를 위해 휴대용으로 개발된 장비로 우리 군에는 1971년에 처음 도입되었다. PZF-Ⅲ는 1990년대 초 독일로부터 도입되었다. 실내발사가 가능하며 휴대용으로 어깨 견착 사격이 가능하다. 하나의 발사관으로 3회까지 사격하며 조준장치는 재사용할수 있다.
하지만 이 무기들은 적의 구형 전차에 대한 공격에는 효과적이지만 반응장갑을 장착한 최신의 전차에는 공격이 제한되는 단점이 있는 것으로 지적되고 있다. 노후화로 인한 문제도 적지 않다. 따라서 이들을 대체할 단거리 대전차무기의 필요성이 커지고 있다.
제공 : 방위사업청
■ 사업 추진 경과 (자료 : 방위사업청)
○ 개요
’16∼’22년간 노후된 90/106밀리 무반동총 및 TOW를 대체하는 보병대대급 운용용 중거리 대전차유도무기를 확보하는 사업
○ 운용개념
<필요성>
- 현 대대급 대전차화기(무반동총)는 사거리/관통력 부족해 전투력 발휘제한
- 적 전차 및 장갑전력을 원거리에서 타격할 정밀유도무기 부재
- 성능이 우수하고 사수의 생존성 보장이 가능한 대전차화기 필요
<운영개념>
- 대대에서 중대로 배속 또는 지원하여 적 전차 및 장갑전력 파괴
- 적 전차 접근로상 원거리에서 적 장갑전력 무력화
○ 사업추진 방식
- 국내구매
○ 추진기간 : ‘16. ∼ ’22.
- ’02.3. : 소요결정(제192차 합동참모회의)
- ’07.10.∼’09.9. : 탐색개발
- ’10.7.21. : 체계개발 사업착수
- ’15. 7. 16. : 개발시험평가(판정결과 : 기준충족)
- ’15. 8. 4. : 운용시험평가(판정결과 : 전투용적합)
- ’15. 8. 31. : 국방규격 제정 / 체계개발 종료
- ’15. 8.∼9. : 제조성숙도평가
- ’16. 4. : 초도생산계획(안) 심의·의결(제94회 방위사업추진위원회)
- ’16. 12. : 초도양산 계약
- '17. 5. 30 최초 생산품 품질인증 사격시험 성공
- ’17. 6. ~ 8. : 야전운용시험
- ’17.12. : 2차양산 계약(주장비)
- ’18.12. : 2차양산 계약(주장비, 전력화지원요소)
- ’19.12. : 3차양산 계약(주장비)
- ’20. 4. ~ 5. : 전력화평가
- ’20.10. : 창정비방침 확정"
https://kookbang.dema.mil.kr/newsWeb/20191203/1/ATCE_CTGR_0080020001/view.do,firepower,K15 경기관총 _5.56mm,,"K15 경기관총
5.56mm Light Machine Gun
K15 경기관총은 구경 5.56mm의
현용 K3 경기관총을 대체하기 위해 '5.56mm 경기관총--Ⅱ'사업이라는 이름으로 개발, 2022년 12월 16일 첫 출하된 소화기이다.  총기와 조준장비가 함께 개발돼 함께 운용되는 점이 특징이다.
K15 기관총은 국방개혁 부대개편과 병력감축의 취약점 보강 및 전투력 발휘를 보장하고, 노후화된 K3기관총을 대체하며 더욱 성능이 개선된 기관총을 개발하기 위해 진행됐다. 특히 기관총 편제 및 조준장치 장착 등 세계적 발전추세에 부합한 기관총을 확보하는데 주안점을 뒀다.
K15는
으로 S&T모티브가 총기 분야를, 한화시스템이 조준장비(열영상을 포함한 광학조준경) 분야를 각각 담당했다.  S&T모티브는 방위사업청과
2016년 5.56mm 경기관총-Ⅱ 체계개발 사업을 계약했다.
S&T모티브에 따르면,
K15 기관총은 기존 K3와 달리 주·야간 조준장치와 통합돼 원거리 적 밀집부대 등 지역표적을 제압할 수 있다. 또한 정확도, 신뢰도 및 운용편의성 등이 향상됐다. 총열을 신속 교환할 수 있고, 다양한 부수기재들을 활용할 수 있게 피카티니 레일이 장착됐다. 장병들의 체격에 따라 개머리와 양각대도 자유롭게 조절할 수 있다.
S&T모티브는 또
K15가
정확도 면에서 100야드(91.44m) 밖 2.16인치 원안에 탄착군을 형성(less than 2.2 MOA)했다고 소개하고 있다.
■ 제원 및 특성
구경 : 5.56 x 45mm
무게 : 7.1kg, 8.4kg(with PAS-18K)
길이 : 990~1070(전체) 465mm(총열)
발사속도 : 700~1000/분
유효사거리 : 800m
특징 : 가스작동식, 6조우선, 연발-안전 모드"
https://kookbang.dema.mil.kr/newsWeb/20191203/2/ATCE_CTGR_0080020004/view.do,firepower,2.75인치 유도로켓 비궁,,"2.75인치(70mm) 유도로켓 비궁
2.75 Inch(70mm) Guided Rocket 匕弓
동영상 = 방위사업청 제공
2.75인치(70mm) 유도로켓 비궁(匕弓)은 상륙용 공기부양정을 포함한 소형 고속함정의 위협에 대응하는 해안방어용 유도무기체계이다.
2015년 최초 공개 시범사격이 이뤄졌으며, 개발성공에 따라 2016년 12월 LIG넥스원이 방위사업청과 100여억 원 규모의 ‘2.75인치 유도로켓(차량탑재형)체계’ 초도 양산계약을 체결했다. 이때부터 6년 동안 전력화가 진행되는 비궁의 양산 규모는 약 1200억 원이다.
기존 노후화된 해안포를 대체해 도서 및 해안 지역에 배치되는데
해병대를 시작으로 해군·육군에 단계적으로 전력화되기 시작했다.
방위사업청은 2020년 4월 7일 비궁이 우리나라 개발 유도무기 사상 처음으로 미국 국방부 주관 FCT(Foreign Comparative Testing, 해외비교시험) 프로그램을 통과했다고 밝혔다.
FCT는 미국에서 생산되지 않는 동맹국의 우수 장비 및 기술을 시험  평가하는 미국  국방부 프로그램으로 미
국
무기체계 시장에 진출하기 위한 절차이다.
비궁의 FCT는
2019년 10월
국방과학연구소 종합시험장에서 美 국방부 평가단의 참관 하에 실시해 미국측이 제시한 조건을 모두 충족한 상태에서 10발을 모두 명중시키며, 미
측으로부터 비궁의 우수성을 객관적으로 확인했다는 평가를 받았다.
비궁은 국방과학연구소(ADD) 주관으로 2012년부터 약 3년에 걸쳐 개발됐다. 해병대가 연구개발에 참여하고, 독자적으로 운용하는 최초의 무기체계다.
비궁은, 일반 무유도로켓을 유도한 만큼
발사 후 스스로 목표를 찾아가 타격하는 발사후 망각형(Fire and forget) 방식으로 개발되었다. 5톤 트럭을 기반으로 개발된 발사체계에서 발사되는데, 약 10m 높이로 세울 수 있는 표적탐지장비(타즈·TADS)와 운용인원들이 탑승하는 캐빈, 포드(pod) 2개가 장착된 회전포탑(turret)으로 이뤄졌다.
다수 표적에 대한 동시 대응이 가능하고, 차량탑재형으로 기동성이 뛰어나다. 특히 표적탐지·발사통제 장치를 한 차량에 탑재해 단독작전이 가능하다는 장점을 갖고 있다.
2015년 시범사격 최초 공개
한 발에 한 척 침몰 위력
""사, 삼, 이, 일. 발사!""
지난달 22일 오후 4시(2015년), 충남 태안군 안흥의 해안에 위치한 국방과학연구소(ADD)종합시험장. 이제까지 공개되지 않은 ‘신무기’가 운용시험평가를 통해 모습을 드러냈다. 2.75인치(70mm) 유도 로켓이다.
긴장 속에 카운트다운이 시작되고 ‘발사’ 명령이 내려지자 화살 같은 로켓이 흰 연기를 뒤로 뿜으며 빠르게 날아갔다. 비행 궤적을 쫓아가는 시선은 약 2.8km 떨어진 해상의 무인수상정에 모아졌다. 해상에는 척당 약 3억 원짜리 무인수상정이 40노트(시속 76㎞)로 항진하는 중이었다. 발사된 지 9~10초쯤 지났을까. 로켓은 이 무인수상정을 ‘빨려들어가듯’ 정확히 타격했다. 큰 폭발은 없었다. 시험중인 이 로켓은 탄두 대신 각종 계측장비가 실린 비활성탄이었기 때문이다. 이어진 발사에서도 로켓은 북한의 공기부양정보다 크기가 훨씬 작은 무인수상정을 여지없이 강타했다.
ADD는 ""이 유도로켓 단 한발로 공기부양정 한 척을 완전히 침몰시킬 수 있는 위력""이라고 설명했다.
北 공기부양정을 잡자
2.75인치 유도로켓은 해상을 통해 고속 기습상륙을 기도하는 적 세력을 정밀타격하기 위한 전술무기체계이다. 주 타깃이 북한의 공기부양정이라는 이야기다. 그런데  공기부양정이나 소형의 고속정을 함대함 미사일로 격파하는 것은 효율적이지 못하다. 비싸기 때문이다. 단거리의 미사일, 보통 대전차미사일과 같은 보병용 유도무기의 경우 한 발당 가격이 1억 원을 훌쩍 넘는다.
소 잡는 칼로 닭을 잡을 수는 없다. 저렴한 가격으로 우수한 성능을 발휘할 수 있는 ‘칼’은 없을까.
ADD는 2000년대 초, 500MD나 AH-1S코브라와 같은 헬기에서 쓰이는 2.75인치 무(無)유도 로켓을 ‘유도화’하는 방안을 제시했다. 유도탄에 쓰이는 탐색기와 유도조종장치 등을 기존의 2.75인치 무(無)유도 로켓에 포함시켜 미사일과 유사한 ‘유도로켓’으로 개발하자는 것이었다.
일방에 타격을! 단, 값싸게
마침, 이 같은 방안이 미국과 공감대를 형성했다. 2007년 3월 6일, 방위사업청은 ""70mm(2.75인치) 로켓 유도무기를 한·미 공동개발하는 사업으로 추진한다""며 이날 양해각서(MOU) 합의문 조인식 행사를 가졌다고 밝혔다. 당시 방위사업청은  70mm 로켓 유도무기에 대해 ""소형 쾌속정과 유사 목표물을 원거리에서 효과적으로 타격하기 위해 적외선 영상 탐색기와 조종핀을 장착하여 목표 상공에서 발사, 표적 포착 후 자체 유도하여 파괴하는 무기""라고 소개했다.
성능은 미사일급이되, 가격은 1발당 수천만 원대로 저렴할 것으로 기대되었다. 그래서 LOGIR(Low cOst Guided Imaging Rocket)라는 이름과 함께 ‘메두사’라는 애칭도 붙여졌다.
이 연구개발에는 국방과학연구소와 미국 해군항공무기연구소(NAWCWD)가 주도적으로 참여했다. 열영상 탐색기와 유도장치의 소프트웨어는 미국이 개발하고 유도장치의 하드웨어와 조종날개 구동장치·탄두 및 신관 등은 우리나라가 개발하는 방식으로 연구개발이 진행되었다. 2011년 3월15일 하와이에서 미국 태평양사령부 주관으로 열린 국방과학기술 전시회에서 모형 등을 소개해 호평을 받은 바 있다.
그런데 2012년부터 사업추진방식이 국내 연구개발로 바뀌었다. 실전에서 쓰일 수 있도록 개발하는 ‘체계개발’ 단계로 돌입하는 시점에서 미국 정부가 관련 예산을 반영하지 않았기 때문이다. 향후 개발에 우려 섞인 시선이 없지 않았지만, 방위사업청은 이때 ""(그동안의) 한·미 핵심기술 응용연구와 선행연구 결과 등을 통해 체계개발에 필요한 기술들을 확보했다""며 ""전력 긴급성과 개발 가능성, 기술파급 효과 등을 고려해 국내 연구개발로 사업추진방법을 결정했다""고 밝혔다. 그리고 그 과정와 일부 성과를 이번 운용시험평가 공개를 통해 확인시켜 주었다.
국내 독자개발로 전환
2.75인치 유도로켓 개발이 국내 독자개발로 추진되면서 국방과학연구소는 저비용으로 정밀타격이 가능한 차량 탑재형 유도로켓을 개발한다는 목표를 세웠다. 개발의 핵심은 구성품의 소형화에 있었다. 로켓의 구경을 뜻하는 2.75인치는 70mm로 곧 7cm이다. 종이컵 밑바닥만하다. 이만한 굵기에 정교한 항법장치 등을 다 넣어야 한다. 따라서 설계에서 구성품의 소형화가 필수적인데, 특히 유도장치를 억지로 우겨 넣는다고 할만큼 ‘힘들여’ 소형화 개발하는데 성공했다.
길이 1.9m, 무게 15㎏인 이 로켓은 발사 후에는 목표를 계속 추적할 필요가 없는 발사 후 망각형(Fire and foget) 방식이다. 2.75인치 유도로켓은 군용 5톤 트럭을 기반으로 개발된 발사체계에서 발사된다. 약 10m 높이로 세울 수 있는 표적탐지장비(타즈·TADS)와 운용인원들이 탑승하는 캐빈, 20여 발에 가까운 유도로켓을 품고 있는 포드(pod) 2개가 장착된 회전포탑(turret)으로 이뤄졌다.
1대의 발사체계를 운용하는데 필요한 인원은 3명이다. 표적탐지장비와 발사장비 운용자 각각 1명과 운전병이다. 탑재 차량에서뿐만 아니라 안전한 벙커 등에서 원격으로 로켓을 발사할 수 있다. 발사차량의 표적탐지장비가 접근하는 적의 표적정보를 획득하면, 유도로켓에 정보를 입력하고 목표물 인근까지 관성비행을 할 수 있도록 회전포탑의 각도와 고각을 조절한다.
발사된 유도로켓은 자체 적외선 탐색기로 정확히 적을 찾아 따라가며 정밀타격하게 된다. ""표적탐지부터 전개, 발사까지 소요되는 시간은 10~20초 남짓으로 적 공기부양정을 저지하기에 충분하다""고 ADD 관계관은 설명했다. 1개 표적뿐 아니라 5개 표적까지 공격이 가능하다. 다만, 사거리는 공개되지 않았다. 발사체계는 구성품이 모듈화 되어 있다. 현재 5톤 트럭 탑재형으로만 개발되고 있지만, 나중에 발사 플래폼이 바뀌어도 효율적으로 적용할 수 있다. 회전익 항공기(헬리콥터) 등 다양한 플랫폼에 탑재하는 방안도 고려 중이다.
실패 사례
연구개발에는 예외없이 실패가 뒤따른다. 이를 극복하는 것이 연구개발의 숙명이다. 2.75인치 유도로켓은 이날까지 4번의 운용시험평가에서 모두 성공했지만, 앞서 ADD가 자체적으로 실시하는 기술시험평가 등에서 실패한 사례가 있다.
먼저, 해상에 표적이 여럿이 있게 된 다표적 상황에서 탐색기가 표적을 잘못 잡았던 사례가 있었다. 이때 상황은 탐색기가 좌우측을 구별하기 어려웠을 것으로 인정될 만큼 표적간 거리 짧았다. 결과적으로 1척의 표적에 로켓 2발이 명중해버렸다. 2발의 유도로켓을 사격하는 시험에서 초탄이 표적에 명중해 불이 났었다. 그런데 이어 발사된 두번 째 유도로켓의 탐색기가 화염을 표적으로 포착해 재타격하는 일도 있었다.
강하고 높은 파도로 인해 영상 추적이 불가능한 경우도 있었다. 강한 항적의 영향으로 탐색기가 표적을 추적하는 성능이 저하된 것이다. 자동표적 탐지추적 소프트웨어, 주파수 영역의 표적 특징을 이용한 표적 추적기법 등 탐색기를 개선해 문제를 해결하고 성능을 향상시켰다.
해병대 ""운용성 탁월"" 찬사
현재(2015년) 진행 중인 운용시험평가(Operational Test & Evolution)는 2.75인치 유도로켓 발사체계의 수요군인 해병대가 동참하고 있다.
차량 탑재형 발사체계가 위치한 현장에는 다양한 계측 장비들이 시험평가 정보를 수집하기 위해 비치돼 있었다. 노란 우의 위로 풍선을 가득 붙힌 마네킹이 서있는 것도 이채로운 풍경.  로켓의 후폭풍 안전거리를 파악하기 위함이다.
ADD 관계자는 ""2.75인치 유도로켓의 후폭풍은 구룡 등 기존의 로켓무기에 대비해 굉장히 약해 안전한 편""이라고 언급했다.
이날 시험평가에서 발사절차를 진행한 해병대 부사관은 ""탁월한 소프트웨어를 통해 숙련된 실력이 없더라도 표적을 쉽게 명중시키는데 문제가 없었다""면서 ""북한 공기부양정의 침투를 저지할 성능이 굉장한 국산무기""라는 소감을 전했다.
2.75인치 유도로켓의 운용시험평가에서는 총 10발의 발사시험이 계획되어 있다. 지난달 22일까지 4발을 명중시켰다. 남아있는 6발의 시험평가에서도 만족스러운 결과가 도출되면 올 연말까지 개발을 완료하고 내년부터 본격적으로 전력화에 착수해 서북도서에 배치할 수 있을 전망이다.
● 북한 공기부양정은 얼마만큼 위협이 되는 걸까.
공기부양정은 기본적으로 고무보트 형태를 띠고 있다. 물속에서 배를 추진시키는 스크루가 없는 대신 배 위에 프로펠러를 설치, 환풍기처럼 바람을 일으켜 그 힘으로 이동한다. 수심에 관계없이 기동하며, 갯벌에서도 움직일 수 있다. 속도도 일반 함정에 비해 2배 정도 빠르다.
북한은 130여 척의 공기부양정을 보유하고 있다. 길이 21m로 최대속력 시속 74~96㎞인 ‘공방Ⅱ’(35톤급)와 길이 18m로 최대속력 시속 96㎞인 ‘공방Ⅲ’(20톤급)이 있다. 또 길이 약 34m의 공기부양 전투함(170톤급)도 운용하는데 앞뒤에 57mm 기관포 1문, 30mm 기관포 1문이 각각 장착돼 있다. 공기부양정은 서해에 70척, 동해에 60척을 배치하고 있는 것으로 알려져 있다. 서해안의 경우, 백령도에서 200여㎞ 떨어진 평안북도 철산반도에 주력기지가 위치해 있다. 2012년 초에는 백령도와 50여㎞ 떨어진 황해남도 용연군 고암포 일대에 공기부양정 70여 척을 수용할 수 있는 기지를 건설한 것으로 알려졌다.
■ 원문 출처
월간 '국방저널' 2015년"
https://kookbang.dema.mil.kr/newsWeb/20191203/1/ATCE_CTGR_0080020004/view.do,firepower,M270 대구경 다연장로켓 MLRS,,"M270/M270A1 다연장로켓발사시스템
M270/M270A1  Multiple Launch  Rocket  System
1991년 걸프전에서 ‘강철 비(Steel rain·鐵雨)’로 널리 알려진 광역 제압용 다연장로켓이다. 직경 227mm 로켓 1기에 400~600발에 이르는 대인 자탄을 포함하며, 1대의 MLRS 포드에 12기를 탑재한다. 60초 이내에 6개 표적까지 12기 로켓을 모두 발사 할 수 있다.
MLRS 자체에 달린 크레인을 사용해 3분 이내에 재장전이 가능하며, MGM-140 에이태킴스(Army Tactical Missile System 육군전술유도탄)를 함께 운용할 수 있다. 우리나라는 M270을 1998년에, M270A1을 2005년부터 배치했다.
전투중량 : 24,950kg
길이 : 6.86m
폭(너비) : 2.97m
높이 : 2.57m
엔진 출력 : 500마력
최고 속도 : 63.3km/h"
https://kookbang.dema.mil.kr/newsWeb/20190902/1/ATCE_CTGR_0080020003/view.do,firepower,KM114 81mm 박격포-II,,"KM114 81mm 박격포 체계
KM114 81mm Mortar System
KM114 81mm 박격포체계는 사격제원 산출의 디지털화, 이동수단의 차량화, 경량화 등 첨단화 특징을 갖춘 보병대대 주력 지원 화기이다.
영상 = 방위사업청
구분 : 화력 > 박격포 > 81mm 박격포
개발·생산 : 2014. 12월 ~ 2019년 6월
현대 위아 (체계종합)
작전 배치 : 2021년 7월 ~
KM114는 미래 군 구조 개편에 따라 확장되는 대대급 이하 작전지역을 효과적으로 통제·운용할 수 있는 근접화력지원수단을 확보할 필요에 따라 방위사업청이 ‘81mm박격포-Ⅱ 사업’으로 추진했다. 2012년 10월 소요가 결정되고 2013년 선행연구 후
2014년 12월 현대위아(주)가 사업자로 선정되어 체계개발에 착수했다.
현대위아는 이후 연구개발을 통해
군의 작전운용성능(ROC)을 모두 충족하고 시험평가를 통과해 2019년 6월 규격화를 마치고 그해
8월 29일 창원 현대위아(주)에서 체계개발 종료행사를 가졌다. 2020년 방위사업청과 현대위아는 초도 양산 계약을 체결했으며 2021년
7월부터 전방 야전부대에 배치되기 시작했다. 방위사업청에 따르면, 2024년까지 대한민국 육군과 해병대에 배치할 예정이다.
KM114는 81mm박격포는 경량화·기동성·자동화가 특징이다. 한층 가벼워진 무게, 전용차량 이용에 따른 기동성 강화와 함께 관측에서 사격까지의 모든 과정을 디지털화하여 포격의 신속성과 정확도를 높이는 등 보병대대급의 주요 화력체계로서 임무수행 능력을 크게 향상시켰다.
무게는 기존 KM187 81mm 박격포 대비 20% 줄었다. 이는 운용 병사의 전투피로도와 부상 위험도가 훨씬 낮추며 작전지속성을 높이는 데 기여할 수 요소이다. 운용 인원은 문(門)당 기존 5명에서 4명으로 한 명이 줄어 병력 미래 군 구조개편에 따른 작전병력 감소에 대비할 수 있게 됐다. 또 기동성 측면에서 전용 운반차량을 통해 작전지역으로 신속하게 이동할 수 있어 효과적인 화력지원이 가능하다.
무엇보다도 군 최초로 디지털가늠자를 적용하는 등 박격포의 디지털화를 구현하고 있다는 점이 특징이다. 즉, 현용 박격포는 겨냥대와 겨냥틀을 활용해 사격 임무를 수동으로 수행하고 있으나 KM114는 레이저 및 위성위치정보시스템(GPS, Global positioning System) 기술을 활용해 정북을 지향하도록 설계된 디지털가늠자와 함께 관측 제원 입·출력기, 사격제원 계산기 등 사격 정보의 자동 산출·전송으로 기존의 수동 입력·전송과 비교할 때 포격의 신속성과 정확도를 크게 향상시킨 것이다.
■ 제원 및 성능
구경 : 81mm
총중량 : 42kg
포신길이 : 1,550mm
사거리 : 최대 (Max.) 6,325m
최소 (Min.) 75m
약실압력 : 13,500psi
최대 발사속도 : 30발/분/1.5분
지속 발사속도 : 10발/분/-
■ 추진 경과 <출처 : 방위사업청 홈페이지>
2012. 10. : 중기전환 소요결정
2013. 4. ~ 7. : 선행연구
2014. 12.  :  체계개발 계약
2019.  6.  :  규격화
2020.      : 최도 양산 계약
2021. 7.   : 초도 전력화 시작
최종 업데이트 : 2021. 07. 30."
https://kookbang.dema.mil.kr/newsWeb/20190819/1/ATCE_CTGR_0080020003/view.do,firepower,120mm 자주박격포,,"120mm self-propelled mortar
120mm 자주박격포는 자동화된 구경 120mm 박격포를 K200A1 장갑차(APC)에 탑재해 현용 박격포에 비해 포탄의 사거리와 위력을 획기적으로 증대시킨 무기체계이다.
120mm 자주박격포는 강선식 포열를 채택해 높은 정확성으로 정밀한 화력 지원이 가능하다. 또 반자동 장전 방식 및 자동화 사격통제장치를 적용해 빠른 응답성 확보하고 있다. 포탄을 최대 분당 8발, 최대 12km까지 투발할 수 있어 기존 KM30 4.2인치 박격포에 비해 사거리가 최대 2.3배, 화력이 1.9배 향상되었다.
또한 박격포가 탑재한 상태로 360도 회전할 수 있어 차량의 회전 없이도 목표 변경에 빠르게 대응할 수 있어 변화되는 작전환경에서 효과적인 화력지원이 가능하다.
이와 함께 자동화 사격지휘체계 구축에 따라 타 체계와 연동하여 실시간 임무를 수행할 수 있고, 유사시 개별 포마다 구축된 독자적인 지휘시스템으로도 화력지원을 지속할 수 있다.
특히 120mm 자주박격포는 기존 박격포 운용 인원의 75% 수준(중대기준 32명에서 24명)으로 운용이 가능해 미래 군 구조개편에 따른 운용인력 감소에도 대비할 수 있게 됐다.
■ 성능 및 제원
탑승 인원 : 4명(1+3)
최고속도 : 70km/h
최대사거리 : 12km
최대발사속도 : 8발/분
지속발사속도 : 3발/분
장애물통과 : 수직 0.64m, 참호 1.68m
120mm 자주박격포는 2014년 3월 제76회 방위사업추진위원회에서의 연구개발을 통한 사업 추진 승인에 이어 2달 뒤인 6월 24일 방위업청과 한화디펜스·S&T중공업이 공급계약을 체결하면서 본격적인 연구개발에 들어갔다.
시제 제작 후 시험평가를 통해 군의 요구조건을 충족시킨다는 결과를 얻었으며 이에 따라 2019년 6월 합동참모본부가 ‘전투용 적합’ 판정을 내렸다. 120mm 자주박격포 개발에는 약 413억 원의 연구개발 예산이 투입되었으며, 국산화율를 100%를 이뤄냈다.
■ 연구개발 경과
- 2013. 11. 27. 제72회 방위사업추진위원회 체계개발 기본계획 승인
- 2013. 12. 20. 120mm 자주박격포(차량체계·완성체계통합) 입찰 공고
- 2014. 03. 입찰 제안서 평가
- 2014. 03. 12. 제76회 방위사업추진위원회
체계개발 협상대상업체 / 우선순위 결정(안) 승인
- 2014. 05. 시제 업체 선정
- 2015. 05. 29. 사격지휘차량(120mm 자주박격포용) 체계개발 입찰공고
- 2019. 06. 27. 방위사업청 연구개발 완료 발표"
https://kookbang.dema.mil.kr/newsWeb/20190723/1/ATCE_CTGR_0080020004/view.do,firepower,K136 다련장로켓 구룡,,"■ 개발의 역사
야전포병의 화력 무기체계는 크게 화포와 로켓으로 나뉘고, 로켓은 단발형 로켓 외에 여러 개의 발사관을 상자형으로 나란히 묶어 운용하는 다연장로켓으로 구분된다. 다연장로켓은 최초 옛소련이 1941년 개발한 후 독일과의 전쟁에 카츄샤(Katyusha)라고 불리는 BM-13 다연장로켓을 출전시켜 독일군 진영을 와해시키면서 일약 유명한 무기체계로 떠올랐다.
이같은 다연장로켓은 야포보다 정확도가 떨어지는 단점이 있으나, 대량의 화력(로켓탄)을 빠른 속도로 목표에 집중할 수 있는 장점이 있어 적의 집결지, 경장갑 차량이나 물자, 인원 표적 등을 제압할 수 있는 지원화력으로 각광받았다.
과거 옛 소련과 동맹을 맺고 있던 공산 진영들은 대체로 소련의 무기체계 편성을 이어받았고, 다연장로켓 역시 그러했다. 북한도 예외는 아니어서 6.25전쟁 때 이미 다연장로켓(방사포)을 운용했을 뿐 아니라 1970년대 중후반에는 BM-21 122mm 방사포를 비롯한 다양한 구경의 대량 보유해 그 수가 무려 1만 4,000여 문에 이르는 것으로 알려졌다. 사거리 역시 20km에 달해, 15km 내외에 불과했던 당시 한국군 화포의 최대사거리를 상당히 앞서 있었다.
그와는 반대로, 한국군은 물론 미국을 비롯한 자유진영 국가는 어니스트 존(Honest John)과 같은 단연장 로켓을 운용하고는 있었지만 다연장로켓은 거의 보유하고 있지 않았다. 독일군이 소련군의 카츄사 다연장로켓에 호되게 당한 후 이를 응용, 연합군에게 사용했던 것과는 달리 미국은 베트남전쟁에서 소련이 제공한 북베트남군의 다연장로켓을 경험한 후에야 다연장로켓의 필요성을 느끼고 개발에 들어갔다.
한국군도 70년대 들어 북한이 대량 보유하고 있는 방사포에 대응하기 위해 사정거리가 길고 화력 집중력이 좋은 다련장로켓을 필요로 했다. 국방과학연구소는(ADD)는 1974년 미국의 115mm 45연장 로켓체계 자료를 조사하는 것으로 연구의 첫 발을 디뎠고, 군은 1977년 미국의 115mm를 모방해 40~45구경장, 구경 115~120mm, 최대사거리 15km의 다연장로켓을 개발해달라는 소요를 제기했다.
이에 따라 국방과학연구소는 연구개발 가능성을 검토후 최대사거리 20km, 탄두 중량 20kg에 30연장의 차량탑재형 다연장로켓 개발을 결정햇다. 마침 백곰 지대지 미사일 개발을 통해 획득한 추진제 제조 기술과 추진기관 기술을 이용해 추진기관을 설계 했고 4행 7열의 28연장의 차량탑재형 발사대를 독자설계해 시제를 제작했다. 그리고 1978년 9월 26일 1978년 9월 26일 대한민국 최초의 미사일인 ‘백곰’ 공개 시사에 맞춰 ‘황룡’ 로켓과 함께 첫 선을 보였으며 이어 10월 1일 국군의 날 행사장에도 그 모습을 보였다.
이때 구룡의 성능을 확인한 군은 최대사거리를 30㎞로 늘려 개발해 달라는 등의 요구를 해왔지만 이 경우 개발 기간이 늘어나는 까닭에 국방과학연구소는 시험탄의 설계변경을 통해 최대사거리 23㎞에 36연장 발사대를 갖춘 체계개발을 완료하고 1981년 야전 군단급 부대에 배치했다.
■ 특징1
한국군이 1970년대 각종 무기체계 개발에 나서면서 상당 부분 미국의 기술자료에 의존하고 또 ‘모방개발’을 통해 국산화를 이뤄나갔지만, 구룡은 불행(?)히도 그같은 이점을 누릴 수 없었다. 115mm 45연장 로켓체계에 대한 연구는 연구의 시발점이 되지만 내용상으로 보면 연구랄 것도 없이 단순히 자료조사에 불과했다.
당시 연구진에 따르면, 육군사관학교 내에 전시된, 6.25전쟁 때 북한이 운용했던 방사포를 한 번 보고, 독일에서 소련의 다연장로켓을 보고온 장교로부터 들은 이야기가 전부였다. 하지만 이 덕분에 구룡은 그 어느 무기체계보다도 창의적이고 도전적인 연구개발이 가능했고, 한국형 다연장로켓으로서의 특징을 갖게 됐다.
구룡의 특징은 로켓탄에 부착된 날개가 여느 로켓에서 쓰는, 원통형 탄체를 감싸듯이 휘어진 곡면형 날개(wrap aruoun fin)이 아니라 평판형 날개(flat fin)를 쓰고 있다는 점이다. 최초 개발 초기에는 곡면형 날개를 직접 제작해 비행시험도 했지만 당시 우리나라 산업기술 수준으로는 모든 날개를 정밀하고 동일하게 제작해내기 어려웠다. 이 때문에 결국 제작이 용이한 평판형 날개를 설계해 제작했는데, 비행이 상당히 안정적인 것으로 나타났다.
구룡은 탄의 회전도 독특하다는 점이 두 번째 특징이다. 로켓은 발사 후 안정적인 비행을 위해 회전하게 된다. 날개는 탄체가 접혀 있다가 발사 후 발사관을 나온 뒤 펼쳐지며 한 방향으로 회전하는 것이 일반적이다. 그런데 구룡 로켓은 한 방향으로만 계속 회전할 경우 초당 회전수가 30회를 넘어 비행 안정은 물론 정확도에 심각한 영향을 주는 것으로 나타났다.
이 문제를 해결하기 위해 구룡은 로켓 후미 노즐에서 회전을 조절할 수 있도록 하고, 로켓 발사 후 1.5초가 지나면 반대 방향으로 돌게 함으로써 회전수를 조절했다. 개발 경험이 일천한 나라에서 시도하기 어려운, 상식적인 궤도에서 벗어난 모험적이고 창의적인 도전이었지만 결과적으로 정확도 달성에 획기적인 결과를 얻었다.
■ 특성2
구룡은 길이 3.4m 짜리 발사관 36개를 가로 9행, 세로 4열로 배치, 제작한 발사대를 K714 5톤 카고트럭에 탑재, 운용하고 있다. 이 차량은 1970년대 전술용 5톤급 차량의 국산화표준 개발계획에 따라 국내 군용차량 전문제작회사로 지정된 아시아자동차(현 기아자동차)가 1976~78년에 미국의 AMG사(社)의 기술지원을 받아 미군의 M800계열의 차량을 모방해 개발한 K711카고트럭을 기본 베이스로 한 것이다. 6기통 디젤엔진을 탑재하고 있으며 67%의 등판 능력에 최대 시속 87km로 달릴 수 있다.
구룡의 로켓탄은 기본형(K30)과 개량형(K33) 등 2종류가 있다. 기본형은 일반 고폭탄두를 탑재하고 있으며 길이가 2.4m에 무게가 54kg로 사거리는 23km에 이른다. 대체로 차량 운전석에서 발사통제기로 발사하지만 차량 밖에서도 가능하다. 단발, 부분 일제사, 완전 일제사 등 3가지 모드로 발사할 수 있으며, 초탄 발사 후 로켓은 1발당 0.5초의 속도로 18초면 장전 로켓 전체를 쏠 수 있다.
이같은 기본형은 대체로 로켓탄을 목표지역에 집중시킴으로써 폭발 효과를 통해 병력이나 차량 위주의 표적을 제압한다는 고전적인 다연장로켓의 개념에 충실한 무기체계라고 할 수 있다. 하지만 이것은 1970년대까지의 추세였다. 80년대 들어서는 미국의 M270 227mm 대구경다연장로켓발사시스템(MLRS)이 보여주듯, 고기동, 장사정, 고위력화 되는 추세로 화력집중에 의한 대량 파괴를 도모했다.
이에 따라 구룡의 개량도 추진돼 ‘구룡Ⅱ’라고 할 수 있는 개량형이 1986년부터 야전부대에서 배치되기 시작했다. 개량형 로켓탄은 길이가 2.54m, 무게가 64kg으로서 추진제의 양(量)은 물론 밀도가 한층 높은 추진제가 사용되어 사거리가 기본형에 80%가량 증가된 36km에 이르게 되었다. 또 탄두도 1만 6,000개의 성형 파편으로 구성된 개량형 고폭탄두를 채택해 인원·경장갑 표적의 제압과 함께 적의 기동을 저지할 수 있는 능력까지 갖추게 되었다.
■ 운용 의의
구룡은 1981년 야전부대에 작전배치된 이래 35년이 넘는 현재까지 야전포병의 핵심 전력으로서 그 임무를 다해왔다. 이제 구룡은 ‘차기다련장 발사체계’로 개발, 배치되고 있는 천무에게 그 임무를 넘겨주고 있지만, 2010년 북한이 연평도 포격 도발을 일으킨 후 구룡이 대북 대응 무기체계로서 서해 5도에 배치되었음은 여전히 유용하고 신뢰할 수 있는 무기체계임을 증명해주고 있다.
이런 구룡은 그 어느 국내 개발 무기체계 보다도 순수한 국내 기술로 독자 개발한 모범적인 모델이라고 할 수 있다. 로켓탄의 날개나 회전의 예에서 보듯, 개발 당시 외부에 의존할 수 있는 자료가 없었고 여건도 불비했던 탓에 설계부터 제작, 시험평가 그리고 전력화 후 군수지원과 정비 등에 이르기까지 무기체계의 수명주기 전체에 걸쳐 국내 기술로 해결해야만 했다.
구룡이 세계적인 군사전문지인 『제인연감』(Jane‘s Armour and Artillery 1981~82)에 한국군 무기체계로서는 최초로 소개되었다는 점은 그만큼 구룡의 갖는 한국적 고유성을 인정받았다는 의미일 것이다.
■ 제원
발사관 : 36연장
발사관 길이 : 3.4m
로켓 직경 : 130mm
로켓 길이 : 2.4m(기본형) 2.54m(개량형)
로켓 중량 : 54kg(기본형) 64kg (개량형)
발사 속도 : 1발 0.5초
연속 발사 : 18초
최대사거리 : 23km(기본형) 36km (개량형)
발사차량 : 5톤 트럭"
https://kookbang.dema.mil.kr/newsWeb/20190702/1/ATCE_CTGR_0080020004/view.do,firepower,어네스트 존 MGR-1B,,"어네스트 존(Honest John)은 핵 공격 가능한 지대지 로켓으로 미국 최초의 전술 핵무기로 평가된다. 본래 XM31이라는 모델명으로 1950년에 개발에 착수해 1951년 6월 29일 첫 시험사격에 성공했다. 이에 따라 기본형(M31·MGR-1A)이 양산돼 1953년부터 미 육군에 전력화되기 시작해 1954년부터는 유럽에도 배치되었다.
1961년에는 체계중량과 로켓 길이를 줄인 개량형(M50·MGR-1B)이 배치되었다. 어네스트 존은 랜스미사일(MGM-52 Lance)의 개발 및 배치에 따라 1970년대 초반부터 교체 및 퇴역 또는 우방국에 이양하기 시작했으며 나토·유럽·미국 주방위군에서는 1982년까지 사용되었다.
대한민국에는 1958년 주한미군에 최초 배치돼 그해 5월 1일 이승만대통령 임석한 가운데 최초 실사격 시범이 공개되었다. 우리 육군은 1974년 미 군원으로 어네스트 존을 처음 도입했으며 1970년 말 이후 미국에게 염가로 구매(FMS)해 운용했지만 미국이 수리부속을 생산 중단함에 따라 장비 운용에 제한을 받았다.
어네스트 존은 자주형 발사대, 로켓, 저공풍측정기 등으로 구성되어 있다. 야전포병의 화력지원과 적지 고정표적 파괴용으로 운용됐다. 명중도는 야포와 비슷하지만 야전에서 기동성이 양호한 장점이 있었다. 로켓으로서 유도 능력이 없지만 핵탄두도 장착할 수 있어 1950~60년대에 한반도 전쟁 억지를 위한 중요한 무기로 간주됐다.
■ 성능 및 제원 (MGR-1B)
유도방식 : 자유로켓
고체 1단계 추진로켓 사용
핵 및 고폭탄 사용
후폭풍 범위 : 전방 300m, 후방 400m
최대사거리 : 33.8km
탄두 중량 : 680kg
탄두 직경 : 76. 2cm
로켓 길이 : 7.58m
중량 : 4.5톤"
https://kookbang.dema.mil.kr/newsWeb/20190410/2/ATCE_CTGR_0080020002/view.do,firepower,KM202A1 로켓발사기,,"KM202A1 로켓발사기
Multiple-barrel incendiary rocket launcher
화염방사기는 확실히 위력적이기는 하지만 휴대가 불편하고 사거리가 짧은 단점을 가지고 있어 베트남전을 통해 보다 먼 거리에서 더 안전하게 공격할 수 있는 대전차 무기의 등장을 계기로 그 위상이 밀리기 시작한다. 그래도 대전차 무기에서는 화염방사기가 보여준 지역제압이나 건물 등에서의 소이 효과 등을 기대할 수 없었다.
이에 따라 등장한 것이 휴대용 소이로켓무기(incendiary weapons 燒夷武器, 하단 용어해설 참조)이다. 베트남 전쟁 당시 시범 운용된 XM191 네이팜 로켓 발사기(rocket launcher)가 원조격인 모델이며, M202 견착식 소이무기(FLASH : FLame Assault SHoulder Weapon)로 발전하면서 M9A1-7 화염방사기를 대체했다.
미군은 최초 기존의 ‘배낭’ 스타일의 화염방사기를 대체하고, 보병이 원거리 생존 확률을 정밀 타격해 원거리 생존 확률을 높일 수 있는 무기로서 1960년대에 XML191을 개발해 베트남 전장에서 실험했다.
XML191은 마치 금속 용기처럼 보이는 긴 직사각형 모양을 하고 있으며 이 안에 로켓을 쏠 수 있는 발사관 4기가 들어 있다. 로켓은 M72 LAW의 66mm 로켓을 채택했는데 이 로켓에는 탄두 대신 인화 물질을 충진했다.
M202는 이와 유사한 모습이되 더욱 개선된 시스템인데다 네이팜보다 더 파괴적인 화학물질을 채워 넣어 위력을 배가시켰다. 표적에 따라 최대 750m까지 제압할 수 있으며, 폭발하면 약 20m 반경의 범위를 화염으로 뒤덮는다. 이 탄의 강한 열은 전차나 장갑차의 엔진 등에 영향을 줄 수 있으며 특히 차륜형 (장갑)차량의 타이어에는 치명적일 수 있다.
우리 군은 M202의 개량형인 M202A1을 기술도입으로 국내 생산한 KM202A1을 1980년대에 전력화했다.
■ 제원
구경 : 66mm 4연장
무게 : 12.07kg (로켓 6.85kg 포함)
길이 : 883mm
포구속도 : 114m/sec
유효사거리 : 점표적 200m, 지역표적 750m
■ 참고 및 관련 기사
‘화염방사기’, 홍희범의 보병무기이야기, 2008년 8월 21일자
‘휴대용 화염로켓’, 홍희범의 보병무기이야기, 2008년 8월 28일자
‘그리스 불’, 역사 속 신무기, 2007년 8월 27일자
‘맹화유괘’, 역사 속 신무기, 2008년 12월 8일자
■ 용어 해설
소이무기
(incendiary weapons 燒夷武器)
화염과 높은 열(3,000 ~ 4,500℃)을 내며 연소하는 물질(소이제)을 충전한 탄약. 목표물을 소각 파괴하기 위하여 사용하며 소이제의 주성분은 Mg, Al, MgAl합금이 주로 사용된다
소이탄
(Incendiary, Incendiary Bomb 燒夷彈)
(1) 항공기 및 지상화기에서 연소성 목표물을 점화하기 위한 탄약.
(2) 적의 인마, 가옥, 진지 등의 표적물을 소각 파괴할 목적으로 제조된 탄약.
(3) 높은 열을 내며 타는 약제를 장치한 폭탄.
(4) 소이제를 써서 목표물을 불살라 없애는 데 쓰는 포탄이나 폭탄.
출처 =『국방과학기술용어사전』 국방기술품질원, 2017."
https://kookbang.dema.mil.kr/newsWeb/20190410/1/ATCE_CTGR_0080020002/view.do,firepower,화염방사기,,"화염병이 화염과 높은 열을 이용해 적을 공격하는 원시적, 원조적 형태의 무기라고 한다면, 이를 인화성 액체에 불을 붙여 불기둥처럼 적에게 쏘아 공격하는 형태로 발전한 것이 화염방사기이다.
중세 유럽 때에는 목선(木船)을 공격하는 데 효과적이었으나 화포의 발달로 사라졌다가 20세기에 들어서 다시 전장에 등장했다.
1901년에 압축공기를 이용, 점화된 연료를 분출하는 근대적인 화염방사기가 등장했던 것.
독일군은 1911년 화염방사기를 고착화된 진지전에서 적 거점을 소탕하는 데 활용했으며 일부 전차를 공격할 때도 운용했다. 제2차 세계대전 때에도 화염방사기는 유용했다. 미군은 동굴진지에 숨은 일본군을 소탕하는 데 사용해 효과를 보았다. 다만 휴대가 불편하고 사거리가 지나치게 짧다는 단점이 지적되었다. 그래서 베트남전에서 화염방사기는 하천 순찰정이나 장갑차, 전차 등에 탑재돼 운용되었다.
제2차 세계대전에서 미국은 M2화염방사기를 개발·운용했으며 6·25전쟁 때는 M2A1-2로 개량한 모델을, 베트남 전쟁에서는 이를 개량한 M2A1-7모델을 운용하다 더 가볍고 더 쉽게 사용할 수 있는 M9A1-7을 사용한 후 1970년대 들어 소이로켓탄을 이용하는 M202 견착식 소이로켓발사기로 대체되었다.
■ 참고 및 관련 기사
‘화염방사기’, 홍희범의 보병무기이야기, 2008년 8월 21일자
‘휴대용 화염로켓’, 홍희범의 보병무기이야기, 2008년 8월 28일자
‘그리스 불’, 역사 속 신무기, 2007년 8월 27일자
‘맹화유괘’, 역사 속 신무기, 2008년 12월 8일자"
https://kookbang.dema.mil.kr/newsWeb/20181218/1/ATCE_CTGR_0080020002/view.do,firepower,스파이크,,"2010년 북한의 연평도 포격 도발 이후, 우리군 북한군의 해안포와 갱도화된 동굴진지를 타격 응징하기 위해 도입된 유도무기이다.
합동참모본부는 우리 군이 스파이크를 도입해 이를 서북도서에 배치한 사실을 2013년 5월에 공식적으로 밝혔다.
앞서
군은 스파이크 도입을 추진하면서 2012년 10월부터 2013년 3월까지 총 4회의 이스라엘 현지 시험사격을 했다. 특히
3월 시험 사격에서는 발사한 미사일이 모두 표적에 정확히 명중했다.
합참은
2013년 11월 22일 연평도 포격도발 3주기를 하루 앞두고 실사격 훈련 장면을 최초로 대외적으로 공개했다. 영상으로 공개된 스파이크 미사일은 20여㎞ 떨어진 해상표적을 정확하게 명중시켰다.
스파이크는 이스라엘 라파엘 사(社)가 개발했다.
보병휴대용 소형 버전부터 시작해 크기와 유도방식을 바꿔가며 최종적으로는 사거리 8km의 헬기 및 차량 탑재용 스파이크-ER버전까지 나와 있다.
입력한 좌표를 향해 날아가는 것뿐만 아니라, 미사일이 실시간 무선 전송하는 영상을 보며 미세 조종이 가능해 소형 목표물에 대한 초정밀 타격이 가능하다.
스파이크 유도무기는 이동식 발사 차량과 함께 도입돼 유사시 신속한 대응은 물론 생존성도 높였다.
스파이크는 이스라엘이 수출에 적극적이어서 독일·이탈리아·네덜란드 등 나토 국가들에 대한 수출이 활발하다."
https://kookbang.dema.mil.kr/newsWeb/20181207/1/ATCE_CTGR_0080020004/view.do,firepower,K55 자주포,,"M109A2를 국내생산해 1000여 대 작전배치
과거 포를 말이 끌던 시대가 있었다. 이 시기에 포수는 대부분 걸어야 했지만, ‘기마포병’은 사람도 말이나 마차를 타고 기동했다. 말이 견인하던 것을 차량이 견인하고, 이것이 다시 세계대전 중 무한궤도를 장착해 동력장치만으로 움직이는 자주포로 발전했다.
오늘날 자주포는 이 기마포병의 전통을 따른 것이라고 하는데, 자주포가 보통 견인포보다 몇 배가 비싼 장비임에도 군에서 견인포보다 선호하는 이유가 있다.
기계화부대와 이동이 가능하며 견인포로는 갈 수 없는 장소에 전개할 수 있고, 또 장갑 덕분에 적 포병의 화력에 대해 생존성이 높다는 점 때문이다.
특히 포 설치가 신속하며 사격 후 진지 이탈이 빠르다. 물론 궤도 차량이므로 상대적으로 고장 나기 쉽고 적 화력에 노출되기 쉽다는 것이 단점으로 꼽힌다.
자주포는 구경 105mm, 175mm, 8인치의 포를 탑재한 것도 있지만 대부분 155mm의 구경을 가졌다. 대표적인 것으로는 전 세계적으로 1만여 대가 생산돼 배치된 미군의 M109계열 자주포가 있다.
1963년 실전 배치된 이 자주포는 그동안 수차에 걸쳐 개량을 거듭, ‘팔라딘’으로 불리는 M109A6으로까지 발전했으나 가장 많이 운용되는 형은 1978년부터 39구경장의 M178포를 장착, 생산된 M109A2다.
우리 군에서 K-55로 불리는 155mm 자주포가 바로 이 M109A2를 기본으로 하고 있다.
삼성테크윈이 1985년부터 미국에서 기술을 도입, 면허생산해 전력화했다. 본래 무기체계 작명 방법에 따라 KM109A2로 불려야 하지만 삼성테크윈이 당시 공장에서 익명으로 부르던 ‘K-55’가 야전에 그대로 전파돼 현재의 이름으로 굳어졌다. 이때 함께 개발이 진행되었던 탄약운반장갑차를 K-66, 사격지휘장갑차를 K-77이라고 불렀다.
K55는 26.5톤의 전투중량에 전장 9.12m, 전폭 3.15m, 전고 3.18m의 제원을 지녔다. 최대 사거리는 24km. 차장·포수·조종수 등 6명의 승무원이 탑승하며 알루미늄 합금의 용접구조로 방호력이 우수하다.
M109A2와 비교할 때 화생방방호시스템을 추가하고 할론 소화기를 장착하는 등 10여 가지의 개선·개량 부분이 있지만 전체적인 성능은 유사하다.
한편, K55는 1997년까지 4차 사업에 걸쳐 약 1,000여 대가 생산 배치되었다. 하지만 우리 군은 2000년대 들어 K9자주포의 작전배치가 본격화되면서 K55 자주포의 성능향상 필요성이 제기됨에 따라, K9의 기술을 접목시켜 성능을 대폭 향상시킨 K55성능개량형, 즉 K55A1을 개발해 2011년에 육군1포병여단부터 작전배치했다.
■ 제원
총 중량 : 26.5톤
전장 : 9.12m
전폭 : 3.15m
전고 : 3.28m
사거리 : HB 18km
RAP 24km
발사속도 : 1~4발
무장 : 39구경장 155mm 포
12.7mm 기관총
승무원 : 6명
■ 참고 기사
국방일보 기획 ‘Old & New’ 2008년 11월
국방일보 기획 ‘무기의 일생’ 2005년 2월
국방일보 기획 ‘철모에서 미사일까지’ - K9자주포, 2002년"
https://kookbang.dema.mil.kr/newsWeb/20181211/1/ATCE_CTGR_0080020004/view.do,firepower,K55A1 자주포,,"K55의 성능개량형...K9에 버금가는 성능 갖춰
K55A1 155mm 자주포는 K55 자주포 성능개량형이다.
미국제 M109A2의 기술 도입으로 국내 생산된 K55 자주포는 삼성테크윈(현 한화지상방산)에서 1985년부터 양산을 시작해 1997년까지 4차 생산을 거치면서 1000여 대가 육군에 배치됐다.
하지만 2000년대 들어 K9 155mm 자주포의 본격적인 전력화에 따라 이에 발맞춰 종심 깊은 화력전투 등 변화된 전장환경에 부합할 수 있도록 성능개량사업이 추진됐다.
K55A1은 2011년 초 육군1포병여단 예하 포병대대부터 전력화되어 그해 5월 24일 첫 실사격을 가졌다.
K55A1은 K55에 비해 최대사거리가 23.5㎞에서 32㎞로 8.5㎞가 늘어났다. 포탄도 로켓추진 고폭탄(RAP탄)에서 K9 자주포와 같은 항력감소 고폭탄(HE-BB탄)으로 바뀌어 운용된다.
1분당 2~3발 발사하던 속도 또한 1분당 4발로 높아졌다. 초탄 발사에 2~11분이 소요되던 것이 정지상태에선 45초, 기동 중에는 75초밖에 걸리지 않는다.
자주포의 ‘두뇌’에 해당하는 사격통제장치와 위치확인장치도 첨단 자동화됐다. 위치확인장치는 관성항법(INS)과 인공위성위치확인(GPS) 방식이 결합했다.
목표물을 타격하는 거리와 각도, 바람세기뿐 아니라 목표물의 위치도 자동으로 계산된다.
사격통제장치와 위치확인장치가 자동화되면서 K9 자주포에 버금가는 성능을 갖추게 됐다. 기존 K55는 두 장치 모두 수동식이다."
https://kookbang.dema.mil.kr/newsWeb/20181207/2/ATCE_CTGR_0080020004/view.do,firepower,KH179 155mm 곡사포,,"30km 사거리에 CH-47 헬기 공수 및 C-130 수송기 적재 가능
국산 무기체계가 대부분 그러하듯, 국산 화포가 등장한 것은 국방과학연구소(ADD)를 창설한 후였다. 1971년부터 추진된 ‘번개사업’에 의해 개발한 60㎜ 박격포(M19), 81㎜ 박격포(M29)가 시초를 이루며 4.2인치 박격포 ·105㎜ 견인곡사포가 그 뒤를 잇는다.
물론 견본 장비를 획득한 후 이를 역설계하거나 장비의 기술자료(TDP)를 미국으로부터 도입, 한국화해 방산업체가 생산하는 전형적인 모방 개발 방식에 의한 것이었다.
그렇다 하더라도 국과연은 이때 미국 무기체계의 도면을 소화해 설계 ·제작할 수 있는 연구인력 ·기술력 ·개발 경험, 그리고 ‘독자적으로 무기체계를 개발할 수 있다’는 자신감을 쌓을 수 있었다.
1970년대에 우리 군은 북한에 비해 현저히 열세에 놓여 있던 포병 능력을 보강하고자 사거리 20~30㎞ 급의 화포를 갈망하고 있었다.
이를 위해 육군과 국방과학연구소는 독일의 155㎜ 곡사포 도면을 도입해 업그레이드하자는 의견 등 다양한 방안을 강구하고 있었다.
육군은 1978년 3월 미국 M114A1 155㎜ 곡사포의 성능개선하는 사업을 제기해왔다. 이는 그해 12월 한·미 공동 개발을 전제로 한 개발 과제로 확정됐지만 1979년 6월 미국의 제안을 접수, 검토한 국방과학연구소 등 국내 기술진은 이 공동 개발안을 거부했다.
당시 240만 달러라는 기술료가 지나치게 많았고 개발에 따른 전반적인 책임을 회피하고 있었다는 점이 지적됐다. 무엇보다 미국은 시제 제작과 시험평가를 미국 내에서 해야 한다는 요구를 해왔는데 받아들이기 어려운 것이었다. 훗날 지적소유권에 대한 분쟁도 우려되었기 때문이다.
육군의 155mm 곡사포를 획득하고자 하는 사업은 그 방향이 완전히 바뀌었다. 개발기간 연장과 함께 국내 독자 개발로 그 수행 방법이 변경됐다.
이것이 155㎜ KH179가 태어나게 된 배경이다. 

물론 독자 개발에 따른 어려움이 없을 수 없다. 당시의 사실을 말하자면, 국내 기술 수준은 이제 막 화포의 설계 개념을 이해한 정도였다.
한번도 독자적으로 화포를 설계·제작해 본 경험이 없었다는 것이 부담이었다. 특히 사격시 발생하는 각종 압력과 가속도 등 설계 변수를 어떻게 결정하고, 제작 후에는 어떤 시험평가 방법을 통해 성능·신뢰성을 입증하느냐가 문제였다.
그럼에도 국내 개발이라는 어려운 난제에 도전하였고, 그 의지는 화포의 이름에 담겨 있다. KH178에서 살펴보았듯, KH179에서  K는 ‘Korean’, H는 ‘Howitzer’, 1은 최초, 79은 개발 시작 연도를 각각 뜻한다.
즉 ‘1978년에 독자 개발에 착수한 대한민국 최초의 155㎜ 곡사포’라는 뜻을 가지고 있는데 이것은 미국의 공동개발 제의를 거부하고 독자적인 기술개발에 반드시 성공하겠다는 의지의 표현이기도 한 것이다.
KH179는 개발 과정에서 많은 어려움을 겪었으나 1982년에 개발을 완료되었다. 1984년부터 육군의 야전포병에 작전배치가 본격화되면서 M114 자리를 대체하기 시작했다.
KH179는 미국의 M114 곡사포의 포신 길이를 두 배 가까이 긴 38구경장 포신으로 교체한 것이 가장 큰 특징이다. M114의 포신 길이는 3.62m지만 KH179는 7.08m(전장 10.3m)에 달한다.
일반적으로 동일 구경에서는 포신 길이가 길수록 정확도가 높아지고 사거리가 늘어난다. 실제로 M114의 경우 일반 탄을 사용할 경우 사거리가 14.6㎞ 수준이지만 KH179는 20~22㎞에 달한다. KH179에서 사거리 연장탄(RAP)을 사용할 경우 30㎞에 달하는 사거리에 도달할 수 있다.
또 포신의 길이가 길어졌음에도 경량화에 많은 노력을 기울여 총중량 6855㎏선을 유지, CH-47 헬기로 공수가 가능하고 C-130 수송기에 적재도 할 수 있다.
이처럼 KH-179는 사거리 등 성능 면에서 영국·독일·이탈리아의 FH70, 스웨덴의 FH77 등 사거리 30㎞의 155㎜ 곡사포와 동등한 수준이었을 뿐 아니라 당시 미국의 신형 견인포인 M198에도 뒤지지 않는 고성능 곡사포로 평가받았다. 전력화 시기는 이들 선진국보다 다소 늦지만 견인포와 관련한 기술은 어깨를 나란히 하게 된 것이다.
야전 작전배치 후 성능시비도 없지 않았다.
1984 봄, 발사시험 중 포구 쪽의 제퇴기가 세 번 연속으로 부분 파손된 적이 있는데 이 일이 ""KH179의 포신이 깨졌다""로 확대돼 삽시간에 번져나갔고, 급기야 당시 윤성민 국방부장관에게도 보고됐다. 여기에 KH179에 대한 미국측의 견제까지 곁들여졌다.
미8군 지휘부 측에도 KH179의 성능을 의심할 만한 증거가 있다고 거든 것이다. 더욱이 그들은 KH179가 헬기에 의한 공중수송이 불가능할 것이라는 주장과 함께 자신들의 주력화포인 M198의 기술을 도용해 제작했다며 우리 군에 문제를 제기하고 나섰다.
‘포신 파손’으로 번진 문제는 사실 대단한 것이 아니라 단지 포탄과 포신 사이에 인터페이스 상의 문제로서 기술적으로 간단히 해결되는 사항이었지만 논란은 쉽게 가라앉지 않고 심각성을 더해갔다. 마침내 상급기관으로부터 KH179의 안정성과 운용성 등을 증명하라는 특명이 떨어졌다.
이에 따라 KH179 6문으로 포탄을 무려 230발 이상이나 쏘는 가혹 시험이 진행됐다. CH-47 시누크기 12대가 병력 및 탄약을 실은 가운데 KH179를 6문씩 매달아 작전지역으로 수송하는 공중기동 테스트도 수행했다.
이같은 검증은 KH179와 국방과학연구소의 연구개발 능력에 대한 야전포병의 신뢰를 높이는 계기가 되어 훗날 K9 자주포 개발에 있어서도 포병의 전폭적인 지지를 이끌어 낼 수 있었다.
■ 제원
총 중량 : 6,855kg
전장 : 10.3m
포신 길이 : 7.08m
사거리 : HB 22km
          RAP 30km
발사속도 : 최대 4발  지속 2발
■ 참고 기사
국방일보 기획 ‘Old & New’ 2008년 10월 22일자
국방일보 기획 ‘무기의 일생’ 2005년 1월 29일자
국방일보 기획 ‘철모에서 미사일까지’ - K9자주포, 2002년"
https://kookbang.dema.mil.kr/newsWeb/20181206/1/ATCE_CTGR_0080020001/view.do,firepower,K4 고속 유탄기관총,,"밀집 공격해오는 적에게 일시에 큰 화력을 퍼부어
K4 40mm Grenade Launcher
보병은 오래전부터 수류탄(grenades)을 지니고 다녔다. 수류탄은 가장 유용한 보병 화력이었다. 하지만 수류탄은 전투원이 자신의 근육의 힘으로 던져야 하므로 투척거리가 한정될 수밖에 없다.
소련의 AGS-17유탄발사기는 이런 수류탄의 단점을 극복하기 위해 개발한 것으로, 인마살상탄·대장갑탄·발광탄 등 3종의 총류탄을 자동으로 발사할 수 있었다. 이 발사기는 무겁기는 하지만 800m 밖으로 분당 100발의 유탄을 발사할 수 있는 능력을 가지고 있다.
미국도 비슷한 시기에 Mk19 40mm 유탄 발사기를 개발했다. 두 무기는 모두 다 너무 무거워 차량이 아니면 이동할 수 없는 단점을 가지고 있었지만 베트남전에서 보여준 미군의 Mk19의 성능은 너무도 강력한 것이었다.
■ 개발역사
Mk19와는 부품 호환이 불가능한 '독자 개량 개발'
우리 군은 수류탄의 투척 거리 한계를 극복하고 고속으로 총류탄 특히 산악과 하천 협곡을 이뤄진 한반도의 전장환경에서 밀집 공격해오는 적에게 일시에 큰 화력을 퍼부을 수 있는 무기체계를 필요로 했다. 마침 육군은 Mk19 같은 무기체계가 필요하다는 소요를 제기했다.
이에 국방과학연구소는 베트남 전쟁 당시 사용됐던 Mk19 Mod0의 신뢰성과 안전성을 개선한 Mk19 Mod1의 샘플과 도면을 참고해 1985년부터 독자 개량 개발에 착수했다. 1987년 선행개발이 종료됐으며, 1990년 전투장비로 채택되고 1992년 초도양산이 이뤄졌다.
무기체계를 그대로 베껴서 만들면 문제가 발생했을 때 해결이 불가능하다. 동적 해석을 통한 재설계로 같지만 다른, 유사한 무기체계를 만들어야 한다.
K4는 Mk19 Mod1을 참고했으나, 최종적으로 Mk19 Mod3와 유사한 성능을 갖추게 됐다. 또 구조를 모방한 설계이지, 완전 복제가 아니므로 Mk19와 K4 간에는 부품 호환이 되지 않는다. 더불어 특허문제나 저작권료 문제도 없으므로 수출도 가능하다.
■특징
강력하고 고장 없는 총기
K4 고속유탄기관총은 적을 제압하기에 개인화기나 기관총으로는 약간 부족하다는 느낌이 들지만, 박격포로 대응하기엔 좀 과하다 싶을 때 요긴하게 쓸 수 있는 무기체계다. 사거리와 위력 모두 기관총과 61㎜ 박격포 사이의 구간을 책임지기에 적격이다.
탄약은 K212 이중목적 고폭탄과 KM383 고폭탄, KM385 연습탄, K222 신형연습탄 등 4종류가 있다. K212 이중목적 고폭탄의 경우 2000m 거리에서 5㎝ 두께의 철판을 관통할 수 있어 적 장갑차를 파괴하고 기계화보병 세력을 제압하는 데 쓸 수 있다. 이와 함께 KM383 고폭탄은 통상적인 대인표적에 사용 된다.
연습탄의 경우 기존의 KM385가 원거리 표적 탄착 시 식별이 어렵다는 지적에 따라 폭음과 연막, 섬광이 발생해 탄착 확인이 수월함은 물론 실전적 감각까지 높여주는 신형 K222 연습탄이 개발됐으나, 실탄에 버금가는 가격으로 인해 많이 쓰이지 못하고 있다.
또 같은 유탄이라고 생각하기 쉽지만, K2 소총에 장착하는 K201 유탄발사기와는 탄약이 다르다.
K4 탄약과 K201 탄약의 구경은 모두 40㎜지만 길이가 각각 53㎜, 46㎜로 차이가 있다. 유탄을 연발로 발사하는 에너지와 사거리를 확보하기 위해 K4 탄약 쪽이 더 큰 것. 이에 따라 K4의 유효사거리는 1500m, 총구속도는 241m/s이며, K201의 경우는 유효사거리 350m, 총구속도 76m/s다.
K4의 사격자세는 기본적으로 ‘앉아쏴’이며, 차량 거치 시 ‘서서쏴’를 하게 된다. 앉아서 쏠 때도 고정표적에는 ‘무릎을 세운 앉아쏴’, 좌우 이동표적에는 양반다리가 연상되는 ‘다리를 교차한 앉아쏴’ 또는 ‘다리를 편 앉아쏴’를 한다. 상하 이동표적에는 무릎쏴로 대응한다.
기본적으로 K4는 직사화기지만 M1A1 상한의를 활용해 박격포처럼 언덕 등 장애물 뒤쪽의 보이지 않는 표적을 타격할 수도 있다. 또 PVS-05K 주야 조준경을 장착하면 야간전투에도 강력한 위력을 발휘할 수 있다.
K4는 이미 서방세계에서 대안이 없다시피 한 베스트셀러 Mk19와 유사한 구조를 갖고 있기 때문에 작동불량 등의 문제도 크게 발생하지 않고 있다. 특히 제작사인 S&T 모티브가 양산 초기에 송탄 관련 문제를 일으킬 수 있는 부품들을 보완하면서 야전에서의 신뢰도도 상당히 높은 편이다.
■ 기사 원문
국방일보 기획 ‘국군무기도감’ 김철환 기자, 2018년 2월 2일자
■ PDF 파일로 읽기
☞
초당 6발 목표물 초토화
☞
장갑차도 탑재한다 막강화력 거침없네
■ 제원
구경 : 40mm
작동방식 : 조기점화 충격식
전장 : 1094mm
총열장 : 412mm
무게 : 총기 34.4kg
장치대 32.5kg
24발 탄통 18kg
강선 : 18조 우선 48inch/1회전
발사속도 : 325 ~ 378 발/분
총구속도 : 241m/s
유효/최대사거리 : 1500m/2200m
사격모드/송탄방식 : 연발/벨트송탄식(24발, 48발)"
https://kookbang.dema.mil.kr/newsWeb/20181204/2/ATCE_CTGR_0080020001/view.do,firepower,K14 저격소총,,"대한민국 국군 소화기의 화룡점정(畵龍點睛)
K14 Sniper Rifle
▶ 소음기가 장착된 상태의 K14 저격용 소총
■ 역사
저격용 소총은 특별한 목적을 수행하기 위해 최상의 성능이 요구되기 때문에 총기 제작사 입장에서도 높은 기술 수준을 갖춰야만 개발·제작이 가능하다. 그런 면에서 K14 저격용 소총은 대한민국 국군 소화기의 ‘화룡점정(畵龍點睛)‘이라 할 수 있다.
소화기 전문 개발생산 업체인 S&T모티브는 2010년대에 접어들면서 우리 군이 운용 중인 외산 저격용 소총들이 노후화되고 있다는 판단에  자체적으로 국산 저격용 소총 개발에 착수했다.
‘현용 총기의 단점을 보완한 국산 저격용 소총’을 목표로 해병대와 육군의 저격용 소총 운용 인원들과의 인터뷰, 해외 방산전시회 참석을 통한 세계적 트렌드 확인을 통해 기본적인 콘셉트를 잡아나갔다. 이어 해병대에서 도태된 지그 SSG3000 저격용 소총을 분해 해볼 수 있는 기회를 얻어 볼트액션 저격용 소총의 구조와 특성을 파악했다.
K14 저격용 소총은 2012년 개발이 완료된 이후 이뤄진 성능입증 시험평가에서 1.27㎝ 표적을 정확히 명중시켜 해외의 유명 저격소총과 비교해도 손색없는 성능을 보여준 바 있다.
2013년 연말부터 전력화가 이뤄졌으며, 2017년 수입에 의존하던 주간 조준경과 탄약에 대한 국내 개발이 완료돼 전체 체계에 대한 100% 국산화를 달성했다.
수출도 성공적이다. 우리 군에 납품한 수량보다 더 많은 양이 해외로 수출됐다. 저격총으로써의 탄탄한 기본 성능과 부품 생산부터 조립 완성까지 전담하는 S&T 모티브의 높은 수급 신뢰도가 바탕이 됐다.
■ 특징
저격용 소총의 미덕은 정확한 명중률에 있다. 이를 달성하기 위해서는 정밀한 총기와 조준경, 전용 탄약이 삼위일체를 이뤄야 한다.
K14 저격용 소총 역시 명중률의 세계적 기준인 1MOA(Minute of angle)를 기본적으로 만족한다. 1MOA는 100야드(91.4m)에서 1인치(2.54cm) 지름의 표적을 명중시킬 수 있다는 걸 의미한다.
K14 저격용 소총도 명중률의 핵심인 총열의 정밀도를 높이기 위해 내마모성과 내열성 등을 높이는 공정을 추가했다. 또 총열이 고정되는 부분 외에는 총기의 어느 부위에도 닿지 않는 프리플로팅(Free floating) 방식도 성공적으로 구현했다.
총열에는 6개의 홈이 있어 열을 발산하도록 했으며, 소염기는 운용자의 위치가 쉽게 발각되지 않도록 화염을 최소화하는 형태로 디자인 됐다.
작동 방식은 한 발 사격한 뒤 장전 손잡이를 조작해 탄피의 추출과 재장전을 해줘야 하는 ‘볼트액션’을 채용했다. 볼트액션 방식 자체의 구조가 단순하지만 무게 감소와 신뢰성 향상을 위해서 부품 개수 하나하나까지 신경을 썼다.
또 운용자의 몸에 직접 닿는 하부 총몸은 폴리머 등 금속이 아닌 부품을 대거 채용해 중량도 낮추고, 반동을 흡수하는 내충격성도 높였으며 겨울철 운용 시 냉기를 막을 수 있게 했다. 
방아쇠 압력도 일반 소총에 비해 굉장히 낮게 조정돼 있다.
이는 방아쇠 압력이 높으면 격발 시에도 조준이 틀어질 수 있기 때문에 저격용 소총은 기본적으로 갖춰야 하는 미덕이다. K14의 방아쇠 압력은 조절이 가능하지만, 특수전부대 등 전문부대가 아닌 일반 육군 보병부대에는 1.3~2kg로 조절해 출고한 뒤 재조정을 권하지 않는다.
K14 저격용 소총 명중률의 비밀 중 하나는 특별한 탄약이다. 구경은 K12 기관총이나 M60 기관총이 사용하는 7.62mm로 같지만, 정밀한 사격을 위해 완전히 별도로 제작된 탄약을 사용한다.
K14 전력화 초기에는 스위스 루왁(RUAG)사의 .308 WIN 탄을 전량 수입해서 사용했지만 현재는 풍산금속에서 국산화한 탄약이 보급되고 있다.
K14를 위한 저격용 탄약은 탄두의 표면가공이 굉장히 매끄럽게 돼있어 사격 후 탄두를 감싼 동(銅)이 열에 의해 총강에 남는 동피가 거의 발생하지 않는다. 또 탄두 끝에 작은 구멍이 있어서 공기저항을 잘 잡으며 안정적인 비행을 할 수 있으며, 탄두 옆면으로 왁스가 둘러져 있어 사격 시 총열 안의 밀폐도를 높이고 부드럽게 밀려 나가게 돕는다.
저격총을 구성하는 또 하나의 핵심 요소인 조준경은 독일제 ‘슈미트 앤 벤더(SCHMIDT & BENDER)’의 3~12배율 주간조준경을 전량 수입했으나, 정비성이 떨어지고 수리부속 확보 측면에서 애로가 있어 이 역시 탄약 국산화와 동시에 국내 업체 ‘포커스 옵텍’이 동일 규격의 제품을 생산하게 됐다.
■ 제원
구경 : 7.62 × 51mm (.308 Win)
작동방식 : 볼트액션
길이 : 전장 1150mm
       총열장 610mm
무게 : 7kg (주간조준경, 탄창 포함)
유효사거리 : 800m
정확도 : 1.0 MOA @ 300m
조준경 배율 : 3~12X
탄창용량 : 10발 탄창
■ 기사원문
국방일보 ‘국군무기도감’ 김철환 기자, 2018년 7월 6일자
■ PDF파일로 읽기
☞
ONE SHOT ONE KILL
탄탄한 기본기, 명중률 높이다
☞
은밀하게 침투하여 정확하게 저격한다"
https://kookbang.dema.mil.kr/newsWeb/20181204/3/ATCE_CTGR_0080020001/view.do,firepower,K12 7.62mm 기관총,,"KUH-1 수리온 헬기 탑재용 기관총으로 최초 개발
K-12 7.62mm Machine Gun
K12
기관총은 KUH-1 수리온 헬기의 국내 개발 및 작전배치에 따라 이에 탑재하는 7.62㎜ 기관총으로서 2009년 개발이 시작돼 2010년 완성됐다.
수리온의 초기 작전요구성능(ROC)에는 S&T모티브가 기술도입 면허생산으로 1981년 초도양산 한 바 있는 전차·헬기용 기관총 M60D를 탑재하는 것으로 가닥이 잡히고 있었다.
하지만 육군항공 쪽에서는 구조와 설계가 오래된 M60계열 기관총보다, 미군이 M60을 밀어내고 도입·운용 중인 벨기에 FN사의 M240 기관총을 해외 구매하기를 원했다. 
이때 방위사업청과 한국항공우주산업(KAI)의 수리온 사업 관계자들이 국산화의 의지를 갖고, S&T모티브에 국내 개발을 권한 것이 K12의 시발점이 됐다.
S&T모티브의 박문선 특수사업본부장은 ""당시 우리에겐 새로운 7.62㎜ 기관총에 대한 도면도 없었는데, 수리부속의 원활한 보급과 가격 경쟁력이라는 국산화의 이점을 보고 도와준 관계기관 덕분에 K12가 탄생할 수 있었다""고 회고했다.
기회가 오자 S&T모티브는 탄띠형 기관총인 K3의 설계 경험과 7.62㎜ 탄약을 사용하는 M60 기관총 총기·수리부속의 면허생산으로 축적한 기술력에 M240 등 세계 유수의 7.62㎜ 기관총의 장점들을 분석한 내용을 접목해 단 2년 만에 K12를 만들어 내는 데 성공했다.
K12 기관총은 M60이 M240에 밀려난 핵심 요인인 ‘신뢰성’을 확보하는 데 주안점을 두고 개발됐다. S&T모티브는 개발 중 5만 발의 총기 신뢰도 시험을 치르기도 했다.
이와 함께 K12는 우리 군이 M60을 운용하면서 경험했던 여러 불편 사항을 개선하는 데도 많은 노력을 들였다. 사격 후 거의 원터치로 총열 교환과 재조립이 가능하게 했으며, 개방형 소염기를 도입해 야간 사격을 방해하는 불꽃도 저감시켰다.
M60에는 없는 가스압 조절기를 도입해 기온과 습도가 크게 다른 다양한 환경에서도 원활한 연사가 이뤄지도록 했다. K2소총을 운용하면서 가스압조절기를 분실하는 일이 많았다는 장병들 의견도 수렴해 가스압 조절기가 쉽게 풀리거나 빠지지 않게 만들었다.
또 M60의 가스피스톤 방식보다 구조가 단순한 가스압 작동 방식을 채택함으로써 M60의 분당 500~650발보다 훨씬 빠른 분당 650~950발의 발사속도도 구현, 공중에서의 화력 지원을 위해 더욱 빠른 발사속도를 요구하던 소요군도 충분히 만족시켰다.
현재 야전에서 만나볼 수 있는 K12 기관총은 모두 수리온 양측에 장착된 헬기탑재 승무원형이다. 수리온의 K12 기관총은 헬기가 가장 취약한 순간인 이·착륙 시 적의 공격에 대응하고, 헬기에 타고 내리는 아군을 엄호하는 데 활용된다.
운용은 후방석 기내 안전 통제와 함께 비행 시 주변 장애물·위협 경계 등을 담당하는 승무원이 맡는다. 헬기 승무원은 특기병으로 항공 관련 전공자 또는 원활한 교신을 위해 영어 특기자들이 주로 선발된다.
K12는 특별한 사격 소요가 없으면 탈거 상태로 헬기를 운용하며, 탑재했을 때도 거치대를 접어 기체 내부에 수납한 채 비행이 가능하다.
헬기탑재 승무원형이어서 헬기에 장착하는 거치대도 함께 제작·납품했는데, 무장보조장치가 탑재돼 총기의 반동을 10분의 1로 줄여준다.
이 밖에도 신속분리핀 2개만으로 항공용 방아쇠그룹을 간단히 분리·결합할 수 있고, 여기에 지상용 개머리판만 펼치면 보병형처럼 활용할 수 있도록 해 불시착 등 헬기 유사시에 대비했다.
■ 해외 수출
K12 기관총도 K7 소음기관단총처럼 현재까지 우리 군에 보급된 물량보다 훨씬 많은 양이 해외로 수출됐다.
이는 세계적으로 7.62㎜ 탄약을 사용하는 총기에 대한 수요가 늘어나고 있으며, 거기에 K12 기관총이 파고들 수 있는 틈새시장이 있기 때문이다.
S&T모티브측은 ""한동안 소총탄과 같은 구경인 5.56㎜ 기관총이 대세가 되면서 7.62㎜ 화기의 입지가 애매하던 시절이 있었으나, 개인보호장구류의 발전으로 5.56㎜ 화기의 화력이 부족하다는 지적이 나오면서 다시금 7.62㎜의 선호도가 높아지고 있다""고 설명했다. 또 각국이 특수작전을 중요시하면서 무장차량과 보트, 헬기 등의 도입을 늘리고 있으며, 그에 장착할 7.62㎜ 총기도 더 많이 필요해졌다는 것.
■ 제원 (헬기 탑재 승무원형)
구경 Caliber : 8mm x 51mm
무게 weight : 11.9kg
길이 Length :
전장 Overall 1,110mm
총열 Barrel 559mm
발사율 Rate of Fire : 650~950발 /분  Rounds/ Minute
■ 기사원문
국방일보 '국군무기도감' 김철환 기자, 2018년 6월 1일 1판/11면
☞
세계 8mm 기관총 장점 모아 국산화로 더 완벽해지다
☞
더 강하게 더 가볍게 더 빠르게 50년만에 세대교체
■ 이후 기본형도 개발
한편 S&T모티브는 헬기 탑재 승무원형 이후 K12 기본형 시제품도 개발했다. 기관총 곳곳에 티타늄·폴리머와 같은 가볍고 튼튼한 신소재를 도입해 좀 더 경량화했으며, 총열에 홈을 파 무게 감소는 물론 효율적인 냉각을 도모하는 등 추가적인 개선이 이뤄졌다.
광학장비 장착 시 시야를 가리지 않도록 하는 접이식 가늠쇠는 승무원형에도 적용돼 있지만, 기본형은 좀 더 정밀한 영점 조절이 가능한 기구를 탑재했다.
더불어 개머리판도 사용자 체형에 맞게 4단계로 조절할 수 있다.
전차장이나 포수가 주포 방향의 연성 표적을 제거할 수 있는 공축형 시제품은 기존 차량에 탑재된 M60E2-1과 같이 불필요한 부분을 제거하고 솔레노이드를 활용한 전기식 발사가 가능하게 제작됐다."
https://kookbang.dema.mil.kr/newsWeb/20181204/4/ATCE_CTGR_0080020001/view.do,firepower,M203 유탄발사기,,"1970년대 초 베트남전 참전 파병 장병에게 최초 보급
M203
grenade launcher
M79 유탄발사기는 베트남전에서 효율성을 입증해 보였으나 M79 사수는 권총 외에 별도의 화기를 소지하지 않아 지근거리에서 적에게 급습 받았을 때 취약하다는 단점을 노출시켰다.
이에 따라 소총에 유탄발사기를 장착하자는 아이디어가 등장했다. 유탄발사기를 소총에 결합해 소총은 소총대로, 유탄발사기는 유탄발사기대로 상황에 부합되게 쓸 수 있도록 하자는 것이었다.
1960년대 후반 XM148이라는 이름으로 이 아이디어는 처음 미군에서 실전에 응용됐으며, 개량을 거쳐 1969년 M203 유탄발사기로 발전했다.
M203은 조작이 쉽고 휴대가 간편했다. M203만의 무게가 1.36kg으로 M16A1소총과 결합해도 4.3kg에 불과하다. 단발 사격식으로 최대 사거리는 400m이지만 점표적에 대한 유효사거리는 150m 정도다.
우리 군은 1970년대 초 베트남전에 참전한 파병 장병들에게 최초로 보급했다. 이어
1975년부터 1987년까지 약 2만5000정을 국내에서 모방생산해,
육군 보병부대의 편제화기로 자리했다.
이후 M16A1을 대체하는 한국형 소총 K2의 광범위한 보급과 더불어 개발된 K201에 자리를 내주었다.
■ 제원
길이 : 380mm
무게 : 1.36kg
최대사거리 : 400m
■ 참고기사
국방일보 기획 ‘Old & New’ 2009년 3월 3일자
국방일보 기획 ‘보병무기이야기’ 홍희범 플래툰편집장, 2008년 5월 8일자"
https://kookbang.dema.mil.kr/newsWeb/20181204/5/ATCE_CTGR_0080020001/view.do,firepower,K201 유탄발사기,,"K2에 맞춰 M203을 완전 국산화한 화기
미국에서 M203 유탄발사기가 M16A
1소총의 실전화에 맞춰 나온 화기라면, 우리나라에서는 국산
K2 소총의 개발 및 전력화에 따라 이에 맞게 등장한 것이 K201 유탄발사기이다.
이 K201 유탄발사기는 M203을 완전 국산화한 것이다.
K2 소총은 M16A1과 구조의 차이가 있어 기존 M16A1에 장착하던 M203과 호환이 어려웠다. 이에 따라 국방과학연구소가 주도하는 국내 독자 신규 연구개발이 추진됐으며, 제작 및 생산은 대우정밀(현 S&T모티브)이 맡았다.
개발 기간은 1982년 11월부터 1985년 6월까지였고, 초도양산은 1987년 진행됐다. 기본적인 성능과 구조는 M203을 기준으로 하되 한국군의 실정과 한국인의 인체 특성에 적합하게 더 간편하고 견고하게 설계된 것이 특징이다.
전
장 382mm, 총신길이 3055mm, 2kg이다."
https://kookbang.dema.mil.kr/newsWeb/20181204/6/ATCE_CTGR_0080020001/view.do,firepower,M79 유탄발사기,,"1950년대 개발 ....베트남전에서 효율성 입증
총류탄은 6·25전쟁을 계기로 효용성을 의심받게 된다. 미군은 6·25전쟁을 치르면서 총류탄이 원하는 사거리에 미치지 않고 명중률도 높지 않은 데 실망했다.
수류탄과 박격포의 사거리 사이 공간의 근접전투를 벌이는 적에 대해 좀 더 빠른 속도로 더 멀리, 더 정확하게 효과적으로 공격할 수 있는 보병용 소화기가 요구된 것이다.
이에 1950년대에 개발된 것이 M79 유탄발사기이다.
M79는 병사 개인이 휴대할 수 있는 하나의 독립된 화기로 40mm 유탄을 사용한다. 길이 73cm, 최대 사거리는 373m. 조작이 간단할 뿐만 아니라 파편이 300~400개에 달하는 유탄을 분당 7~8발을 쏠 수 있는 등 베트남전에서 효율성을 입증해 보였다.
그런데 M79 사수는 권총 외에 별도의 화기를 소지하지 않아 지근거리에서 적에게 급습받았을 때 취약하다는 단점을 노출시켰다.
우리 군은 1965년 베트남전 참전을 계기로 미군으로부터 M79를 인수했다. 이어 1966년부터 전방 전투부대의 분대화력 강화를 위해 분대공용화기로 보급하기 시작했다.
이어 1974년 국내에서 모방생산되어 보급이 더욱 확대되었으나 M16A1소총의 보급에 따른 M1소총, 카빈소총의 도태에 따라 함께 도태의 길을 걸었다.
■ 제원
구경 : 40mm
전장 : 74.1 cm
중량 : 6kg
최대사거리 : 373m"
https://kookbang.dema.mil.kr/newsWeb/20181204/7/ATCE_CTGR_0080020001/view.do,firepower,M7/M8 총류탄발사기,,"6·25전쟁에서도 널리 쓰였으나 효용성에 의심
근접전에서 유용한 수류탄을 더 먼 거리에 있는 적에게 쓸 수는 없을까. 제1차 세계대전을 통해 이런 필요성에 의해 등장한 것이 총류탄이다.
손 힘에 의해 던져지는 것이 수류탄이니 총의 힘으로 쏘아지는 탄이 되는 셈인데 일반적으로 총구에 끼운 뒤 공포탄이 뿜어내는 에너지로 발사하게 된다. 제2차 세계대전은 물론 6·25전쟁에서도 널리 쓰였다.
우리 군은 1949년 주한미군이 철수할 때 M7/M8 총류탄발사기 각각 6488정, 1991정과 함께 총류탄 15만 7800여 발을 인수, 6·25전쟁 때 활용했다. M7은 M1소총, M8은 카빈소총용 총류탄발사기이다.
하지만 총류탄은 6·25전쟁을 계기로 효용성을 의심받게 된다. 미군은 6·25전쟁을 치르면서 총류탄이 원하는 사거리에 미치지 않고 명중률도 높지 않은 데 실망했다. 수류탄과 박격포의 사거리 사이 공간의 적에 대해 좀 더 빠른 속도로 더 멀리, 더 정확하게 효과적으로 공격할 수 있는 화기가 요구된 것이다.
이에 1950년대에 개발된 것이 M79유탄발사기다."
https://kookbang.dema.mil.kr/newsWeb/20181204/1/ATCE_CTGR_0080020001/view.do,firepower,굴절형 화기,,"접철식 소총형태의 거치대에 권총 결합한 방식
굴절형 화기는 권총과 같은 총기가 장착된 앞부분이 좌우로 굴절되며 방아쇠 쪽의 모니터를 통해 적을 조준, 사격할 수 있는 화기이다.
이름 그대로 코너와 같은 곳에서 몸을 엄폐하고 총구만 내민 상태에서도 총렬을 좌우로 꺾어 정확하게 조준 사격할 수 있는 것이다. 특수전이나 시가전에서 유용하다.
미국과 이스라엘이 합작으로 세운 코너샷 홀딩스사(社)에서 만든 ‘코너샷(Corner Shot)’이 대표적이다.
▶ 2018년 S&T모티브
에서 촬영한
굴절형
화기.
우리나라도 코너샷을 도입한 이후 사용군 측의 몇몇 개선 요구에 따라 도시전과 대테러전을 위해 국방과학연구소(ADD)가 ‘한국형 특수 목적용 무기’라는 명칭으로 탐색개발을 진행했으며, S&T모티브에서 시제를 제작했다.
ADD는 2010년 3월 23일 대전에서 ‘굴절형 화기 개념구현 연구개발 발표회’를 열고 이 굴절형 화기를 최초 공개했다.
이 굴절형 화기는 한쪽 방향으로 최대 60도, 좌우 120도까지 총신을 굽힐 수 있는 소총 형태의 거치대에 K5 9㎜ 권총을 결합한 형태를 갖고 있다. 야간이나 빛이 없는 공간에서도 운용할 수 있도록 레이저 표적지시기와 플래시가 기본 장착돼 있다.
사수는 화기에 부착한 카메라가 포착한 전방의 상황을 ‘접안식 영상전시기’를 통해 눈으로 직접 보면서 거치대의 전자식 격발장치로 권총을 사격할 수 있어 벽이나 참호 안에 엄폐한 상태에서도 정밀 조준 사격이 가능한 것이 특징이다.
사격 순간 진동이 외국산보다 상대적으로 작다. 또 지휘통제 콘솔박스와 연동해 3정의 화기에서 보내오는 영상을 지휘통제 인원이 확인할 수 있는 기능도 추가되어 있다.
과거에는 총신 자체를 곡선으로 설계하는 방식을 고려했지만 최근에는 ADD가 공개한 모델처럼 접철식 거치대와 권총을 결합하는 방식이 인기를 끌고 있다. ‘실전에서 경험 없는 병사들은 참호 속에 머리를 박고 보지도 않고 총을 쏜다’는 우스갯소리를 흔히 하지만, 코너샷 등 굴절형화기는 이 같은 문제를 과학적 방법으로 극복한 아이디어의 산물이다.
점차 중요성이 높아지는 시가전에서 활용도가 크다는 점에서 장기적으로 우리 군의 전력 강화에 기여할 여지가 많다는 평가다. 우리 군에서는 정식으로 채용하지 않았지만, 최근 국외로 수출이 이뤄졌다.
▶ 2010년 ADD가 시범공개 시 제공된 굴절형 화기 형태와 구조.
■ 제원
사용탄약 : 9mm
중량 : 4kg (K5 권총 포함)
전장 : 845mm
운용 각도 : 좌우 60도
■ 참고 기사
☞ 국방일보 기획 ‘미리보는 미래무기’ 2009년 6월 3일자
☞ 국방일보 2010년 3월 24일자, 김병륜 기자
☞ 국방일보 기획 ‘국군무기도감’ 김철환 기자, 2018년 9월 6일자"
https://kookbang.dema.mil.kr/newsWeb/20181203/2/ATCE_CTGR_0080020001/view.do,firepower,K2C1소총,,"K2의  형상 개량형...2014년부터 개발 착수
K2 소총이 대한민국 국군의 편제 화기로 채택된 것이 1984년. 30여 년이 흐르자 소총의 개선에 대한 필요성이 제기되기 시작했고, 이에 2014년 K2 소총의 대를 이을 개량형 소총 개발에 착수했다. 그 결과물이 전방 부대를 중심으로 보급 중인 K2C1 소총이다.
현대전에서는 규격화된 피카티니 레일을 이용해 조준경 등 총기 액세서리를 장착함으로써 보병의 전투력을 균일하게 향상시키는 것이 일반적인 추세다. 우리 군도 2017년까지 전방부대를 중심으로 PVS-11K 주·야간조준경 3만3000여 개를 보급하는 등 액세서리 활용을 점차 확대해나가고 있다.
K2C1 소총은 이러한 해외 유사화기의 발전 추세와 장병들의 체격 조건 변화에 따른 소총 야전운용 편의성 증대 요구에 맞춰 개발됐다.
K2C1의 핵심 변경 포인트는 총열덮개부터 위 총몸까지 이어지는 피카티니 레일과 탈부착형 가늠자, 조절형 접철식 개머리판이다. 내부 구조는 K2 소총과 완전히 같으므로 사거리 등의 성능은 동일하다.
상부의 피카티니 레일은 길이별로 숫자가 새겨져 있어 사용자가 자신의 총기 액세서리 부착 위치를 쉽게 가늠할 수 있게 했다. 반면 총열덮개 측면과 하부의 레일은 과감히 생략됐다.
이는 측면과 하면까지 레일이 기본 장착된 경우 손에 잡는 느낌이 좋지 않고, 추가 덮개 장착 시 너무 두꺼워져 손이 작은 동양인들에게 불편할 수 있다는 판단에서다. 우리 군의 여건상 위 아래 좌우에 다 붙일 만큼 총기 액세서리가 많지 않은 것도 레일이 삭제된 부수적 이유다.
수직 손잡이 등 별도의 액세서리 부착이 필요한 부대를 위해서는 탈부착 가능한 레일도 함께 제공된다.
총열덮개의 변화로 인해 기존 K2 소총 총열덮개를 교체하는 방식으로 장착하던 K201 유탄발사기는 달 수 없게 됐다.
더불어 5단계로 길이 조절이 가능한 개머리판과 탈부착형 가늠자는 소총을 개개인의 체형에 꼭 맞출 수 있도록 도와줌으로써 최적의 사격자세를 만드는 데 도움을 준다.
새로운 개머리판은 3단일 때 현재와 길이가 같으며 5단까지 늘리면 전장이 1014㎜로 K2 소총의 970㎜보다 더욱 길어져 예전보다 커진 신세대 장병들의 평균체격에 알맞게 조절할 수 있다.
또 조절 스위치가 개머리판 안쪽에 위치하는 폐쇄형 디자인을 채택해 충격으로 인해 개머리판 길이가 제멋대로 변하거나 고장 나는 현상을 방지했다. 

이와 함께 휴대성 향상 효과로 호평을 받는 K2 소총의 개머리판 측면 접철 기능은 그대로 물려받았다.
■ 총열덮개와 발열 문제
피카티니 레일과 일체형으로 제작된 총열덮개, 발열 현상 골머리
K2C1의 총열덮개는 알루미늄을 통으로 깎아 피카티니 레일과 일체형으로 제작됐다. 내부에 방열판을 덧대긴 했지만, 전방부대 시험평가 도중 총열덮개 발열 현상에 대한 개선 요구가 발생한 바 있다.
혹서기 100발 연속 점사 후 K2C1의 총열덮개 온도가 60℃까지 올라가 맨손으로는 잡기 어렵다는 의견이 나온 것.
하지만 이는 알루미늄 레일 총열덮개를 가진 총기에서 발생하는 공통 문제다. 독일에서 제작한 AR 계열 총기, 레일 총열덮개를 장착한 K1A 역시 100발 사격 후 각각 59.5℃와 73℃의 발열이 측정됐다.
K2C1 설계 시부터 이를 예상하고 준비 중이던 제작사 S&T모티브는 전방 손잡이와 방열덮개, 레일덮개 등 세 가지 대안을 제시했다.
이 가운데 레일덮개 방식은 그립감이 나빠지고 각 덮개 사이에서 열기가 나올 수 있어 제외됐다.
실사격 체험 결과 전방 손잡이는 발열 문제 해결 외에 반동 억제에도 많은 도움이 됐다.
또 방열덮개는 레일덮개 방식보다 훨씬 얇아 손에 쏙 들어오는 그립감을 제공했다. 연속 사격 후에도 발열감은 크게 느껴지지 않았다. 
향후 ‘엎드려 쏴’와 ‘포복’ 등 진지사격 빈도가 높은 부대에는 방열덮개, 수색정찰 임무가 잦은 부대에는 수직 손잡이가 중점적으로 추가 보급될 예정이다.
■ 작명 
   왜 K2C1인가?
K2C1의 ‘C’는 총기의 ‘형상’이 개량됐다는 의미. 성능적 개량이 있었을 때는 ‘A’, 재질이 변경되면 ‘B’를 붙인다. 과거 K1A 기관단총은 총구앙등억제 소염기 도입 등 초기형 K1의 성능을 개선하는 의미가 있었기에 A가 붙었다.
그렇다면 왜 K2C가 아니고 K2C1이 됐는가. 이는 제작사인 S&T모티브에서 K2 소총의 수출형인 K2C를 제작해 이미 세계 각지에 상당 수량을 판매했기 때문에 그 이름을 쓸 수 없었다. 하지만 수출형 K2C의 C는 단축형 소총을 의미하는 ‘카빈(Carbine)’의 머리글자라고 한다.
■ 기사원문
국방일보 기획연재 ‘국군무기도감’ 김철환 기자, 2017년 9월 10일자
☞ PDF파일로 읽기
K2 소총의 첫 번째 개량형
형보다 나은 아우의 탄생... 야전에 더욱 강해진 K2C
1
■ 용어설명
강선(腔線·rifling)은 포강(砲腔·gun bore) 내에 파여진 나선형의 홈(groove)을 말하며, 통상 약실(藥室·chamber) 바로 앞에서부터 포구(砲口·muzzle)까지 계속 이어져 있다.
강선 설계의 주요 요점은 사격 시 강선에 작용하는 강선력(rifling force) 크기를 최소화시켜 특정 부위에 발생할 수 있는 국부적인 집중하중을 분산시키는 것이다. 이에 따라 포열 수명을 증대시키고 탄두의 강내·외 탄도특성을 향상시킬 수 있도록 강선각(rifling angle)을 산출해야 한다.
강선 최적설계기술 연구는 1960년대 미국에서 대구경 포에 증가전도(增加纏度·increasing twist) 강선을 적용한 것이 실용화돼 14in M1920 MII 및 12in M1000를 운용했다.
1980년대 독일 라인메탈(Rheinmetall)에서 펴낸 편람에는 균일전도(均一纏度·uniform twist) 강선이 가장 널리 전파된 유형이라고 언급돼 있다. 한국에서는 구경 40㎜ 포신을 대상으로 ‘강선율 최적설계 연구’가 이뤄져 관련 학술지에 2010년에 게재됐다.
강선 최적설계 기초데이터 확보를 위해서는 실사격에 의한 강내탄도학 연구가 활성화될 필요가 있다. 더불어 최적설계연구결과로 얻어진 강선형상(rifling profile)을 실용화시키기 위한 강선 가공 전용 장비 개발이 수반돼야 할 것이다.
출처 : ‘국방과학기술지식대백과사전’ 국방기술품질원"
https://kookbang.dema.mil.kr/newsWeb/20181203/3/ATCE_CTGR_0080020001/view.do,firepower,K2 소총,,"보병 기본 화기로서 전쟁의 임무를 최종 완수
K2 5.56mm Rifle
소총은 보병의 기본 화기로서 전쟁의 임무를 최종 완수하는 무기체계이다. 전투원 개인이 공격과 방어용으로 운용하는 화기로서 구경 8㎜ 이하 휴대용 화기의 총칭한다.
보통 총열이 긴 것을 우리가 흔히 말하는 라이플, 즉 소총이라 하고 총열이 짧은 것을 카빈 또는 카빈소총이라 한다.
세계 어디에도 소총이 없는 군대는 없으며 현재 소총을 자체적으로 생산하고 있는 나라는 세계 220여 개 국가 중 40여 개 국가이지만 우리나라와 같이 자체개발해 수출하는 나라는 10여 개국에 불과하다.
소총은 성능이나 편의도, 신뢰성은 보병 전투능력과 군 전체의 사기에 큰 영향을 미치므로 세계 각국은 전차·유도탄 등 신예 병기 못지않게 소총의 개발·개량을 위해 부단한 노력을 기울이고 있다.
■ 1984년 무기체계 공식 채택… 군 주력 제식 소총으로
K2 소총은 총기류를 넘어서 가장 먼저 개발에 착수한 대한민국 최초 양산 무기라 할 수 있다. 결과적으론 K1 기관단총이 먼저 출시되면서 ‘1’이라는 영광의 넘버링은 빼앗겼지만(?), 애초에 K2 소총을 개발하는 과정에서 K1 기관단총이 ‘파생’된 것이니 최초 개발 착수의 영광은 K2의 몫이다.
오늘날 우리나라는 총기류는 물론 전차와 군함, 초음속 공격기까지 직접 제작할 수 있는 국가가 됐지만, 40여 년 전만 해도 총 한 자루 만들지 못하는 형편이었다.
1970년 국방과학연구소(ADD)가 창설되면서 일명 ‘번개사업’이라 부르는 긴급 병기개발을 통해 M1 카빈소총 10정과 M1919 기관총 10정을 역설계로 제작해보는 경험을 쌓는다.
이후 1972년 ""군의 기본화기인 소총을 우리 자체기술로 개발해 국내 방위산업 기반기술을 확보하라""는 박정희 대통령 지시에 따라 국산소총 개발이 시작됐다.
ADD는 당시 국방부조병창과 함께 ‘XB형(eXperimental B) 소총 개발계획’을 진행해 XB-1부터 XB-7까지 7가지 시험용 소총을 만들어냈다. 이 가운데 최종안인 XB-7A형이 양산형으로 결정돼 ‘K2 소총’이라 명명됐다.
1984년 무기체계로 공식 채택된 K2 소총은 이듬해부터 초도양산에 들어가 전방 전투부대에 우선 보급됐으며, 1990년대 이후엔 대부분의 육군 부대에서 M16 소총을 대체함으로써 현재까지 대한민국 국군의 주력 제식 소총 지위를 차지하게 됐다.
■ 

특징 1
한국적인 지형 및 인간공학적 측면에서 많은 고려
K2소총은 ‘세계 소화기 개발추세에 병진하고 한국적 여건과 군수 면에서 최적한 한국형 소총을 개발해 군 전력증강과 차기세대 소총 개발능력을 배양하기 위해’ 개발되었다.
여기서 주목할 것은 ‘세계 소화기 개발 추세에 병진’이라는 대목.
실제 K2 소총은 당시 소총계의 양대 산맥이었던 서방의 M16과 공산권의 AK 소총이 가진 장점들을 합친다는 세계적 총기개발 트렌드에 발맞춰 나가며 개발됐다. 흔히 오해하는 것처럼 M16 소총의 외부 디자인만 바꾼 데드카피가 아니라는 것.
다만 K2 소총 개발 지시가 내려왔을 때 우리나라는 M16A1 소총의 면허생산을 준비 중이었기 때문에 관련 기술자료묶음(TDP)과 생산설비를 확보하고 있었으므로 개발 기본방향은 M16A1 소총 쪽으로 잡아 개발기간 단축과 양산비용 절감 등을 꾀했다.
K2소총은 한국적인 지형 및 인간공학적 측면에서 많은 고려를 했다. 그에 따라 측면 접이식 개머리판을 채용, 세계 유수의 주력 돌격소총 가운데 충분한 총열 길이를 유지한 가운데 최고 수준의 휴대성을 갖추고 있다는 평가다.
병사의 신체조건을 고려해 소총의 전장을 98㎝로 짧게 설계했다. 개머리판을 접었을 경우에는 73㎝로 더욱 짧아진다. 하지만 개머리판을 접히게 하기 위해 내부에 반동 완충 장치를 넣는 데 제한이 있었다. 장병들 최대의 불만은 접고 펴는 과정에서 신체 부위가 집혀 격통을 느끼는 상황이 종종 발생한다는 것.
총열 강선 회전율은 M16A1소총과는 달리 세계적 추세인 6조 우선, 7.3인치 1회전을 갖도록 하고, K2의 강선 회전율과 궁합이 잘 맞는 K100탄을 개발해
유효사거리를 증대시켰다. M16A1은 탄자가 1초에 3200번 회전하는 반면 K2는 총신이 짧아졌음에도 탄자가 초당 5200번 회전한다. K100탄을 쓰면 K2 유효사거리는 600M로 늘어난다.
K2에
고정차개와 가스피스톤 방식을 채택한 것은 M16A1소총에서 발생했던 기능장애가 일어나지 않도록 한 것이며, 총구앙등억제 소염기를 설치한 것은 연발사격 시 명중률을 높이기 위함이었다.
M16A1이 단발 및 연발로만 사격할 수 있는데 비해 K2소총은 단발·연발과 함께 3발 점사 장치를 추가해 탄약의 낭비를 줄였다.
이와 함께 AK47 소총의 장점인 가스피스톤 방식을 도입했다. AK47을 참고한 가스피스톤 방식은 M16A1의 가스작동식에 비해 노리쇠 오염이 덜 하고, 가스가 사수에게 분출되지 않는다는 장점이 있다. 반면 피스톤 추가로 노리쇠 뭉치의 중량이 늘어나 화기작동의 신뢰도는 높아지나 무게중심 이동이 커져 반동이 강해진다는 단점이 있다.
■ 특징2
초심자도 쉽게 다룰 수 있는 조준기구 ‘장점’
국방일보를 애독하는 현역 장병들을 대상으로 K2 소총에 대해 설문조사한 결과 50% 인원이 K2 소총의 장점으로 ‘높은 명중률’을 꼽았다. 뒤이어 장병 34%가 접이식 개머리판과 회전 가능한 멜빵 고리를 바탕으로 한 ‘휴대성·디자인’이 장점이라 답했다.
K2 소총이 발휘하는 높은 명중률의 기반은 좋은 집탄성을 이끌어내는 기본기가 탄탄한 설계와 제작사의 안정적인 정밀가공기술, 그리고 초심자도 쉽게 다룰 수 있는 조준기구라 할 수 있다.
특히 K
2 소총의 조준은 가늠쇠틀의 외곽 원(가늠쇠 울)과 가늠자의 구멍을 맞추는 동심(同心)원리를 채택해 조준을 빠르고 정확하게 했다.
가늠자·가늠쇠에 가상의 십자선을 그려야 하는 M16 계열과 K1A보다 좀 더 빠르고 정확한 사격을 가능케 해준다.
이외에도 야간사격도 가능하도록 트리튬 자체발광 가늠쇠를 설치했다.
한편 ‘휴대성·디자인’이 대표적인 단점이라고 답한 비율도 66%에 이르렀으며, 향후 총기 개발 시에도 이를 개선해야 한다는 의견이 79%에 육박했다.
총을 쏘는 순간보다 그냥 휴대하는 시간이 압도적으로 긴 장병들에게 ‘무게’가 무시 못할 문제로 꼽히고 있는 것이다.
K2 소총의 무게는 3.64㎏으로 2.86㎏인 M16A1 소총보다는 무겁고 4.3㎏인 AK47 소총보다는 가볍다. 금속이 아닌 신소재를 대거 도입한 독일의 G36 소총도 3.6㎏에 이르므로 K2 소총이 유난히 무겁다고는 할 수 없지만, 세계 소총 트렌드를 이끄는 미국의 M16 계열이 2㎏ 대의 무게를 유지하고 있는 건 고려해야 할 점이다.
이 밖에도 가스압조절기가 잘 분실된다거나, 장전손잡이 파손에 대한 경험도 종종 있어 내구성 개선에 대한 목소리도 있었다. 이같이 운용 중 발견된 문제점들을 해소하기 위해 제작사인 S&T모티브는 K2 소총 개발 이후 총열 크롬 도금과 장전손잡이 강도 보강 등 도면 기준 98건의 기술변경을 진행한 바 있다.
■ 참고 기사 원문
국방일보 기획연재 '무기의 탄생' 이석종 기자, 2015년 5월 6일자
국방일보 기획연재 ‘국군무기도감’ 김철환기자, 2017년 8월 4일자
☞ PDF 파일로 읽기
모두가 잘 알고, 모두가 사랑한 그 총
대한민국 국군장병의 연인!
최적화된 한국형 소총 높은 명중률에 ‘엄지 척’
■ 제원
구경
6mm × 45mm
탄약
K100, M193, M196, M855
작동방식 : 가스 피스톤
전장 : 970mm / 730mm (개머리판 접철시/전개시)
총열장 : 465mm
무게 : 4kg
강선 : 6조 우선 7inch/1회전
발사속도 : 700 ~ 900 발/분
총구속도 : 960m/s(M193), 920m/s(K100)
유효사거리 : 460m(M193)/600m(K100)
사격모드 : 단발, 3점사, 연발"
https://kookbang.dema.mil.kr/newsWeb/20181203/1/ATCE_CTGR_0080020001/view.do,firepower,K6 중기관총,,"K6 12.7mm Heavy Machine Gun
K6
12.7㎜ 중(重)기관총은 우리 군의 주력 중기관총이다.
주로 기계화부대의 전차나 장갑차 등에 탑재돼 운용되며 미국 M2HB 기관총의 총열 교환방식을 신속교환식으로 개선해 국내 자체개발한 한국형 기관총이다.
K6라는 이름은 독자 개발한 화기류의 6번째 모델이라는 의미.
■
역사
M2HB 부속 생산부터 총기 국산화 K6까지
대한민국 국군은 K6 중기관총의 원형이 되는 M2HB(Heavy Barrel) 600여 정을 1949년 미군으로부터 인수했으며, 6·25전쟁을 거치며 5,000여 정 이상을 추가로 확보할 수 있었다. 
M2HB의 대량운용이 이뤄지면서 당연히 수리 부속도 필요하게 됐다.
그래서 현재 K6 중기관총을 제작하는 방산기업 ‘S&T 중공업’의 전신 ‘통일중공업’이 부속 생산을 맡았다.
통일중공업은 선수용·수렵용 공기총을 제작해본 경험이 있는 기업이었기에 총기 부속 제작에 참여하게 된 것. 수리 부속 국산화 사업의 명칭은 상부의 지시가 시달된 날짜를 따서 공교롭게도 ‘3·26 개조사업’으로 명명됐다. 이후 1983년 미국으로부터 M2HB의 기술 자료를 확보한 통일중공업은 1987년까지 총기 자체를 직접 생산해 우리 군에 납품했다.
""1987년 하달된 ‘상부(특) 지시’에 의거해 M2HB를 개량한 국산 중기관총의 개발이 시작됐죠."" K6 중기관총의 개발을 담당했던 김종도 S&T 중공업 이사는 신속총열교환(QCB: Quick Change Barrel) 방식을 추가하는 것이 K6 개발의 중점이었다고 설명했다.
""총기업체 카탈로그 등 해외 자료를 통해 QCB라는 개념은 확인했으나, 구체적인 구조는 알 수 없었습니다. 또 총기에 총열을 체결하는 방식도 개발업체별로 상이했죠. 이에 우리도 독자 개발의 길을 걸었으며, K6만의 ‘조립턱 방식’ QCB를 완성할 수 있었습니다.""
국방과학연구소(ADD) 주관으로 통일중공업이 진행한 신형 중기관총 개발은 1987년에 시작해 1988년에 완료됐으며 1989년 K6라는 이름으로 우리 군에 전력화됐다.
■ 에피소드
""시뮬레이션 그런 거 없었다""
김종도 이사는 M2HB를 국산화하고 K6를 개발하면서 가혹하리만큼 철저했던 육군의 시험평가가 가장 기억에 남는다고 전했다.
""미국 자료에 M2HB의 유효사거리가 1830m로 나와 있었습니다. 그 거리에서 3.2㎜ 두께의 강판을 뚫을 수 있다는 거죠. 그러니 육군이 정말 약 2㎞ 밖에서 뚫리는지 쏴보자는 겁니다. 그 먼 곳에 있는 걸 어떻게 맞히나 고민하다가 가로·세로 6m의 거대한 철판을 제작해 세워놓고 쐈죠. 쏘니까 잘 맞고, 잘 뚫리더군요. 이게 사실은 탄약의 질량과 속도, 에너지 등을 측정해 시뮬레이션을 해보면 되는 건데, 당시엔 군이 실제 시험만 신뢰했죠. 유효사거리 시험은 그때가 처음이자 마지막이었습니다.""
K6 개발 때도 비슷한 일이 있었다. 600발의 분당 발사속도를 실제로 측정한 것. 

""분당 600발은 초당 10발이죠. 따라서 10~30발 정도의 사격 속도를 측정한 뒤 평균값을 환산하면 발사속도를 계산할 수 있고, 당시 해외에서도 그렇게 하고 있었습니다. 그런데 육군에서는 실제 600발이 나가는 시간을 재보자고 제안했습니다. 총열의 발열을 감안해 원래는 200발 사격 후 총열을 교환해주는 것이 정상인데, 600발을 끊임없이 쏘게 된 것이죠. 초시계를 든 관계관 앞에서 600발을 연속으로 쐈는데, 역시 1분 안에 다 쏠 수 있었습니다. 시험을 마친 뒤 달아오른 총열에 담배를 갖다 댔는데, 정말 불이 붙더군요.""
김 이사도 엔지니어로서 완벽한 설계에 대한 자신감은 있었지만, 역시 시험제품을 극한까지 다룰 때는 1분이 1시간처럼 느껴질 정도로 긴장됐다고 한다. 그는 이와 같이 우리나라 총기 개발 초창기의 어려운 시절을 극복하고 지속적인 발전을 통해 오늘의 방위산업을 이루게 됐다는 점을 강조했다.
■ 특징
총열 교환 시간 1분에서 5초로 단축
K6 중기관총은 세계적으로 ‘대체 불가’의 평가를 받는 명품 총기 M2를 그 원본으로 한 만큼 명중률과 작동의 신뢰성, 내구성 등 모든 방면에서 우수한 성능을 갖추고 있다.
K6만의 독창적인 특징이라면 S&T 중공업이 독자 개발한 QCB 시스템이다.
12.7㎜ 중기관총은 200발 연속 사격 후에는 총열의 발열로 인한 명중률 저하 등의 문제를 극복하기 위해 총열 교환을 해야 한다. 

기존 M2HB의 경우 총열에 별도의 손잡이가 없어서 총열 교환 시 화상을 막을 석면장갑이 반드시 필요하다는 번거로움이 있었다.
더 큰 문제는 총열을 교환할 때마다 운용자가 두격과 격발시기를 조정해줘야 한다는 점이다. M2HB의 나사식 총열을 끝까지 돌려 끼워버리면 두격이 너무 좁아져 오발의 위험이 생기며, 반대로 두격을 너무 넓히면 총열에 탄약이 완전히 들어가지 못해 총기가 폭발을 일으키는 사태까지 발생할 수 있다.
그래서 총열을 완전히 잠근 뒤 두 클릭 정도 다시 풀어주고 4가지의 게이지를 꽂아 두격이 너무 넓거나 좁지 않은지, 발사 타이밍은 잘 맞는지를 측정해줘야 한다.
머리 위로 총탄이 빗발치는 전장 상황에서는 쉽지 않은 작업이다. 숙련된 사수의 경우 1분에 이를 조치할 수 있지만, 비숙련자는 5분 이상이 걸릴 정도다.
K6의 QCB는 조립턱 방식으로 총열에 파인 홈이 총열지지대의 조립턱 나사를 따라 들어가면서 최적의 두격이 자동으로 맞춰지도록 했다. 또 운영자가 발사 타이밍 조절을 할 필요가 없도록 개선하고, 총열에 손잡이를 달아 비숙련자도 혼자서 5초 내에 총열을 교환할 수 있도록 했다.
총열과 총열몸, 노리쇠, 총열지지대, 총미잠금쇠, 타이밍 조정장치, 총열손잡이 등 7개 부품만 교체하면 기존의 M2HB도 K6로 개조할 수 있으나, 이들은 모두 총기를 이루는 핵심 부품들로 총기 가격의 50%를 넘어버리므로 새 K6를 사는 것이 경제성이 있다고 한다.
■ 사용
K6 중기관총은 누가 쓰는가?
K6 중기관총은 본체만 27㎏, M3 거치대까지 장착하면 57㎏이 넘는 엄청난 무게 때문에 주로 거치 화기로 활용되고 있다. 

육군은 전방의 고정 진지, 기계화장비·차량 탑재용으로 K6를 운용하고 있다.
K 계열 전차와 자주포, 장갑차에는 모두 K6 중기관총이 장착된다. 용도는 적 밀집부대 제압용이며, 운용은 대부분 차장이 담당한다. 차량 파손 시 총기를 분리해 따로 활용할 수 있도록 M3 거치대도 함께 제공된다.
해군은 구축함과 초계함 등 대부분의 중대형 함정과 고속정 등에 K6 중기관총을 장착할 수 있다. 기본 용도는 ‘정박 시 침해자 격퇴용’이나, 해적의 소형 선박을 주로 상대하는 청해부대에는 요긴한 실전적 화력이기도 하다.
해군 함정에 장착되는 K6는 소총탄을 방어할 수 있는 방탄판과 반동을 줄여주는 완충장치대(Soft Mount)까지 패키지로 구성된다. 

완충장치대는 본래 해군의 링스 대잠헬기에 K6를 장착하기 위해 제작됐다. K6 사격 시 반동의 충격은 무려 1톤에 달하는데, 완충장치대로 그 5분의 1인 200㎏ 수준까지 줄일 수 있다.
염분으로 인한 오염을 막고 비행의 안정성을 높이기 위해 링스 헬기는 내부에 레일(Rail)을 장착하는 개조를 통해 K6 중기관총을 수납·전개할 수 있도록 했다.
공군은 기지방호를 위한 헌병의 K200 장갑차에 K6를 거치·활용하며, 방공진지 등의 방호를 위해 보관해 두기도 한다.
■ 기사 원문
국방일보 기획연재 '국군무기도감' 김철환 기자 2018년 4월 6일자
☞  PDF로 읽기
단 5초면 원터치 총렬교환, ‘해적소탕’ 청해부대도 쓴다
총 넘어선, 포의 위력"
https://kookbang.dema.mil.kr/newsWeb/20181130/2/ATCE_CTGR_0080020001/view.do,firepower,M2HB_50MG,,"구경 12.7mm급 대표적 존재
구경(Cal.) 50 M2 중기관총은 미국이 제1차 세계대전 종전 직후부터 개발을 시작, 1933년 정식으로 제식화됐다.
M2는 원래 항공기에 탑재할 목적으로 개발된 기관총이다. 그 후 우수한 성능을 인정받아 공군 전투기는 물론 육군의 전차·장갑차·트럭에서부터 해군 함정에 이르기까지 다양한 플랫폼에 장착될 정도로 인기를 끌었다.
초창기 모델은 물로 총열을 냉각시키는 수냉식이었지만 개량된 모델은 공랭식을 채용하고 있다.
M2 중기관총 중에서도 육군에서 주로 사용한 것은 총신을 강화시켜 지속 사격이 가능토록 만든 M2 HB(Hevy Barrel) 모델이다.
우리나라에서는 1949년 주한미군 철수 당시 M2 HB 600여 정을 최초로 인수했으며 6·25전쟁 기간 중 5300여 정을 추가 도입, 지금도 운용하고 있다.
우리나라에서는 ‘구경 50 기관총’ ‘캘리버 50’ ‘HMG’ 등 여러 가지 이름으로 불렀으며 현재는 ‘MG50 중기관총’이라고 부르기도 한다.
구경 50은 총의 구경이 0.50인치(12.7mm)라는 의미다. 미국과 한국에서 사용하는 기관총의 구경은 6mm·8mm·12.7mm 등이 있다. 구경 20mm 이상은 기관포로 분류되기 때문에 미국과 한국의 기관총 중에는 구경 12.7mm가 가장 큰 것이다.
M2 HB 중기관총은 12.7mm급 중기관총의 대표적 존재라고 할 수 있다.

비슷한 시기에 개발된 많은 무기가 퇴역한 것과 달리 M2 HB 중기관총은 현재까지 일선에서 활약하고 있다. 그만큼 성능이 우수하고 신뢰성이 높다는 이야기다.
M2 HB 중기관총은 보병들이 사용하기에 다소 무겁고 총열 교환이 다소 번거롭다는 점을 빼고는 약점이 거의 없다는 평을 받았다. 심지어 ""초기 설계가 너무 잘돼 있어 개량할 것도 거의 없다""는 이야기가 미군에서 나왔을 정도다.
하지만 M3 삼각대에 장착했을 때 삼각대를 포함한 무게가 57.1㎏에 달하고 M63 대공장치대에 장착했을 경우 65.2㎏이라는 점은 확실히 문제였다. 때문에 미국에서는 M2 HB의 무게를 줄여 보는 등 개량형 개발을 시도했지만 반동이 심해져 명중률이 떨어지는 등 만족스러운 결과가 나오지 못했다. ""M2 HB만한 중기관총은 없다""라는 결론이 다시 내려진 것.
M2 HB는 비교적 높은 명중률을 가지고 있다. 베트남 전쟁 당시 미군은 M2 HB의 단발 사격 기능을 활용, 저격용으로 사용했을 정도다. 최대 사거리는 6800m이며 지상 표적에 대한 유효 사거리도 1830m에 달해 소총이 도달할 수 없는 거리에 있는 적을 효과적으로 제압할 수 있다.
포클랜드 전쟁(1981년) 당시 영국 육군은 ""아르헨티나군의 M2 HB 중기관총이 가장 골치 아픈 상대""라고 평한 일도 있다.

M2 HB는 공격과 방어시 화력으로 보병을 지원하는 것은 물론 저고도 저속으로 비행하는 항공기를 공격할 때는 대공 화기로도 유용하다.
우리나라에서 개발·생산하고 있는 K6은 M2 HB와 유사한 중기관총으로 총열 교환 방식이 좀 더 간편하게 개량된 모델이다.
■ 기사 원문
국방일보 기획연재 ‘무기의 일생’ 김병륜 기자  2005년 3월 19일자
■ 제원
구경 : 12.7mm
전장: 165cm
중량 : 38kg (삼각대 포함 58kg)
총구속도 : 930m / sec
발사속도 : 450~550발/min
유효사거리 : 1,823m
최대사거리 : 6,800m"
https://kookbang.dema.mil.kr/newsWeb/20181130/1/ATCE_CTGR_0080020001/view.do,firepower,K7 소음기관단총,,"특전사 특수작전용으로 개발…선두에 서는 요원만 사용
■ 역사
1998년 업체 주도 국내 독자연구개발 시작
K7 소음기관단총은 육군특수전사령부가 1990년대 중후반 대테러 작전과 은밀 적진 침투용으로 소음기관단총을 요청함에 따라 개발된 화기이다.
당시 우리 군의 몇몇 대테러부대는 독일 헤클러운트코흐(HK)사의 걸작 기관단총 MP5의 소음형인 MP5SD6를 수입해 사용하고 있었지만, 특전사는 외화 유출과 부품 수급 등의 애로 사항을 고려해 소음기관단총의 국산화로 방향을 잡았다.
K7 소음기관단총의 제작사인 S&T모티브(개발 당시 대우통신)의 박문선 본부장은 ""당시 특전사의 장비 담당자가 애국심에 불타는 분이라 국산화를 강력히 문의해 왔었다""고 회고했다.
사실 K7은 기존의 K 계열 총기류와 달리 사용 범위가 특수작전에 국한되다 보니 개발을 하더라도 주문 수량이 1000정에도 미치지 못할 정도로 극히 미미한 수준이었다. 하지만 S&T모티브는 대한민국 국군의 거의 모든 총기 제작을 담당하는 업체라는 책임감과 개발 성공에 대한 자신감이 있었다.
이에 따라 1998년 업체 주도 국내 독자연구개발로 K7의 개발이 시작됐다. 
제작사인 S&T모티브는 이미 K5 권총을 개발하면서 9㎜ 파라벨럼탄 사용 총기에 대한 노하우를 어느 정도 축적하고 있었던 터라 개발 착수 2년8개월 만에 소음기관단총을 만들어낼 수 있었다.
이어 2001년 초도양산과 전력화가 이뤄지면서 K7이 우리나라 최초의 국산 9㎜ 기관단총이자 소음총기로 자리매김하게 됐다.
■ 특징
조용한 총성과 높은 신뢰성…거친 적지에서의 특수작전에 특화
K7 소음기관단총의 특징은 당연히 ‘조용한 총성’이다.
국내 총기 중에 유일하게 작전요구성능(ROC)에 소음 수준이 포함돼있다. 규정은 120dB 이하인 것으로 알려져 있다.
박문선 본부장은 ""개발 당시 소음기관단총도 없었지만, 총기의 소음을 측정하는 방법도 없어서 함께 개발해야 했다""고 말한 뒤 ""MP5SD6의 소음기를 참고했지만, 특허 등의 문제를 고려해 전반적으로 독자적 설계가 이뤄졌다""고 설명했다.
2018년 4월 국방일보 취재 당시 측정한 값을 보면,
정밀 소음 측정 장비에서 3m가량 떨어진 위치에서 총기를 단발로 5발 사격했을 때의 평균값을 낸 결과 K7은 93.5데시벨(dB), K7에서 소음기를 제거했을 때는117dB를 기록했다.
K7의 소음기 유무에 따른 24dB의 차이는 소음기로 총성을 100배 이상 조용하게 만들어준다는 걸 의미한다. 이날 K7의 평균 측정값 94dB은 실내 사격시 옆방에서 잘 들리지 않는 수준의 소음이다.
K7의 소음기는 총기와 일체형으로 총구 장착형보다 소음 효과가 더 높을 뿐만 아니라 총의 길이가 늘어나지 않는다는 장점이 있다.
K7의 총열에는 30여 개의 구멍이 뚫려 있으며, 이 구멍으로 빠져나온 가스가 소음기 내부의 알루미늄 박판으로 이뤄진 벌집 구조의 미로를 통과하도록 함으로써 소음 효과를 얻는다.
박 본부장은 ""엔진 소음을 줄여주는 자동차의 머플러와 비슷하다고 보면 된다""고 말했다. 

K7 소음기의 내구수명은 규격상으로는 2000발로 돼 있으나, S&T모티브의 자체 실험으로는 6000발까지도 소음 성능의 저하가 없었다고 한다.
K7의 또 다른 강점은 단순한 구조와 그로 인한 내구성이다. 단순 블로우백이라는 간단한 구조는 모래 먼지가 날리는 사막이나 진흙이 가득한 해안 등 이물질이 많은 환경에서도 정상적인 사격을 보장한다.
이로 인해 MP5SD5가 외과 수술 같은 정확도로 인질을 보호해야 하는 대테러전에 강점을 보인다면, K7은 거친 적지에서의 특수작전에 더 특화됐다는 평가다.
이와 함께 K7은 K1A 기관단총의 아래 총몸과 K2 소총의 위 총몸을 기반으로 만들어져 많은 부품이 호환되며, 내부 공간에 여유가 있고 부품도 적어 정비가 용이하다는 점도 장점으로 꼽힌다.
박 본부장은 ""K7의 개발 과정에서 MP5SD6와 비교 평가도 이뤄졌는데, MP5SD6의 경우 사격 정확도를 높이기 위해 클로즈 볼트 방식을 채용한 대신 정밀한 부품 수가 많아져 거친 환경에 취약한 모습을 보였다""며 ""진흙에 담갔다 꺼낸 직후 MP5SD6가 연사 성능에 이상을 보인 반면, K7은 완벽하게 작동해 평가에 참가한 특전사 요원들들로부터 ‘멋지다’는 찬사를 받기도 했다""고 밝혔다.
■ 운용:
특전사 특수작전용으로 개발…선두에 서는 요원만 사용
K7은 소음이 작기 때문에 단거리에 있는 적을 제압하거나 차단할 때 반드시 필요한 화기. 특전사의 특수작전을 위해 개발된 만큼 타군·타 특수부대에서도 소량 사용하고 있지만 거의 특전사 전용 총기라고 보면 된다. 특히 특수작전팀에서도 가장 선두에 서는 요원에게 K7이 주어진다.
■ 수출
내수보다 10배 넘는 수량 수출…타국 공식무기체계로 지정도
K7은 내수 물량은 미미했던 반면 그 10배가 넘는 수량이 수출이 됐다. 2005년도 동남아 모 국가에 소량 수출이 이뤄진 이후, K7의 성능에 만족한 해당 국가가 K7을 자국의 공식 무기체계 중 하나로 지정한 뒤 현재까지 지속적으로 총기 자체와 수리부속의 수입 물량을 늘려가고 있다고 한다.
동남아에서 K7이 인기를 모은 이유는 총기 자체가 지역 환경에 잘 맞을 뿐만 아니라, 유럽이나 미국 총기업체보다 S&T모티브가 애프터서비스(AS)에서 강점을 보여줬기 때문이다.
■ 제원
구경 : 9mm
작동방식 : 블로우백
전장 : 788mm (개머리판 확장시)
총열장 : 134mm
무게 : 3.4kg
유효사거리 : 100m
강선 : 6조 우선
총구속도 : 295mm/sec
발사속도 : 1050 ~ 1250발 /min
■ 기사 원문
국방일보 기획연재 '국군무기도감' 2018년 5월 9일자 김철환 기자
☞ PDF로 일기
1.
대한민국에서 가장 조용한 총
2.
선택된 특전맨만 쓰는 국산 K7 ""소리 없이 강하다"""
https://kookbang.dema.mil.kr/newsWeb/20181127/2/ATCE_CTGR_0080020004/view.do,firepower,M114 155mm 곡사포,,"6·25전쟁 중인 1951년 5월 M114 견인 곡사포 미국에서 도입
M114 155mm howitzer
세계적으로 포병의 주력 야포는 견인포·자주포 여부에 상관없이 대부분 구경이 155mm급이다. 러시아도 130mm·240mm 구경의 야포도 많이 사용하지만 주력은 역시 152mm급이다.
152~155mm급이 주력의 위치를 지키고 있는 데는 여러 가지 이유가 있다. 155mm보다 구경이 작은 105mm급의 야포는 위력이 떨어진다.
155mm보다 더 큰 구경을 가진 야포는 포탄 위력 등 성능은 뛰어나지만 포탄 구경이 너무 커져 탄약 운반·장전에 어려움이 많아 효율성이 떨어지는 것이 단점이다. 
또 지속적인 성능 개량으로 현용 155mm 야포는 과거의 175mm나 8인치 야포 못지않은 성능을 발휘하기 때문에 155mm 야포가 주력의 위치를 지키고 있는 것이다.
우리나라에서 최초로 155mm급 야포를 사용한 것은 6·25전쟁 중인 1951년 5월 M114 견인 곡사포를 미국에서 도입하면서부터다. 육군본부가 1957년 발행한 ‘6·25사변 육군 전사’는 전쟁 중 도입된 M114의 총량이 303문에 달했다고 밝히고 있다.
M114는 미국에서 말이 아닌 차량이 견인할 것을 감안해 설계된 최초의 155mm 곡사포로 1934년께 개발을 시작, 1941년 개발에 성공하고 제식화됐다.
미국이 그 이전에 사용하던 155mm 곡사포는 프랑스식 설계를 적용한 M1917·1918 등 두 종류로 운반 수단인 말을 사용하던 시절에 개발돼 성능상에 한계가 많았다.
M114는 개발 당시 M1 곡사포로 불렀으나 제2차 세계대전 종료 후 현재의 명칭으로 변경됐다. 미국은 M114를 베트남 전쟁에서도 사용했으며 1978년 신형 M198 155mm 견인 곡사포로 교체했다."
https://kookbang.dema.mil.kr/newsWeb/20181127/3/ATCE_CTGR_0080020004/view.do,firepower,M110 8인치 자주포,,"국군 보유 화포 중 구경이 가장 큰 화포
M110 8inch Self-Propelled Howitzer
현재 세계 각국 포병의 주력 야포는 견인포·자주포에 상관없이 대부분 155mm급의 구경을 갖고 있지만, 이보다 큰 175mm와 8인치(203mm) 구경을 가진 야포도 존재한다. 

러시아는 서방권 국가에서 희귀한 130mm·240mm 구경의 야포도 많이 사용한다.
이처럼 130mm 이상의 구경을 가진 화포를 중(重)포로 분류한다. 또 화포는 운반 수단에 따라 자체 기동수단인 동력장치를 가진 자주포와 차량에 의해 견인되는 견인포로 나뉜다.
우리 군이 보유했던 가장 큰 구경의 화포는 8인치다.
제2차 세계대전 중 정확성과 요새진지 파괴력 면에서 큰 인기를 모았다. 자주형과 견인형, 두 종류 모두 존재한다. 8인치 자주포는 제2차 세계대전을 통해 155mm 자주포의 전쟁 수행 능력의 교훈에 따라 자유로이 움직이는 차대 위에 중포를 탑재·운용하려는 노력의 결과로 등장했다.
미군은 최초 M4 전차의 차대에 M43 8인치 곡사포를 탑재시켰으며 이후 지속적인 성능 개량을 해 1961년 현재와 같은 M110 8인치 자주포가 등장, 베트남전에서 처음으로 운용했다. 이어 두 차례에 걸쳐 사거리 연장형을 선보인 바 있다.
8인치 화포는 자주포의 경우 길이가 11m, 중량이 26톤 정도로 견인포보다 길이가 3m 짧은 대신 14톤 정도 더 가볍다. 포신은 유압장치에 의해 움직인다. 차체에는 탄약 2발만 적재하고 나머지는 함께 기동하는 M548탄약운반차를 이용한다.
우리 군은 8인치 견인포의 경우 6·25전쟁 후 미군이 운용하던 것을 처음 인수해 장비했으며, 자주포는 1966년 미군으로부터 인수받아 1개 대대를 창설해 운용하기 시작했다.
이어 1971년 한국군 장비현대화 계획에 따라 미군으로부터 추가로 장비를 인수, 야전에 배치해 전방 군단을 지원하는 주요 화력으로 자리매김했다.
■ 제원
전장 : 11.26m
폭 : 3.10m
높이 : 2.81m
중량 : 27kg
주포 : M2 203mm 곡사포
최대사거리 : 17Km
최대발사속도 : 1.5발 / 분
지속발사속도 : 0.5발 /분
항속거리 : 624km
승무원 : 5명 (조종수 1명, 포수 2명, 탄약수 2명, 탄약운반차량 8명은 불포함)
경남 사천 항공우주박물관 야외전시장의 M110 8인치 자주포. 육군1포여단 818대대에서 운용되었다가 퇴역 후 이곳에 공여되었다."
https://kookbang.dema.mil.kr/newsWeb/20181127/4/ATCE_CTGR_0080020004/view.do,firepower,M107 175mm 자주평사포,,"2005년 6월 현역에서 완전히 물러나
화포를 탄도에 따라 구분할 때, 전차포와 같은 직사포를 제외하면 대부분 곡사포지만 탄도 곡선이 직사포보다 높고 곡사포보다 낮은 평사포도 있다.
포신이 올려지는 각도가 45도 미만으로 보통 20~25도 사이에서 최대 사거리를 갖는다. 긴 포신이 특징이다. 포신이 긴 만큼 포구 속도가 빨라 포탄을 멀리 보낼 수 있으며 관통력이 우수하다. 따라서 원거리 표적을 공격할 때 유리하다.
175mm M107 평사포는 1959년에 개발되었다. 완전 궤도식 자주형으로 운행되며, 포신은 유압장치에 의해 상승, 선회시킨다. 28톤의 무게에 전체 길이가 11m이며 최대 사거리는 32km로 60%의 등판 능력을 가지며 최대 시속 55km로 달릴 수 있다.
우리 군은 1971년 장비 현대화 계획에 의해 미 군원으로 제공받아 운용해 왔으나 2005년 6월 현역에서 완전히 물러났다.
■ 제원
전장 : 11m
포열길이 : 11cm
중량 : 28,165kg
최대발사속도 : 1.5발/분
지속발사속도 : 0.5발/분
최대운행속도 : 55km/h"
https://kookbang.dema.mil.kr/newsWeb/20181127/5/ATCE_CTGR_0080020004/view.do,firepower,M59 155mm 평사포,,"8인치 곡사포와 동일한 포가를 사용
미국이 1930년대 말에 개발해 제2차 세계대전에서 운용한 화포이다.
우리 군은 1953년 미 군원 품목으로 인수해 운용하기 시작했다.
이 포는 8인치 곡사포와 동일한 포가를 사용한다.
■ 제원
전장 : 10m
포열장 : 702cm
중량 : 13,645kg
최대사거리 : 23,500m
최대발사속도 : 2발 / 분"
https://kookbang.dema.mil.kr/newsWeb/20181127/6/ATCE_CTGR_0080020004/view.do,firepower,KH178  곡사포,,"1978년에 독자 개발에 착수한 대한민국 최초의 곡사포
번개사업을 통해 화포 개발에 자신을 갖게된
국방과학연구소는 화포의 국산화를 시도하게 된다. 1978년부터 M101의 국내 생산에 만족하지 않고 사거리가 더 길고 포신 등 주요 부품이 다른 독자적인 신형 105mm 곡사포 개발에 나선 것이다.
그 결과물이 1983년에 전력화된 KH178 곡사포이다.
KH178에서  K는 ‘Korean’, H는 ‘Howitzer’, 1은 최초, 78은 개발시작 연도를 각각 뜻한다. 즉 '1978년에 독자 개발에 착수한 대한민국 최초의 105㎜ 곡사포'라는 화포 개발의 자주 선언적 의미를 담고 있다.
이 곡사포는 사거리가 14.6㎞로 M2·M101 계열의 11.2㎞보다 더 길다.
■ 제원
총중량 : 2650kg
전장 : 4m (이동)
구경 : 105mm / cal.37
포신길이 : 4m
최대사거리 : 14.7km(HE) 18km(RAP)
최대 발사속도 : 5발 / 분
지속 발사속도 : 3~5발
사거리 : 15m(HE) 
          18km(RAP)
제작사 - 기아기공 (현 현대위아)"
https://kookbang.dema.mil.kr/newsWeb/20181127/7/ATCE_CTGR_0080020004/view.do,firepower,M2A1 곡사포,,"1950년 7월 인수 시작해 6·25전쟁  중 주력 곡사포
한국 육군이 운용했거나 운용하고 있는 105mm 곡사포는 M3을 시작으로 M2·M2A1·M101·M101A1·M101 국내 생산형, KH178 등 다양한 모델이 있다.
이 중 M3과 국내에서 개발한 KH178을 제외하고는 계통적으로 유사한 곡사포라고 할 수 있다.
M2A1 곡사포는 1950년 7월부터 한국군이 인수, 같은 해 9월께부터 6·25전쟁 당시 수적으로 우리 육군의 주력 곡사포가 됐다.
미국은 6·25전쟁 종료 후 곡사포를 포함한 각종 무기 체계의 제식 명칭을 일제히 변경했다. 유사한 제식 명칭이 많아 혼돈스러웠기 때문이다. 이때 105mm 곡사포 M2A1도 M101로 명칭이 바뀌었다.
☞ M101A1 기사를 읽어주세요"
https://kookbang.dema.mil.kr/newsWeb/20181127/8/ATCE_CTGR_0080020004/view.do,firepower,M101A1 105mm 곡사포,,"미국 6·25전쟁  후 M2A1 등을 M101로 명칭 바꿔
▶쌍용훈련 중 105mm 곡사포 실사격을 하고 있는 현역과 예비역 장병들. 국방일보DB.
한국 육군이 운용했거나 운용하고 있는 105mm 곡사포는 M3을 시작으로 M2·M2A1·M101·M101A1·M101 국내 생산형, KH178 등 다양한 모델이 있다.
이 중 M3과 국내에서 개발한 KH178을 제외하고는 계통적으로 유사한 곡사포라고 할 수 있다. M3은 1948년 우리 육군이 최초로 운용한 곡사포로 공수부대가 사용하기 적합하도록 경량화된 것이 특징이다.
M2 곡사포는 1934년 미국에서 처음 개발된 105mm 곡사포의 베스트셀러다. M2는 1940년 포가의 형태를 개조하면서 포미환의 형태도 바뀌었다. 이 모델을 M2A1이라고 부른다.
특히 M2A1 곡사포는 1950년 7월부터 한국군이 인수, 같은 해 9월께부터 6·25전쟁 당시 수적으로 우리 육군의 주력 곡사포가 됐다.
미국은 6·25전쟁 종료 후 곡사포를 포함한 각종 무기 체계의 제식 명칭을 일제히 변경했다. 유사한 제식 명칭이 많아 혼돈스러웠기 때문이다. 이때 105mm 곡사포 M2A1도 M101로 명칭이 바뀌었다.
M101은 포가의 형태에 따라 M101 원형과 M101A1로 다시 나뉜다. 
이처럼 M2부터 M101A1까지의 105mm 곡사포들은 사실상 거의 동일한 종류의 화포라고 할 수 있다.
국산 M101 은 어떻게 만들어졌을까.
1970년 초반 박정희 대통령의 자주국방 정책에 따라 주요 무기 체계의 국산화 시도가 활발히 이뤄졌다.
이때 105mm 곡사포도 역설계를 통한 국내 생산이 시도됐다. 보유하고 있던 M2A1 곡사포가 노후해 신품이 필요했으나 미국으로부터 M101 곡사포 도입이 쉽지 않았기 때문이다.
국방과학연구소(ADD) 연구원들은 도면도 없는 상태에서 한국군이 보유한 곡사포의 규격을 측정, 설계 개념을 파악했다. 
포신의 강선을 가공할 수 있는 기계도 없는 상태에서 강선 가공 기계를 자체 제작하는 등 애로 사항이 한두 가지가 아니었지만 1973년 3월 마침내 시제품이 완성됐다.
같은 해 6월25일 박대통령이 참석한 가운데 105mm 곡사포 등 다양한 국산 무기 시제품의 시사회(試射會)가 열려 성능을 과시하기도 했다. 정밀 가공 기술 기반이 거의 전무한 상태에서 이뤄 낸 기적이었다.
미국은 한국의 곡사포 개발에 냉담한 태도를 취했으나 105mm 곡사포 개발이 성공하자 태도를 바꿨다. M101 곡사포 설계도 제공을 제안하면서 대신 해외 수출은 미국과의 협의를 거칠 것을 요구해 온 것.
결국 유재흥(劉載興) 국방부장관과 리처드 G 스틸웰 주한미군사령관이 1973년 6월9일 만나 군 병기·장비 물자에 관한 기술 자료 교환 문제를 협의하고 같은 해 9월12, 13일 열린 한미 안보협의회의(SCM)에서 이 문제에 관한 최종 합의를 보게 됐다.
이로써 한국은 미국으로부터 M101 105mm 곡사포를 포함한 각종 병기의 도면 등 기술 자료를 1974년부터 입수하게 됐다. 이에 따라 1976년까지 M101 국내 생산에 필요한 기반을 모두 갖추고 1977년부터 생산이 시작됐다.
국방과학연구소는 78년부터 M101의 국내 생산에 만족하지 않고 사거리가 더 길고 포신 등 주요 부품이 다른 독자적인 신형 105mm 곡사포 개발도 시도했다. 그 결과물이 1983년에 전력화된 KH178 곡사포다.
■ 제원
전장 : 6m (견인)
전폭 : 2m (견인)
중량 : 2,350kg
최대사거리 11km
최대발사속도 : 최초 3분간 10발
지속발사속도 : 3발
■ 기사 원문
국방일보 ‘무기의 일생’ 김병륜 기자, 2004년 1월 15일자"
https://kookbang.dema.mil.kr/newsWeb/20181127/9/ATCE_CTGR_0080020004/view.do,firepower,M3 105mm 곡사포,,"1949년 4월5일  경기도 광주에서 최초로 포병 실탄 사격
우리 육군 포병이 최초로 보유한 야포는 M3 105mm 곡사포였다.
제2차 세계대전 당시 미국 육군 사단 포병의 주력 장비는 M3 곡사포가 아닌 M2 105mm 곡사포였다. M3 곡사포는 M2 곡사포를 공수 부대용으로 경량화한 것. 다시 말해 M3 곡사포는 일반적인 표준형이 아니라 공중에서 투하할 수 있도록 가볍게 제작한 야포였다.
미국은 원래 제1차 세계대전 무렵까지 차량이 아닌 말(馬)로 견인하는 75mm급 곡사포를 주력으로 사용했다.
1920년부터 신형 105mm 곡사포를 개발하기 시작, 1928년 M1 105mm 곡사포를 개발 완료했지만 대량으로 양산하지는 않았다. 
1940년 M1을 개량한 M2 105mm 곡사포를 처음 개발하고 1942, 1943년 개량형인 M2A1과 M2A2를 제식화했다.
M2 곡사포는 제2차 세계대전 종료 후 제식명이 M101로 바뀌어 현재까지 수많은 국가에서 운용하고 있을 정도로 105mm급 곡사포의 베스트셀러다.
하지만 우리 군이 운용한 M3 곡사포는 1942년부터 1943년까지 북아프리카 지역에서 미군 공수 부대에 의해 2년 정도 운용됐을 뿐이다. 1942년 생산을 시작한 M3 곡사포는 M2와 구조가 거의 동일하며 포탄도 호환되지만 추진 장약은 별개의 규격을 사용했다.
M3 곡사포는 공수 부대용인 만큼 크기도 작고 가볍다. M2 곡사포의 무게는 2029kg이지만 M3 곡사포는 1131kg에 불과하다. 포신의 길이도 M2 곡사포는 3m이고 M3 곡사포는 2m밖에 되지 않는다. 당연히 이동에는 편리하지만 포신이 짧은 만큼 사거리도 짧은 것이 중요한 약점이었다.
M3 곡사포의 최대 사거리는 7584m, 유효 사거리는 6525m에 불과해 M2 곡사포 사거리의 3분의 2 정도밖에 되지 않았다.
1963년 육군포병학교가 발간한 ‘포병의 발자취’에 따르면 우리 육군에 최초의 포병 부대인 포병훈련소가 창설된 것은 1948년 6월26일이다. 서울 용산구 후암동의 제2포병훈련소, 경남 진해의 제3포병훈련소에서 처음으로 포병 간부 교육을 실시했으며 이때 실습용으로 사용한 장비가 바로 M3 곡사포다.
M3 곡사포를 이용한 최초의 포병 실탄 사격은 경기도 광주에서 1949년 4월5일 실시됐다. 포병훈련소가 설치된 지 10개월, 육군 잠정 포병사령부가 설치된 지 4개월 만에 처음 실시한 이 실탄 사격 시범에는 이승만 대통령을 포함한 정부 고위 관계자와 주한 외교 사절까지 참석했을 정도로 군내외의 큰 관심을 모았다.
6·25전쟁이 발발했을 때 M3 곡사포 91문만을 보유한 육군 포병 부대는 큰 어려움을 겪었다. 우리 육군이 제대로 된 표준형의 105mm 곡사포도 보유하지 못했지만 북한군은 훨씬 구경이 큰 122mm 곡사포를 보유했기 때문이다. 사거리·화력 모두 북한 포병에 비해 열세였다.
한국 포병이 M2 곡사포를 인수한 것은 전쟁 발발 이후인 1950년 7월6일이었다. 최초 인수 수량은 13문이었으나 순차적으로 각 부대로 보급돼 1950년 9월 무렵에는 우리 포병의 주력 야포가 M3에서 M2로 완전 교체됐다.
M3 곡사포는 짧은 기간 운용됐지만 우리 육군 포병 역사에 중요한 발자취를 남겼다. 개전 초 북한의 T-34 전차를 상대로 간접 사격이 아닌 직접 조준 사격을 감행하며 용감히 싸우다 장렬히 산화한 고(故) 김풍익 중령의 포병대대가 보유한 장비가 다름 아닌 M3 곡사포였기 때문이다. M3은 포병 투혼을 상징하는 곡사포라고 할 수 있다.
M3 곡사포는 미국에서도 소량을 보유했고 제한적으로만 운용했기 때문에 실물이 별로 남아 있지 않다. 국내에서 M3 곡사포를 볼 수 있는 대표적인 곳은 경남 사천에 위치한 항공우주박물관 야외 전시장이다.
이 M3 곡사포는 6·25전쟁 종군 기자로도 유명한 지갑종(池甲鍾·77) 유엔 한국참전국협회장이 일본 오키나와(沖繩)의 미군 부대로부터 1968년 기증받은 것으로 포신에 국군(國軍)이라는 글자가 음각돼 있는 것이 특징이다.
■ 기사 원문
   국방일보 ‘무기의 일생’ 김병륜 기자, 2004년 12월 21일
▶ 하와이에 위치한 미 육군 박물관에 전시되어 있는 M3 105mm 곡사포. 사진= 위키피디아"
https://kookbang.dema.mil.kr/newsWeb/20181127/1/ATCE_CTGR_0080020001/view.do,firepower,K5 권총,,"세계 유일의  ‘속사(Fast action)‘ 기술 탑재한 권총
K5 권총은 우리나라가 독자 개발한 총기라는 점에서 큰 의미가 있다. K2 소총과 마찬가지로 K5 권총 역시 개발과정에서 당대 세계 유수의 권총들이 가진 장점을 집대성하겠다는 의지가 담겨 있다.
그 결과 ‘속사(Fast action)‘라는 세계 유일의 기술을 탑재한 권총이 탄생한 것. 해외 민수 시장에도 3만 5000정 가량이 수출돼 ‘흥미로운 기능이 있는 가성비 높은 권총’이라는 평가를 받고 있다.
■ 역사 : ‘9mm 구경’ 세계 트렌드 반영
미군은 1970년 말 전군의 권총을 통일하기 위한 합동제식소화기사업(JSSAP)를 추진하고, 미 공군의 시험평가를 통해 1981년 베레타 92S를 차기 권총으로 선정한 바 있다.
이후 미 육군이 다시 시험평가를 진행하면서, 실제 베레타 M9이 제식 권총으로 채용되기까지는 수년이 더 걸렸지만, JSSAP는 세계 권총의 트렌드가 45구경 탄환에서 9㎜ 구경 탄환으로 전환됐다는 것을 보여주는 사건이었다.
기존까지 미 육군은 1911년 채용한 45구경의 콜트 M1911 시리즈를 70년 가까이 제식권총으로 사용하고 있었다.
6·25전쟁과 베트남 전쟁을 거치면서 미군에게서 공여받은 수많은 콜트 M1911A1을 Cal.45라는 명칭으로 사용하고 있던 우리 군도 세계적 흐름을 외면할 수는 없었다.
이에 우리 군은 군 장비 현대화 계획에 따라 한국인 체형에 적합하고, 탄약 공급을 원활하게 할 수 있는 신형 권총의 개발을 목표로 1981년 4월 신형 권총의 국내 생산 가능성 검토 지시를 내렸다. 이어 1983년에는 국방과학연구소(ADD)와 대우정밀(현 S&T 모티브)이 중심이 돼 한국형 권총 사업 기본 조사가 이뤄졌다.
이미 K1 기관단총과 K2 소총을 성공적으로 만들어낸 우리 군과 연구기관, 제작사는 1985년 자신감을 갖고 9㎜ 군용 제식 권총 개발에 착수키로 한다. 업체주도 국내개발인 9㎜ XK5 권총은 1986년 실용 기술시험에 이어 88년 1월 실용 운용시험, 같은 해 10월 규격 제적을 거쳐 1989년 9월부터 본격 초도양산이 이뤄지게 됐다.
■ 특징 : 초탄 명중률·안정성 높이는 ‘속사’
K5 권총의 가장 큰 특징은 양산 권총 중 세계 유일이라 할 수 있는 ‘속사(Fast action)’ 기능이라 할 수 있다.
권총의 방아쇠 작동방식은 크게 슬라이드를 당기거나 공이를 젖혀서 발사준비를 하고 방아쇠를 당겨서 격발하는 ‘단동식(Single action)’, 방아쇠를 당기면 공이가 젖혀지면서 발사 준비가 된 뒤 격발까지 이어지는 ‘복동식(Double action)’ 두 가지로 구분할 수 있다.
단동식 권총의 경우 발사 준비 뒤 방아쇠 압력이 가볍다는 장점이 있지만, 초탄 발사를 위해서는 준비 동작이 필요해 신속한 대응에 어려움이 있다는 것이 단점이다. 복동식 권총은 그 반대로 슬라이드를 당기는 등 준비 동작 없이 발사를 시작할 수 있지만, 초탄 발사 시 방아쇠 압력이 높아 명중률에 영향을 미쳤다.
제작사인 S&T 모티브는 K5 권총을 개발하면서 이 두 방식의 장점을 모두 누릴 수 있도록 ‘속사’라는 독자적인 기능을 탑재했다.
속사를 사용하려면 단동식과 같이 발사준비를 한 상태에서 공이를 다시 제자리로 돌려놓으면 된다. 이후 방아쇠를 당기면 복동식과 같이 방아쇠 움직임은 길지만, 단동식처럼 방아쇠 압력이 낮아 오발은 줄이고 초탄 명중률은 높일 수 있다.
이 기술의 국제 특허권은 S&T 모티브가 가지고 있다.
이와 함께 K5는 강철에서 알루미늄 합금으로 권총의 소재가 변화하던 당시 트렌드를 받아들여 상당한 경량화를 이뤘으며, 수동 안전과 공이 차단시스템, 안전레버, 탄창 제거버튼 등을 모두 양손으로 조작 가능하게 해 왼손잡이인 인원들도 불편 없이 사용이 가능하다.
■ K5 권총은 누가 사용하는가?
K5 권총의 지급 범위는 각급 부대별 편제에 따라 미묘한 차이가 있지만, 대략 ‘국군장교와 헌병, 전차병 및 특수병과’로 볼 수 있다.
육군은 참모직위의 간부, 주로 영관 장교들에게 K5 권총이 지급되며, 이들은 1년에 상·하반기 각 1회의 권총사격 훈련을 통해 사격술을 유지한다.
이와 함께 전차병 등 소총을 가지고 기계화장비를 운용하기 어려운 인원, 보조화기가 필요한 특수전 요원과 헌병 특수임무반 장병 등에게 K5 권총이 주어지기도 한다.
JSA 대대의 경우 병사에게도 K5 권총이 지급된다.
해군도 육군과 비슷한 기준으로 권총이 지급되지만, K5보다는 Cal.45와 Cal.38 등 구형 권총의 비율이 높은 편이다. 이에 따라 함정 근무자들을 중심으로 K5, 육상 근무자들은 주로 구형권총을 사용한다. 훈련 빈도는 역시 1년에 2번.
공군은 대위 이상의 장교들에게는 권총을 지급하는데, 각 비행단 실정에 따라 다르지만 조종사에게는 K5 권총을 주는 편이다. 조종사들의 경우 평시에는 권총을 휴대하지 않고, 주요 훈련 시에만 권총을 차고 비행한다.
■ 제원
구경 : 9×19mm
작동방식 : 쇼트리코일방식
전장/총열장 : 190mm/105mm
무 게 : 728g (빈탄창)
강선 : 6조 우선 254mm/1회전
총구속도 : 351m/s
유효/최대사거리 : 50m
사격모드 : 단식, 복식, 속사
탄창용량 : 12발
옵션 : 스텐레스 합금 슬라이드
■ 기사 원문
국방일보 ‘국군무기도감’ 김철환 기자, 2018년 3월 2일자
☞ PDF로 보기
흥미롭고 자랑스런 K5 권총
http://pdf.dema.mil.kr/pdf/pdfData/2018/20180302/B201803021101.pdf
세계 유일 특허기술 빛나네
http://pdf.dema.mil.kr/pdf/pdfData/2018/20180302/B201803021201.pdf"
https://kookbang.dema.mil.kr/newsWeb/20181121/2/ATCE_CTGR_0080020001/view.do,firepower,38구경 리볼버,,"탄환 가벼워 위력 약해...비전투원용으로 사용
38구경 리볼버는 1889년 미국의 콜트에서 생산한 권총이다.
리볼버(revolver), 즉 ‘회전식’ 권총은 이름 그대로 약실을 겸하는 탄창이 회전해 연속 사격이 이뤄진다. 현재의 일반적인 리볼버는 방아쇠를 당기면 탄창이 한 칸 회전하며 동시에 공이치기가 작동해 격발이 이뤄진다.
미 해군이 군용으로 첫 사용했으며, 미 육군은 1903년 군용으로 채택했다. 탄환 중량이 가벼운 탓에 살상 위력이 약한 편이어서 전투용으로는 부적합한 것으로 평가받았다. 따라서 비전투 부대원용으로 사용되는 것이 일반적이다.
육군은 1948년에 미군에게서 공여받아 장성 및 수사요원 등에 지급, 호신용으로 사용토록 했다.
■ 제원
전장 17cm
중량 600g
최대사거리 868cm,"
https://kookbang.dema.mil.kr/newsWeb/20181121/3/ATCE_CTGR_0080020001/view.do,firepower,M1911A1 권총,,"1949년 미군에게서 공여받아 지금도 일부 부대에서 운용
단총이라고도 불렸던 권총은 구조상 회전식 권총(리볼버)과 자동식 권총(오토매틱 피스톨) 두 가지로 구별된다. 자동식 권총은 장전 탄수가 많고 간편하기 때문에 군용으로 많은 나라에서 사용된다.
국군 초창기 대부분의 무기가 그러했듯 권총 역시 우리 군은 1949년 미군으로부터 공여받아 운용했다. 콜트45로 불리기도 하는 M1911A1 권총도 그 중 하나이다.
M1911은 1890년대 총기 설계의 천재로 불린 존 M 브라우닝(John Moses Browning)의 설계를 통해 탄생했고 1911년 3월29일 ‘US 오토매틱 피스톨 45구경 M1911’이라는 이름으로 미 육군 제식권총으로 채택됐다.
이후 1926년 제1차 세계대전 중 지적된 문제점을 보완한 M1911A1이 등장, 제2차 세계대전을 통해 연합국을 비롯한 세계 각국에 널리 보급됐다.
정확한 통계자료가 없어 기록을 인정받고 있지는 못하지만 미국을 비롯, 세계 각국에서 수백만 정이 생산된 것으로 추정되고 있다.
반동이 심해 제대로 사격하기 위해서는 많은 연습이 필요하며 장탄수가 7발에 불과하다는 점이 단점으로 꼽힌다.
콜트45는 군용뿐만 아니라 민간용으로도 크게 인기를 끌었다.
콜트45는 다양한 파생형 모델이 존재하며 한때 경쟁관계에 있던 스미스 & 웨슨에서도 동일한 디자인의 권총을 생산할 정도로 여전히 인기가 좋다.
비록 본가인 미군에서는 이미 M9 베레타 권총에 제식권총의 자리를 물려줬지만 그린베레를 비롯, 해병원정군(MEU)·특수임무부대(MSPF) 등에서 지속적인 개량을 통해 꾸준히 사용되고 있다.
■ 제원
전장 : 21.9cm
중량 : 1.13kg
최대 사거리 : 150m
유효 사거리 : 50m
■ 참고
국방일보 '재미있는 군대상식' <79>군용권총 콜트45, 계동혁 2003년 9월 2일자"
https://kookbang.dema.mil.kr/newsWeb/20181121/4/ATCE_CTGR_0080020001/view.do,firepower,K3 기관총,,"보병 분대를 지원하는 강력한 화력
K3 기관총은 K201 유탄발사기와 더불어 분대의 가장 강력한 화력이며, 박격포 다음가는 중대급의 주요 화기이기도 하다. 소총의 두 배가 넘는 무게에 운용자들의 어깨를 무겁게 하지만, 대부분 훈련에서 경계조로 열외하게 해주는 ‘애증’의 관계이기도 하다.
■ 역사
70~80년대 기관총 최신 트렌드에 발맞추다
K3 기관총은 보병 분대원과 동일한 구경의 탄약 호환성을 유지하며, 1인 운용이 가능한 경량의 분대 지원화기가 필요하다는 요구에 따라 국방과학연구소(ADD) 주도로 당시 대우정밀(현 S&T모티브)과 개발을 진행했다.
1978년 군의 첫 소요제기와 함께 탐색개발이 추진됐으며, 1983년까지 선행개발과 실용개발 사거리 연장을 위한 기초연구 등을 통해 실험시제 4정과 시제 5정을 제작하면서 첫 국산 기관총을 만들기 위핸 기술적 토대를 마련했다.
이후 1986년 율곡사업계획 및 예산집행 승인이 이뤄지면서 본격적으로 XK3 체계개발이 가속화됐다.
K3기관총은 미군의 M249 기관총과의 외형적 유사성 등으로 인해 ‘그대로 베꼈다’고 오인하는 이들도 있지만, 부품 규격도 다르고 대부분 호환도 안 되는 서로 다른 총기다.
실제 개발 과정에서 참고한 총기는 미군 M249의 원형인 벨기에 FN사의 미니미(Minimi)였다. 미니미가 1977년부터 본격 양산을 시작했으며 미군이 M249를 도입한 시점이 1984년인 것을 본다면, 1978년부터 K3개발에 착수한 우리의 움직임이 당시 기관총의 최신 트렌드에 발맞춰 나가기 위한 노력이었음을 알 수 있다.
K시리즈 총기 개발에 직접 참여한 S&T모티브의 최영진 고문은 ""기관총은 역사가 깊은 무기 체계로 K3 개발 당시 이미 세계적으로 기술이 거의 정점에 이른 상태였기에 구조적으로 유사해질 수밖에 없는 여건이었다""고 회고했다.
K3 기관총은 1987년 규격화를 완료하고 1989년부터 생산·납품을 시작해 오늘에 이르고 있다.
우리 군은 지난 2015년부터 K3 기관총의 후예인 차기 경기관총 개발을 추진 중에 있다. 새로운 기관총은 기존 K3보다 더욱 무게를 가볍게 하고, 편의사양을 대거 적용해 전투력을 높일 예정이다. 또 부품에 대한 신뢰성과 내구성을 높이는 데 중점을 뒀다.
■ 특징 :
동양인 체형에 맞춘 디자인으로 부담 없는 운용
K3 기관총의 가장 큰 특징은 다른 세계 유수의 6mm 기관총들과 마찬가지로 ‘단독으로 조작과 운반이 가능한 기관총’이라는 점이다.
8mm 탄약을 쓰는 M60 기관총은 강력한 화력을 갖고 있었지만, 구경이 큰 만큼 총도 크고 무거워 혼자서 운용하기엔 무리가 있었다. 또 M-16을 위시해 6mm가 대세가 된 서방 세계 각국의 소총탄과도 호환이 안 된다는 문제가 있었다.
이에 따라 세계 각국은 6mm 탄약을 사용하는 기관총 개발에 착수했으며, 그에 발맞춘 K3도 유사한 장점을 갖고 있다. 
먼저 일반 소총수들의 탄약을 함께 쓸 수 있다.
K3의 경우 우리 군의 제식소총인 K2 소총과 같은 강선구조를 갖고 있어 K2 소총과 같은 K100탄을 썼을 때 최적의 화력을 발휘할 수 있다. 유사시에는 K2 소총의 탄알집을 그대로 꽂아서 쏠 수도 있지만 권장되지는 않는다.
이와 함께 발열로 인해 의도치 않은 연사가 발생하는 ‘열폭발 현상’을 방지하는 ‘개방형 노리쇠’ 방식과 송탄력을 극대화하는 ‘하프 피딩 시스템(Half Feeding System)‘을 채택했다.
하프 피딩 시스템은 노리쇠 전진할 때와 후진할 때 절반씩 송탄이 이뤄지는 개념으로, 송탄기구 크기가 작을 뿐만 아니라 안정된 송탄을 보장함으로써 부사수 도움 없는 1인 운용을 가능케 했다.
이와 함께 연사 후 추가 장비가 필요 없는 신속 총열 교환 구조, 격발시 사수의 손가락 충격을 방지하고 격발 부담감 감소, 정확도 향상, 단발자 작동을 확실하게 해주는 충격 방지용 방아쇠도 도입했다.
FN 미니미 등 타국 6mm 기관총과 차별화되는 K3만의 장점도 있다.
먼저 사수의 어깨에서 손잡이와 전방 파지점까지의 거리를 짧게 해 서양인들보다 전반적으로 체구가 작은 동양인들도 부담 없이 다룰 수 있게 했다. 또 총열 길이가 더 길어 장거리 표적제압에 유리하며 무게도 조금 더 가볍다. 대·중·소로 나뉜 ’가스 조절기‘도 있어, 기온이 다양한 조건 속에서도 가스압을 조절해 원활한 작동을 보장할 수 있다.
■ 평가 :
정비만 잘하면 분소대급 ‘최강 화력’
K3 기관총 운용 현장을 살펴보기 위해 육군9사단 황금박쥐연대의 사격집중 주간 영점·축소사격 현장을 찾았다.
황금박쥐연대 수색중대의 이호성 일병과 조정완 일병은 새롭게 K3 기관총 사수와 부사수 임무를 맡기 위해 영점 잡기에 여념이 없었다.
이들은 먼저 주 총열의 가늠쇠를 조절한 뒤 사격을 통해 가늠자의 영점을 맞췄다. 이어 예비총열로 교환한 뒤 영점을 맞춰놓은 가늠자를 기준으로 가늠쇠를 조절해 모든 총열로 정확한 사격을 할 수 있게 했다.
이어 이 일병과 조 일병은 축소표적지를 활용한 10m 거리의 축소사격을 통해 K3 사격의 기본기를 익혀나갔다.
총을 끊어 쏘는 점사 방식으로 수평으로 늘어선 적을 제압하는 횡사와 세로 방향을 공격하는 종사, 대각선으로 포진한 적을 격멸하는 사사 등의 기술이 그것.
방세한(대위) 수색중대장은  ""K3 사수는 200발, 부사수가 400발 등 총 600발의 탄약을 휴대하는데, 연사로 쏠 경우 1~2분이면 보유 탄약을 다 소진할 수 있다""면서 ""K3는 별도의 점사 기능이 없으므로 방아쇠 감각으로 끊어 쏨으로써 탄약을 효율적으로 활용하고, 명중률도 높이는 연습을 중점적으로 진행한다""고 설명했다.
K3 기관총의 사격 자세는 ‘엎드려쏴’가 기본이지만, 이동 간에 적을 조우했을 때 사용할 수 있는 ‘서서 쏴’와 ‘제1구부려 쏴’, ‘제2구부려 쏴’ 자세도 존재한다.
서서 쏴는 일반적인 소총의 그것과 같으며, 제1구부려 쏴는 기마자세에서 허벅지 안쪽에 개머리판을 견착하는 방식이다. 제2구부려 쏴는 말 그대로 영화 캐릭터 람보가 기관총 쏘는 자세를 연상하면 된다.
중대장은 ""적을 조우했을 때도 가장 큰 효과를 발휘할 수 있는 것은 빨리 엎드려쏴를 하는 것""이라면서 ""실제 전시에는 엎드려쏴와 함께 입사호 사격이 주로 사용될 것""이라고 말했다.
K3 기관총에 대해 중대장은 ""K3 기관총이 기능고장 등에 대한 소문이 안 좋게 나 있지만, 부품교환이나 사용자 정비만 충분히 이뤄진다면 분소대급에서 가장 강력한 화력을 낼 수 있는 우수한 화기""라 평가했다.
이러한 야전의 의견에 따라 육군3야전군사령부는 K3 기관총이 제 성능을 발휘할 수 있도록 지난 5월 기능고장 최소화 방안을 예하 부대에 시달한 바 있다.
주요 활동부 이물질·탄매 제거, 윤활유 도포, 덮개 초립체 송탄지레·연결링크 LSA 주유, 노리쇠 활동부 주유 등의 기본적 손질만으로 기능고장을 기존의 11분의 1로 줄일 수 있다는 것. 
이와 함께 각 사단급 부대마다 조금씩 다르지만, 평균 경계부대 월 1회, 주둔지 분기 1회 수준으로 야전 순회정비를 진행해 K3 기관총의 전투력을 유지하고 있다.
■ 제언
건강하고 튼튼한 K 3기관총을 사용하려면
현재 생산·보급돼있는 K3 기관총들은 대부분 개발 초기의 문제점을 보완한 제품들이다. K3 기관총의 제작사 S&T 모티브는 1993년과 2000년, 2003년에 걸쳐 문제점으로 지적되던 부분들을 대부분 개선한 바 있다.
이에 S&T 모티브에서는 야전에서 K3 기관총의 전투력을 유지할 수 있는 관리 요령을 제시했다.
S&T 모티브 QA팀의 권혁린 대리는 ""일반 사용자의 경우 피스톤 부위와 송탄덮개만 잘 관리해도 K3 기관총의 원활한 사격에 큰 도움이 될 것""이라고 말했다.
피스톤은 원래 크롬도금으로 반짝거리는 부품이지만 사격 시 가스압을 가장 많이 받는 부품인 만큼 금방 탄매로 뒤덮인다. 이러한 탄매는 사격 직후 바로 제거해주면 깨끗이 청소되지만, 방치하면 단단히 고착되며 그 상태로 윤활유를 주유할 경우 답이 없는 상태까지 악화된다.
또 탄약이 원활하게 총기 안으로 들어오게 하는 송탄 덮개를 구성하는 송탄 지레와 탄약눌림쇠 등의 부품의 작동 여부 확인과 이들을 부드럽게 움직이게 할 주유도 굉장히 중요하다. 주유 요령은 넘치게 붓기보다는 각 부품이 반질반질 빛날 정도가 적당하다.
이밖에 개발 이후 오랜 시간이 지난 K3 기관총인 만큼 부품 노후화가 진행됐을 가능성이 있으므로, 사용자가 기능고장 시 이를 소상하게 정비부서에 전달해 교체가 이뤄질 수 있도록 하는 활동도 필요하다.
권 대리는 ""내구도 시험에 따르면 200발 사격 후마다 총기 분해정비를 해주는 것이 좋지만, 이는 현실과 맞지 않으므로 실사격 전·후에만 이러한 관리를 해줘도 충분하다""면서 ""총기에 조금만 더 애정을 갖고 관리해주면 그 총기도 사용자의 믿음을 배신하지 않을 것""이라고 조언했다.
■
제원
구  경 : 6mm × 45mm
전  장 : 1046mm
총열장 : 483mm
무 게 : 7kg
작동방식 :가스 피스톤식
강  선 : 6조 우선 7inch/1회전
발사속도 : 700 ~ 1000 발/분
총구속도 : 960m/s(M193), 920m/s(K100)
유효/최대사거리 : 800m/3600m
송탄방식 : 탄알띠/탄창
■ 원문 기사
국방일보 ‘국군무기도감’ 김철환 기자, 2017년 12월 1일 12면
■ PDF로 읽기
☞
중대-분대급 강력 화기
☞ '
K3와 함께라면 나도 람보다'"
https://kookbang.dema.mil.kr/newsWeb/20181121/5/ATCE_CTGR_0080020001/view.do,firepower,M60 기관총,,"보병 소부대 지원하는 공용화기...전차·헬기에서도 운용
미국의 M60은 시작부터 독특하게 이뤄졌다. 원래는 독일의 MG42를 그대로 복제하려던 계획이 M60기관총으로 이어지는 다용도 기관총의 시작이기 때문이다.
미군은 제2차 세계대전 중 독일의 다용도 기관총 콘셉트에 주목했고, 처음에는 MG42를 탄약만 미군용에 맞게 개조 복제해 채용할 생각까지 했다.
그러나 이 계획은 도면 없이 미터법 치수를 인치법으로 바꾸는 과정에서 문제가 생겨 수포로 돌아갔고, 그 뒤에 나온 계획이 FG42의 가스압 작동기구에 MG42의 급탄기구를 조합해 새로운 기관총을 개발하는 것이었다.
실제로 초기의 시제품은 아예 FG42에 MG42의 급탄기구를 직접 끼워 만들어질 정도였으며, 이것이 대대적인 개량과 변형을 거친 끝에 1957년에 M60으로 탄생하게 됐다.
M60은 미군 최초의 다용도 기관총으로서 많은 기대를 받았으나 베트남 전쟁에서는 엇갈리는 평가를 얻었다.
일단 지속 사격이 가능한 7.62㎜급 기관총으로서 10㎏의 중량은 상대적으로 경량급이었으나 총열 교환을 위해서는 총열을 직접 붙잡아야 했고, 그 때문에 석면 장갑이 따로 지급될 정도였다. 게다가 총열 자체에 거치대가 장착돼 있어 총열을 빼면 총 본체는 땅에 그대로 놓아지거나 따로 들어야 해 불편했다.
또 다른 문제는 신뢰성 부족이었다. 베트남 전쟁에서 M60은 잦은 고장에 시달렸는데, 이것은 물론 베트남이라는 환경의 문제도 있었지만 생산 초기의 설계 및 품질관리 문제가 컸다.
이 문제는 개량을 거치면서 어느 정도 해결됐으나 베트남에서는 완벽한 해결을 보지 못했는데, 그래도 유럽이나 미국 본토 등의 환경에서는 운용상 큰 신뢰성 문제는 없었다니 사용 환경의 문제가 컸을 듯하다.
M60은 기본적으로 보병의 분대지원화기로도 쓰였지만, 삼각대에 거치해 보병소대용의 지원화기로도 쓰였으며 전차나 장갑차량에 탑재돼 운용됐다. 또 헬기 탑재용으로도 대량 운용됐으며, 특히 베트남 전쟁에서는 헬리콥터의 중요한 방어화기로 활용됐다.
M60기관총은 1957년 이후 약 40년간 미 육군과 해병대, 해군 등의 주력 7.62㎜기관총이었으나 M60이 보여 줬던 문제점들은 운용 기간 내내 개선되기는 했어도 완전히 해결되지는 못한 것으로 평가된다.
결국 1990년대부터 보다 신뢰성 높은 M240계열의 기관총들로 대체되고 있다. 하지만 M60도 최종 개량형인 M60E4에서는 상당한 능력을 발휘하고 있다. M60E4는 M60의 문제점을 사실상 모두 해결한 것으로 평가되며 무게도 9㎏ 미만으로 줄었지만 신뢰성과 내구성에서는 원래의 M60을 압도하는 것으로 평가된다.
M60E4는 850발을 문자 그대로 정지하지 않고 연속 사격하는 테스트에서도 과열에 의한 파손이나 기능 고장을 일으키지 않았다.

 
미 해군 특수부대(SEAL)나 콜럼비아군 특수부대, 필리핀군 등이 사용하고 있다.
M60E4는 완성품으로서뿐만 아니라 기존의 M60을 개조하는 키트로도 제작이 이뤄지고 있어 기존의 M60 운용국들이 저렴하게 장비를 업그레이드하는 해결책으로 제시되고 있다.
(
이상
원문 출처 :
국방일보 기획 ‘보병무기 이야기’ 홍희범 플래툰 편집장 2009년 8월 20일자)
우리 군에서는 M1919 이후 경기관총 주력으로 M60이 그 위상을 이어받는다.
M60은 베트남전 참전 시 파병 장병들에게 최초로 보급됐고 그 후 1971년 한국군 장비 현대화 계획에 의거, 미군으로부터 인수했다.
1979년도부터 국내생산(국방부 조병창)을 시작해 구경 30경기관총과 교체하기 시작, 보병대대 중화기중대와 소총중대 화기소대 편제화기로 운용했다. 1982년부터는 대우정밀(현 S&T 모티브)에서 생산되었다.
이후 K3 국산 경기관총가 개발되면서 주력의 자리를 내놓게 된다.
■ 제원
전장 110.5cm
중량 10.5kg
사거리 : 최대  3725m
유효 1100m
최대발사속도 : 550발 / 분
유효발사속도 : 110발 / 분
강선수 : 4조 우선"
https://kookbang.dema.mil.kr/newsWeb/20181121/6/ATCE_CTGR_0080020001/view.do,firepower,M1919 LMG,,"베트남 전쟁 때도  최일선에서 보병 지원한 공용 화기
1990년대 중반 예비군 훈련장에서는 기관총 주특기를 가진 예비군들이 가끔 곤혹스러운 표정을 짓는 것을 어렵지 않게 볼 수 있었다. 훈련장에서 생전 처음 보는 M1919 기관총을 사격해야 했기 때문이다.
M1919 기관총은 제식명 자체를 제대로 모르는 사람들이 대부분이다. 심지어 6·25전쟁에 참전한 노병들조차 M1919 기관총에 대해 물어보면 고개를 갸웃하는 경우가 적지 않다.
6·25전쟁 당시 군에서는 M1919를 흔히 30구경 LMG(Light Machine Gun·경기관총), 당시 발음으로는 ‘엘에무지’라고 부르는 것이 보통이었기 때문이다.
M1919의 구경은 0.30인치, 다시 말해 8mm로 당시의 주력 소총인 M1과 동일하다. M1919는 현재의 M60이나 K3이 도입되기 이전 육군 대대급 이하 제대에서 사용한 대표적인 경기관총이다.
M1919 계열 경기관총에는 여러 가지 종류가 있다.
그중 대표적인 것은 그 뿌리라고 할 수 있는 30구경 M1917A1 수냉식 경기관총과 30구경 M1919 A4·A6 공랭식 경기관총 등 세 가지다.
M1917A1은 주로 대공용으로 사용되던 M1917을 개량한 것으로 미국이 제1차 세계대전 후 생산해 6·25전쟁 때까지 사용한 기관총이다. M1917A1은 물로 총열을 식히는 수냉식 방식을 채용, 장시간 지속 사격이 가능한 것이 가장 두드러진 장점이었다.
M1919는 제1차 세계대전 종료 후 미국에서 M1917A1의 기본 구조를 유지하면서 공기로 냉각하는 공랭식으로 개량한 기관총이다. M1919는 총신에 구멍을 뚫은 후 방열 재킷을 씌워 기관총 전체 중량을 13kg 수준으로 줄였다.
M1919에는 A1부터 A6까지 여러 가지 개량형이 존재한다. 제2차 세계대전 당시 미군이 주로 사용한 것은 삼각대 방식의 M1919A4다.
제2차 세계대전 발발 직전 개발된 M1919A4는 미국에서 총 39만 정이 생산됐을 정도로 광범위하게 운용됐으나 보병이 사용하기에는 불편하고 번거로운 것이 단점이었다.  



때문에 운반손잡이를 부착하고 거치대를 양각대 방식으로 교체한 M1919A6을 생산했다.
4만3000정 정도가 생산된 M1919A6은 어깨에 견착시켜 안정적으로 사격할 수 있는 개머리판도 부착돼 있어 보병이 사용하기에는 좀 더 적합했다. M1919 계열 기관총은 미국에서 보병뿐만 아니라 차량이나 전차에도 탑재했다.
우리나라에서 주로 사용된 것은 M1919A4·A6이며 1949년 주한미군 철수시 인수받아 1971년 M60 경기관총, 1988년 K3 경기관총이 보급되기 전까지 육군의 주력 경기관총으로 활용됐다.  



M1919는 6·25전쟁은 물론 베트남 전쟁 때에도 보병들을 최일선에서 지원하는 든든한 공용 화기 역할을 수행했다.
■ 원문 : 국방일보 ‘무기의 일생’ 2005년 3월 5일자 김병륜 기자
■ 제원
전장 : 60.96cm
중량 : 20.35g
유효사거리 : 3,190m"
https://kookbang.dema.mil.kr/newsWeb/20181121/1/ATCE_CTGR_0080020001/view.do,firepower,M1917A1 기관총,,"물로 총열 식히는 수냉식....물 없는 지역에서는 사용 제한
M1917A1 기관총은 주로 대공용으로 사용되던 M1917을 개량한 것으로 미국이 제1차 세계대전 후 생산해 6·25전쟁 때까지 사용한 기관총이다.
M1917A1은 물로 총열을 식히는 수냉식 방식을 채용, 장시간 지속 사격이 가능한 것이 가장 두드러진 장점이었다.
반대로 물이 없는 지역에서 사용이 제한된다는 것은 약점이었다. 또한 냉각용 물을 주입했을 때 기관총 전체 무게가 18kg이 넘어 경기관총이라는 이름에 걸맞지 않은 ‘중기관총 같은 무게’ 때문에 기동성이 떨어졌다.
우리나라에서 M1917A1은 창군 전인 경비대 시절 처음 장비한 후 6·25전쟁 초기까지 사용됐으나 전쟁 중 대부분 M1919로 교체됐다.
우리나라에서 M1917A1은 뚜렷한 활약을 하지 못하고 전장에서 사라졌으나 미국 해병대에서는 6·25전쟁 당시 가장 효율적인 보병 무기가 M1917A1이라고 격찬할 만큼 나름대로 성능이 뛰어난 기관총이었다.
■ 원문 : 국방일보 ‘무기의 일생’ 2005년 3월 5일자 김병륜 기자
■ 제원
전장 : 95cm
중량 : 25kg
유효사거리 : 1,828m"
https://kookbang.dema.mil.kr/newsWeb/20181116/2/ATCE_CTGR_0080020001/view.do,firepower,K1A 기관단총,,"대한민국 최초 총기....가벼움과 높은 휴대성
■ 역사 : 개발시작은 K2와 비슷, 완성이 빨라
대한민국 최초 총기의 영광

1975년 한국형 제식 소총을 개발하고 있던 국방과학연구소(ADD)에 또 하나의 과제가 더해졌다. 특수부대에서 사용 중인
M3A1 그리스
건
을 대체할 총기를 만들라는 것.
ADD는 5년의 연구 끝에 1980년 6월, 제식소총 보다 먼저 특수부대용 ‘기관단총’을 초도양산하게 됐다.
그리하여 K1 기관단총이 국산 총기인 K시리즈 가운데에서도 최초의 번호인 ‘1’을 얻게 된 것.
하지만 K1의 나팔형 소염기는 반동을 억제하는 기능이 거의 없었을 뿐만 아니라 소음과 총구화염이 많아 정확한 조준사격에 많은 애로를 던져주었다. 이에 따라 이듬해인 1981년 10월부터 소염기를 개량해 오늘날의 형태를 갖추게 된 K1A에 대한 기술시험이 이뤄지기 시작했다.
새로운 소염기는 우상향으로 화염이 분출되도록 설계돼 반동을 다소 억제하는 기능과 더불어, 길어진 길이로 착검도 가능해졌다는 장점이 있다. 이후 1982년 부대시험과 보완 기술시험 등을 거친 K1A는 84년 8월부터 양산이 돼 오늘날에 이르고 있다.
■ 특징 : K2와는 다르다!! K2와는!!
‘기관단총’이란 9㎜ 등 권총탄을 쓰는 총기로 인식되던 1980년대에 5.56㎜ 소총탄을 쓰는 총기를 ‘기관단총’은 전혀 뜻밖이었고, 이는 K1A가 ‘뜻하지 않게’ 시대를 앞서간 총기가 되는 원동력이 됐다.
5.56㎜ 탄약 사용, 짧은 총열과 완전히 접혀 들어가는 개머리판 등은 당시에는 보기 힘든 파격적인 특징이었다.
세계적으로 대테러 작전 등에서 화력 강화를 위해 권총탄 기관단총보다 5.56㎜ 탄을 쓰는 총기가 인기를 얻고, 미군에서도 M4 카빈과 같은 짧은 소총이 대세가 되는 시기보다 10~20년 이상 앞서 대한민국 국군이 이러한 K1A를 대량 보급해서 사용했다는 것은 놀라운 일이다.
K1A 기관단총은 K2 소총과 총몸을 비롯한 전반적인 디자인이 유사해 단순히 ‘작은 K2’로 오해를 받기도 하지만, 사실은 기본구조부터 가스 작동식을 채용해 큰 차이를 보인다. 이는 K2보다는 M16에 가까운 내부구조다.
이와 함께 총열의 강선 또한 K2와 다른 6조 우선 12인치 1회전이라 탄약도 다른 걸 써야 한다. 같은 5.56㎜지만 K1A 개발 이후 등장한 K100탄은 장약의 양과 탄두 무게 등의 차이로 인해 K1A에서는 명중률이 상당히 낮아진다.
이에 따라 K1A에는 구형인 KM193 탄약 사용이 권장되고 있다. K2소총은 K100탄을 사용할 때 제 성능을 발휘한다. 
내부구조까지 다르다고는 하지만 아래 총몸은 호환이 된다. 이에 따라 K1A의 아래 총몸에 K2의 윗 총몸을 결합했을 때나, 그 반대의 경우도 사격은 가능하다.
■ 평가 : 높은 휴대성과 믿음직한 화력의 콜라보
K1A에 대한 평가는 높은 편이다. 일단 총을 휴대하는 시간이 긴 편인 대한민국 국군장병들에게 있어서 ‘가벼움’과 ‘높은 휴대성’은 굉장한 장점이기 때문.
K1A는 K2보다 총열도 짧고 개머리판도 단순할 뿐만 아니라 내부 부품도 좀 덜 들어가는 가스 작동식이라 무게가 가볍다. 

슬라이드식 개머리판도 적당한 견착과 최고의 휴대성을 제공하는 원동력이 되고 있다.
물론 M4 카빈 등에 채용된 신축식 개머리판이 안정감, 견고함, 반동흡수 등에서 좀 더 좋은 성능을 보여주지만, 단순함에서 오는 신뢰성은 K1A의 철사 개머리판이 최고라고 한다.
진흙이나 수중, 우중에 임무를 수행하다 보면 M4 카빈 형식의 개머리판은 이물질이 들어가 잘 접히지 않는 상황이 종종 발생하는데, K1A의 개머리판은 세상의 그 어느 물질이 묻더라도 완전히 뽑아내서 슥 닦아내기만 하면 정상 작동한다는 것.
이밖에도 개인 군장 외의 짐을 짊어져야 하는 통신병 등의 보직에게도 K1A를 지급함으로써 이들이 소총의 화력과 휴대성이라는 두 토끼를 잡게 한 것도 장점.
기관단총이라는 측면에서 봤을 때 5.56㎜ 탄약을 사용하므로 긴 사정거리는 물론 원거리 명중률도 나쁘지 않은 등 대부분의 사용자들로부터 나쁘지 않은 평가를 받고 있다.
하지만 대테러 임무를 수행하는 특임대원들은 K1A도 크다는 의견이다. 건물은 물론 항공기 등 좁은 실내에서의 전투가 벌어졌을 때 K1A는 크기가 커 여기저기 걸려 불편하다는 것.
이와 함께 5.56㎜ 탄환이 권총탄을 사용하는 기관단총들에 비해 장탄수가 적은 점도 긴박한 대테러 작전에 맞지 않다고 한다. 이에 따라 많은 특임대원들이 독일 헤클러앤코흐(HK)사의 MP7이 주어지길 간절히 바라고 있다.
■ K1A를 잘 쏘는 법
대한민국에서 K1A 기관단총을 가장 잘 다루는 부대 중 하나인 특전사 1공수특전여단.
그 가운데에서도 사격교관까지 역임한 바 있는 박대준(상사) 선임담당관은 K1A를 잘 쏘는 방법과 관련해 ""총을 쏜다는 의식을 지우는 것이 가장 중요하다""고 설명했다.
박 상사는 ""K1A 사격 시 반동이 강한 편이지만 숙달되면 누구나 억제할 수 있다""면서 ""오히려 사격 전에 반동을 이기기 위해 불필요한 힘을 주고 있는 것이 명중률을 떨어뜨리는 것""이라고 말했다.
그는 또 반동흡수를 위해 개머리판을 견착하고 정면으로 서는 기마 자세를 소개하고, 격발 직전의 방아쇠 압력을 손가락이 기억하도록 해야 한다고 조언했다. 
명필이 붓을 가리지 않듯 총기를 가리지 않는 명사수인 그가 제시한 사격술은 K1A 외에도 모든 총기에 응용할 수 있다고 한다.
현재 특전사에서는 사격훈련에 더해 다양한 총기 액세서리로 K1A의 전투력을 향상 시키고 있다. 기본적으로 동인광학에서 제작하는 K1A용 피카티니 레일과 수직 손잡이, PVS-11K 주·야간 조준경 등이 부대 예산 등을 활용해 보급 중이다.
박 상사는 ""현재는 K1A용으로 근접전투를 위한 도트사이트만 보급이 되고 있는데, 중거리와 원거리의 적도 제압할 수 있도록 배율경이 함께 지급된다면 전투력을 더욱 향상시킬 수 있을 것""이라는 의견을 전했다.
■ 제원
구경 :
6mm × 45mm
탄약 :
K100, K101, M193, M196, M855
작동방식 :
가스 작동식
전  장 :
838mm / 653mm (
개머리판 접철시
/
전개시
)
총열장 :
263mm
무게 :
3kg
강선 :
6
조 우선
12inch/1
회전
발사속도 :
700 ~ 900
발
/
분
총구속도 :
820m/s(M193), 790m/s(K100)
유효사거리 :
250m(M193)/400m(K100)
사격모드 :
단발
, 3
점사
,
연발
개발 : 국방과학연구소
생산 : S&T 모티브
■ 원문 : 국방일보 기획 ‘국군무기도감’ 2017년 7월 7일자"
https://kookbang.dema.mil.kr/newsWeb/20181116/3/ATCE_CTGR_0080020001/view.do,firepower,MP7 SMG,,"전용 4.6mm 탄을 사용하는 것이 특징
독일의 총기 명가 헤클러 운트 코흐(Heckler & Koch : H&K)에서 개발한 소형기관단총. 전용 4.6mm 탄을 사용하는 것이 특징이다.
탄약의 구경은 여느 기관단총들이 사용하는 9mm 권총탄보다 작지만 속도가 빨라 방탄복도 뚫는 관통력을 가진 것이 장점이다. 이 때문에 제작사에서는 기관단총과 소총 중간의 화력을 갖고 있다고 홍보하고 있다. 또 탄약 구경이 작은 만큼 같은 크기의 탄창일 때 9mm 권총탄보다 많은 양이 들어가는 것도 장점이다.
접이식 전방 손잡이와 슬라이드식 개머리판을 갖추고 있어 평소 휴대성과 임무 시 반동억제의 두 토끼를 잡았다.
■ 제원
사용탄환 4.6mm
중량 1.9kg
전장 415~638mm
총열길이 180mm
발사속도 950발/분
출처 : 국방일보 2018년 9월 7일자"
https://kookbang.dema.mil.kr/newsWeb/20181116/1/ATCE_CTGR_0080020001/view.do,firepower,MP5 SMG,,"UDT/SEAL 삼호주얼리 납치 해적 퇴치 작전 때도 사용
헤클러 운트 코흐(Heckler & Koch : H&K)사가 제작한 것으로 기관단총계의 전설로 꼽힌다.
1977년 루프트한자 여객기 납치 사건 당시 독일의 특수부대 GSG-9이, 1980년 이란 대사관 인질구출작전에서는 영국의 특수부대 SAS가 MP5를 사용해 임무를 성공적으로 완수하면서 대테러 기관단총의 대표주자로 거듭났다.
2011년 1월 26일 대한민국 특전여단(UDT/SEAL)이 소말리아 해역에서 삼호주얼리호를 납치한 해적들을 퇴치하고 선원과 선박을 구할 때 사용된 기관단총 또한 바로 이 MP5였다.
MP5는 초탄의 명중률이 높은 폐쇄 노리쇠 방식과 신뢰성을 높여주는 롤러 코킹 시스템 등이 명총으로 거듭난 비결.
우리 군에서는 1990년대 초에 도입해 운용하기 시작한 것으로 알려져 있다. 초기의 것은 MP5A3형이었고, 그후 3발 점사가 가능한 MP5A5를 들여왔다. 소음기 장착 모델인 MP5SD를 사용하는 모습도 보여준 바 있다.
■ 제원
사용탄환 : 9mm 파라블럼
중량 : 3kg
전장 : 550mm~690mm
총열장 : 225mm
6조 우선
장탄 수 : 5발, 15발, 30발
발사속도 800발/분
출처 : 국방일보 2018년 9월 7일자"
https://kookbang.dema.mil.kr/newsWeb/20181115/2/ATCE_CTGR_0080020001/view.do,firepower,브라우닝 자동소총(BAR),,"경기관총과 현대의 자동 소총과도 개념 다른 중간적 성격의 무기
1952년 12월 경기도 파주의 노리고지. 육군전진육탄부대 10중대가 고지 점령 작전에 나섰다.
적의 저항은 완강했고 아군 소대장들이 모두 전사하는 등 피해는 늘어만 갔다. 아군 잔존 병력들은 7부 능선에서 마냥 엎드려 있을 뿐이었다. 
누가 봐도 고지 점령은 불가능해 보이는 상황.
그 순간 엎드려 있던 10중대의 박관욱 일병이 총을 들고 홀로 벌떡 일어섰다. 힘차게 고지를 향해 올라간 박일병은 고지의 중공군을 향해 맹렬한 사격을 퍼부었다.
고지의 중공군들은 당황해 제대로 대응을 못했으나 인접 고지의 또 다른 적들이 박일병에게 기관총을 사격했다. 적탄에 맞아 쓰러진 것처럼 보였던 박일병은 얼마 후 또다시 일어나 탄창 두 개를 교환해 가며 적에게 사격을 퍼부었다.
대대 관측소에서 상황을 살피던 아군은 박일병의 놀라운 행동을 넋을 잃고 지켜보고 있었다. 
박일병이 그렇게 쓰러지고 다시 일어나 사격하기를 여러 번.
대대 관측소에서 작전 상황을 시찰하던 미1군단장 캔달 장군은 안절부절못하며 박일병의 행동에 경악을 금치 못했다.
장군은 ""군대 생활 30여 년에 저렇게 용감한 사람은 처음 본다""며 ""저 병사는 초인""이라고 찬탄했다.
‘노리고지의 불사신’이라고 칭할 만한 박일병이 이때 휴대했던 총이 바로 M1918 브라우닝 자동 소총(Browning Automatic Rifle·BAR)이었다.
박일병의 행동은 전적으로 그의 용감한 군인정신에서 비롯된 것이지만 자동 사격이 가능한 BAR를 휴대하지 않았다면 그렇게 과감히 행동할 수 없었을지도 모른다.
지금은 대부분 소총에서 자동 사격이 가능하지만 그때만 해도 자동 사격이 가능한 총기는 희귀했다. 당시 한국군 소총분대급 무기 중에 M1 소총과 카빈 소총은 반자동 사격만 가능했다.
BAR는 완전 자동 사격이 가능했던 유일한 분대급 화기였던 것.
BAR는 제1차 세계대전 중 미국에서 개발, 1918년에 제식화됐다. 미국은 당시 가볍게 운반 가능한 적절한 기관총이 없어 어려움을 겪었다.
미국은 참호전에 적합한 총(trench rifle)이나 혹은 가벼운 무게의 경기관총을 개발해야겠다는 결심을 했고, 그 결과 개발된 것 중 하나가 바로 BAR였다.
자동 소총이 일반화되지 않았던 시대에 분대급에서 자동 사격을 지원했다는 점이 BAR의 특징이자 장점이었다. 또 BAR는 주력 제식 소총인 M1 소총과 동일한 탄환을 사용, 탄환 공급에 융통성이 있었다는 것도 장점이었다.
물론 BAR도 문제가 없지는 않았다. BAR는 탄창을 사용, 20여 발 사격이 가능했지만 기관총처럼 지속적인 사격은 불가능했다. 기관총과는 달리 총열 교환도 쉽지 않았고 탄띠를 사용한 사격도 불가능했다.
그렇다고 해서 BAR가 소총으로 적합한 무기라고도 할 수 없었다. 무게 9kg 길이 121cm인 BAR는 소총으로 보기에는 지나치게 무겁고 길었다. 더구나 BAR에 사용하는 8mm 30 - 06탄은 자동으로 사격하기에는 반동이 너무 큰 것이 문제였다.
BAR는 지상에 거치해서 ‘엎드려 쏴’ 자세로 사격할 수 있을 뿐 그 이후에 나온 M16 자동 소총처럼 손으로 들고 사격하기에는 반동이 너무 강했다. 결국 BAR를 손으로 들고 사격할 때 사용하는 ‘구부려 쏴’ 자세(사진)에서는 반동을 줄이기 위해 멜빵을 어깨에 걸쳐야만 했다.
한국은 6·25전쟁 이전에 미군으로부터 1324정을 인수했으며 전쟁 중 1만6139정을 추가로 인수, 베트남 전쟁 시절까지 육군 소총분대의 지원 화기로 활용했다. 그 이후 새로운 개념의 자동 소총인 M16 소총이 군에 도입되면서 점차 퇴역하기 시작, 1983년을 기점으로 현역 부대에서 사라졌다.
BAR는 경기관총도 아니고 현대의 자동 소총과도 개념이 다른 중간적 성격의 무기였다. 바로 그 점이 장점이기도 했고 동시에 단점으로 작용하기도 했다.
BAR는 장단점을 동시에 가진 무기였지만 노리고지의 박일병 사례에서 보듯이 6·25전쟁부터 베트남 전쟁에 이르기까지 보병 전투의 최일선에서 수많은 신화를 창조한 무기였다.
■ 국방일보 기획 ‘무기의 일생’ 2004년 11월 23일자
■ 제원
구경 : 7.62mm
전장 : 123.95cm
중량 : 8.79kg
최대 사거리 : 3,200m
유효 사거리 : 460m
장탄수 : 20발
최대 발사속도 : 550발 / 분"
https://kookbang.dema.mil.kr/newsWeb/20181115/1/ATCE_CTGR_0080020001/view.do,firepower,M3 기관단총,,"기갑부대의 창설과 함께 전차 승무원들에게 지급
6·25전쟁 당시 북한군의 무기라면 어떤 것이 주로 연상될까. 아마도 T-34 전차와 흔히 ‘따발총’이라고 부르는 총이 가장 먼저 생각날 것이다.
따발총의 정확한 제식 명칭은 PPSh-41이다. 구소련에서 제작된 PPSh-41은 기관단총의 일종이다. PPSh-41에 드럼 방식의 탄창을 장착하면 무려 71발의 탄환을 장전할 수 있는데 자동 사격이 가능하므로 짧은 시간에 다량의 탄환을 연속 발사할 수 있다.
한 발씩 사격되는 한국군의 M1 소총과 자동 사격이 가능한 북한군 PPSh-41 기관단총의 대조적인 모습은 6·25전쟁을 다룬 영화나 TV 드라마에서 흔히 접할 수 있다.
6·25전쟁 당시 북한군의 PPSh-41과 비교할 만한 한국군의 무기가 바로 M3 기관단총이다.
M3 기관단총은 그리스 건(Grease Gun)이라는 별명으로 더 유명하다. 총의 모양새가 윤활유의 일종인 그리스를 주입하는 기구와 비슷하게 생겼다는 의미에서 붙은 별명이다.
M3 기관단총은 1941년 미국 제너럴 모터스(General Motors)사 총기 사업 부서의 기술자인 조지 하이드와 페드릭 샘슨에 의해 개발됐다.
미국은 당시 이미 톰슨(M1928) 기관단총을 사용하고 있었지만 구조가 복잡하고 잔 고장이 많아 새로운 기관단총을 필요로 했다. 
미군들은 ‘짧은 기간에 대량 생산할 수 있는 저렴하고 신뢰할 만한 기관단총’을 원했고 그에 따라 개발된 것이 M3 기관단총이다.
복잡한 작업이 거의 필요 없이 단순한 프레스 공정으로 제작할 수 있도록 설계돼 1942년부터 대량 생산됐으며 독일의 MP-40, 영국의 스텐(Sten), 소련의 PPSh-41과 함께 제2차 세계대전 당시 사용된 대표적인 기관단총 중의 하나가 됐다.
M3이나 PPSh-41 같은 기관단총(Submachine Gun ： SMG)은 기관총(Machine Gun ： MG)처럼 완전한 자동 사격이 가능하지만 크기가 작은 것이 특징이다.
M3 기관단총의 개머리판을 폈을 때의 길이는 75cm, 접으면 57cm 정도로 일반 소총보다 20~30cm 정도 짧은 편이다. 
기관단총은 짧은 시간에 압도적인 화력을 퍼부을 수 있는 것이 최대의 장점이다.
하지만 기관단총도 장점만을 가진 무기는 아니다. 기관단총은 자동 사격에 따르는 심한 반동을 줄이기 위해 위력이 상대적으로 약한 권총탄을 사용하는 것이 보통이다.
필연적으로 사거리도 짧고 관통력도 약하다 
M3 기관단총도 45구경 권총과 동일한 권총용 탄환을 사용한다. 영화에서는 M3·PPSh-41·MP-40 같은 기관단총이 무적의 무기처럼 묘사되지만 약점도 있었던 것이다.
하지만 좁고 복잡한 지형에서 기관단총은 일반 소총보다 뛰어난 성능을 보여 준다. 특히 근접전이나 시가전·정글전 등에서는 큰 위력을 발휘할 수 있다. 
미국에서는 이 기관단총을 제2차 세계대전부터 6·25전쟁을 거쳐 베트남 전쟁 때까지 사용했다.
한국에서는 6·25전쟁 이전에는 거의 운용하지 않았으며 1950년 하반기 기갑부대의 창설과 함께 전차 승무원들에게 지급할 목적으로 처음 도입됐다.
6·25전쟁 때부터 1970년대까지 기갑부대에서 주로 근무한 김봉기(金鳳起·75) 예비역 대령은 ""1950~70년대에 전차 승무원 중 전방 사수와 탄약수가 휴대한 총이 바로 M3 기관단총이었으며 당시에는 단순히 SMG로만 불렀다""고 증언했다. 
그 후 특수부대나 여군들도 M3 기관단총을 사용했지만 일반 보병들은 거의 사용하지 않았다.
M3은 1970년대 말까지 운용되다 K1 소총이 개발·도입되면서 점차 퇴역하기 시작, 1980년대 전반기를 기점으로 현역 부대에서 완전히 사라졌다.
■ 국방일보 기획 '무기의 일생' 2004년 11월 9일
■ 제원
구경 : 9mm
전장 : 76cm
중량 : 3.7kg
장탄 : 30발들이 탄창
발사속도 : 450발/분
유효사거리 : 100m"
https://kookbang.dema.mil.kr/newsWeb/20181113/2/ATCE_CTGR_0080020003/view.do,firepower,(K)M30 4.2인치 박격포,,"K200장갑차 등에 탑재 운용
국군은 베트남전 파병을 계기로 M30을 보유하기 시작했다. 이어 1970년대 중반 이후 이를 국내에서 KM30으로 모방개발해 야전에 배치했다.
■ 제원
포신 길이 : 152cm
총 중량 : 303kg
최대사거리 : 5,650~6,800m
발사속도 : 최대 20발/분
81mm와 4.2인치 박격포는 1980년대 중반 군의 보전협동작전 시 근접화력지원을 강화할 필요성이 높아지면서 국산 K200 장갑차를 기본 베이스로 개발된 K281과 K242 장갑차에 탑재돼 기계화부대 작전에서 전차와 장갑차의 생존성을 높여 주는 중요한 무기체계로 운용됐다.
또 1994년부터는 스웨덴의 BV206 궤도차량을 국내 면허생산한 K532 전술차량에도 탑재되기 시작했다. (아래 사진)"
https://kookbang.dema.mil.kr/newsWeb/20181113/3/ATCE_CTGR_0080020003/view.do,firepower,KM187 81mm 박격포,,"근접화력 지원화기로 보병대대급 운용
KM187 81mm 박격포는 국방과학연구소가 독자 개발해 1994년부터 야전에 배치된 화기이다.
미국은 1980년대 중반이 되자 M29A1을 대신할 M252 81mm 박격포를 도입했는데, 우리 군도 이에 대응해 M252와 유사한 성능을 발휘할 수 있는 신형 박격포를 개발키로 한 데 따른 것이다.
KM187 박격포는 전체 중량을 구형 M29A1보다 약간 감소시키면서도 최대사거리를 4,737m에서 6300m로 약 1.4배 연장한 것이 특징이다. 또 지속 발사속도가 25% 증가되고 살상 위력도 약 1.36배 커지는 등 전체적으로 성능이 향상된 것이 특징이다.
자체 발광식 조준구 사용으로 야간사격이 용이하다. 근접화력 지원화기로 보병대대급에서 운용한다.
활강식 포열, 포구 장전식 및 공냉식이다.
1980년대 중반 군의 보전협동작전 시 근접화력지원을 강화할 필요성이 높아지면서
81mm 박격포와
4.2인치 박격포는
국산 K200 장갑차를 기본 베이스로 개발된 K281과 K242 장갑차에 탑재돼 기계화부대 작전에서 전차와 장갑차의 생존성을 높여 주는 중요한 무기체계로 운용되고 있다. 또 1994년부터는 스웨덴의 BV206 궤도차량을 국내 면허생산한 K532 전술차량에도 탑재되기 시작했다.
■ 제원
중량 : 42kg
최대사거리 : 6,325m
발사속도 : 최대 30발/분
야전배치 : 1994년"
https://kookbang.dema.mil.kr/newsWeb/20181113/4/ATCE_CTGR_0080020003/view.do,firepower,M2A1 4.2인치 박격포,,"대대급 부대에 편성돼 중대 전투 지원
중대에 편성, 주로 소대급을 지원하는 60mm급 경박격포 외에 대대급 부대에 편성돼 중대 전투를 지원하는 박격포로 81mm와 4.2인치 박격포가 있다.
4.2인치급 이상의 중(重)박격포는 장갑차나 차량에 탑재, 이동하는 것이 보통이다. 

4.2인치 박격포로서 우리 군에 최초 보급된 것은 M2A1 모델이다.
1950년 9월 미 군원에 따라 436문이 도입돼 야전포병에 보급됐다. 1964년부터 보병대대에서 운용됐다.
M2A1 4.2인치 박격포는 강선형 포신을 갖춘 포구 장전식, 고각 사격식, 고정 공이식 등이 특징이다.
■ 제원
포신 길이 : 122cm
총 중량 : 152kg
최대사거리 : 4000m
발사속도 : 최대 20발/분
6.25전쟁에 참전한 미 육군 42사단 병사들이 4.2인치 박격포 사격을 하고 있다."
https://kookbang.dema.mil.kr/newsWeb/20181112/2/ATCE_CTGR_0080020003/view.do,firepower,(K)M19 60mm  박격포,,"M2와 거의 유사...1970년대 모방 개발한 KM19 전력화
M19 60mm 박격포(사진·기아기공)는 M2를 약간 개량한 것으로 두 박격포의 기본적인 제원이나 특성은 거의 동일하다.
M19와 M2,
이 두 박격포는 1970년대 중반까지 운용됐다.
우리 군은
1970년대 초 번개사업 당시 국방과학연구소가 미제 M19 60㎜ 박격포를 KM19로 모방개발 했
다.
■ 제원
길이 81.9cm
포신 길이 : 72.6cm
무게 23.4kg"
https://kookbang.dema.mil.kr/newsWeb/20181112/3/ATCE_CTGR_0080020003/view.do,firepower,KM181 60mm  박격포,,"1985년 개발한 국산 주력 박격포 ..모든 종류 박격포탄 사용
KM181 60mm 박격포(사진·기아기공)는
국방과학연구소가 1980년부터 독자적인 연구개발을 시작해 1985년에 개발했다.
우리 군은 M2와 M19 60mm 박격포를 함께 운용하는 가운데 1970년대 초 ‘번개사업’ 당시 미제 M19 60㎜ 박격포를 KM19로 모방 개발해 운용했었다.
KM181 박격포는 현재까지 중대급의 주력 박격포로 운용하고 있다.
이 박격포는 무게 19.5㎏, 사거리 3,500m에 달하며
고폭탄, 백린 연막탄, 조명탄 등
기존 모든 종류의 60㎜ 박격포탄을 발사할 수 있다. 미군이 현재 운용하고 있는 무게 21.1㎏, 사거리 3,500m의 M224 60㎜ 박격포에 못지않은 성능을 갖고 있다.
구성품은 포신, 포다리, 포판의 3부분으로 구성된다.
방아틀 뭉치, 포판 및 교환이 가능한 고정 공이식으로 되어있으며, 외부   형태는 상부 민자, 하부는 나사형에 활강식 단포열이고 포구 장전식이다.
박격포는 휴대용 미사일 등 여러 가지 공용화기가 개발되고 있음에도 불구하고 앞으로도 여전히 보병들과 호흡을 함께 할 것으로 전망된다. 미국은 60년대 한때 60㎜급 박격포의 사용을 중지하고 81㎜ 박격포로 교체한 적이 있다.
하지만 베트남 전쟁을 치르면서 손쉽게 운반할 수 있는 輕박격포의 필요성을 절감하고 과거 외국에 원조했던 60㎜급 박격포를 다시 회수하는 소동을 벌이기도 했던 점은 음미해 볼 만하다.
■ 제원
전장 : 98.7cm
중량 : 18kg
최대사거리 : 3,590m
발사속도 : 최대 30발/분, 지속 20발 /분"
https://kookbang.dema.mil.kr/newsWeb/20181113/5/ATCE_CTGR_0080020003/view.do,firepower,(K)M29A1 81mm 박격포,,"KM29A1 국산화 모델 1975년부터 야전 배치
국군은 베트남전에 참전하면서 1966년부터 한국군 파병 부대에 신형 장비를 지원할 것을 결정하면서 당시 신형 모델인 M29A1(사진)이 보급되었다.
M29A1은 무게를 줄이기 위해 포다리를 알루미늄 주조 합금으로 만들고, 포판 또한 알루미늄으로 만든 것이 특징이다.
M29A1의 무게는 42.5㎏(포신 13kg, 포다리(M23A1장치대)18kg, 포판(M3)12kg)으로 M1에 비해 30% 정도 중량을 줄인 반면 사거리는 1.5배 정도 늘어나 4,737m에 달한다.
이 급의 박격포도 1970년대 무기체계 국산화 추진에 따라 국내 생산이 이뤄져 국방과학연구소에 의해 개발된 국산화 모델 KM29A1이 1975년부터 야전에 배치되고, 이 시기에 구형인 M1은 현역부대에서 완전히 퇴역했다."
https://kookbang.dema.mil.kr/newsWeb/20181113/1/ATCE_CTGR_0080020003/view.do,firepower,M1 81mm 박격포,,"창군 직후부터 보유...전쟁 중 2010문이 휴전 때는 822문 보유
M1 81mm 박격포는 국군이 창군 직후 미군으로부터 공여받아 운용했다. 1949년 주한미군이 철수할 때 284문을 인수해 육군 보병대대 편제화기로 운용했다.
6·25전쟁 중에 2010문이 보급됐으나 전쟁으로 인해 손·망실된 것이 많아 휴전 때에는 822문을 보유한 것으로 기록되어 있다.
M1은 제1차 세계대전 이후 미국에서 개발돼 제2차 세계대전과 6·25전쟁 때까지 미국의 주력 81mm 박격포로 사용됐다.
M1 박격포는 무게가 60kg에 달해 기동성이 제한되는데다 사거리는 3000m 정도에 불과하다. 활강식, 포구장전식, 고각사격식, 고정공이식 등의 특성이 있다.
■ 제원
포신길이 : 127cm
중량 : 60kg
최대사거리 : 3,016m
발사속도 : 최대 30발/분
사진은 제2차 세계대전 중 이탈리아 전선에서 미군 병사가 M1박격포를 사격하는 모습.
구경이 60mm가 넘고 100mm는 넘지 않는 박격포들을 흔히 중(中)박격포라고 한다. 중박격포의 대표적인 존재는 구경 81mm급 박격포다.
우리나라를 비롯해 미국·영국·프랑스·일본·이스라엘 등 대부분의 국가들이 중박격포로 구경 81mm급 박격포를 운용하고 있으며 러시아 등 구공산권 국가들은 구경 82mm급 박격포를 주로 사용한다.
중대에 편성돼 주로 소대급을 지원하는 60mm급 경박격포와 달리 81~82mm급 박격포는 대대에 편성, 중대를 지원하기 위해 운용된다.
러시아 등 60mm급 박격포를 운용하지 않는 나라는 있지만 81~82mm급 박격포를 운용하지 않는 국가는 존재하지 않는다. 그만큼 어느 나라에서나 필수적인 무기로 간주하는 것이 바로 81~82mm급 박격포라고 할 수 있다.
60mm급 경박격포는 주로 인력으로 이동하며 4.2인치급 이상의 중(重)박격포는 장갑차나 차량에 탑재, 이동하는 것이 보통이다.
81mm급의 중(中)박격포는 장갑차나 차량에 탑재, 운용하기도 하지만 사람이 운반할 수도 있다. 보병이 차량 등 별도의 이동 장비 없이 운용할 수 있는 최대구경의 곡사 화기가 바로 81mm급 박격포라고 할 수 있다.
하지만 분해해도 총중량 40~60kg급 박격포를 사람이 운반하기가 말처럼 쉬운 것이 아니다. 때문에 신형 81mm 박격포를 설계할 때 가장 우선적으로 고려해야 할 사항 중 하나는 무게를 줄이는 것이다.
1970년대 박정희 대통령이 81mm 박격포를 개조하고 포탄 운반 안장 등을 개발, 제주도 조랑말을 이용해 운반하려 했던 것도 81mm 박격포의 무게에 대한 고민을 보여 준 사례다.
우리나라의 81mm 박격포들도 신형일수록 더 가겹고 사거리는 늘어나는 것이 하나의 흐름이라고 할 수 있다.
■ 참고 출처
국방일보 기획 ‘무기의 일생’ <30> 81mm 박격포 2005년 2월 19일"
https://kookbang.dema.mil.kr/newsWeb/20181112/1/ATCE_CTGR_0080020003/view.do,firepower,M2 60mm 박격포,,"191948년 교육용 획득...6·25전쟁 개전 초기에 487문 보유
현재의 박격포 형상은 독일군이 개발한 81㎜ 박격포이며, 러시아에서는 웬만한 곡사포의 크기를 능가하는 구경 240㎜급의 박격포를 사용하기도 했다.
하지만 보병이 간편하게 사용할 수 있는 박격포 본연의 목적에 가장 충실한 것은 구경 60㎜ 이하의 경(輕) 박격포라고 할 수 있다.
최초 60㎜ 박격포는 프랑스에서 제작된 브랑드(Brandt) 박격포로 알려지고 있으며 미국은 이를 참조하여 1938년에 개발한 M2 박격포를 제2차 세계대전 때 주로 운용했다.
우리 군에서 최초로 운용한 박격포가 바로 미군의 M2 60㎜ 박격포다.
M2 박격포는 1948년 포병학교가 창설되면서 교육용으로 획득한 후 1949년 주한미군이 철수할 당시 인수받아 6·25전쟁 개전 초기에 이미 487문을 보유하고 있었다.
M2를 약간 개량한 구경 M19 60㎜박격포도 존재하는데 기본적인 제원이나 특성은 거의 동일하며, 이 두 박격포는 1970년대 중반까지 운용됐다.
■ 제원
포신길이 : 82cm
중량 : 20.5kg
포구속도 : 158m/초
발사율 : 18발 / 분
최대발사속도 : 30발/분
최대사거리 : 1,800m"
https://kookbang.dema.mil.kr/newsWeb/20181109/2/ATCE_CTGR_0080020002/view.do,firepower,메티스-M,,"불곰사업 일환으로 도입,  이스라엘 주력전차 '메르카바' 격파하는 ‘천적’ 꼽혀
1990년대에 들어 러시아 경제협력 차관 상환의 일환으로 진행된 ‘불곰사업’으로 우리 군은 러시아제 MAW인 메티스-M(METIS-M)을 도입, 배치했다.
메티스 - M은 미사일인 9M131과 발사기 9P151 등으로 구성된 시스템으로 TOW와 같은 반자동 시선유도방식(SACLOS)으로 운용된다.
냉전시대에는 NATO에서 AT-13(색손-2)이라는 별명으로 알려지기도 했고, 최근에는 중동에서 이스라엘의 주력전차인 메르카바를 격파하는 ‘천적’으로 꼽히고 있다.
2006년 8월 이스라엘의 일간지 예디오트 아하로노트는 ""대전차 미사일 27기가 이스라엘군을 향해 발사됐고 이 가운데 4분의 1가량이 이스라엘 전차의 장갑판을 관통, 심각한 인명 손실을 초래했다""고 전하면서 한 달 동안 발생한 전사자 68명 가운데 상당수가 대전차 미사일에 피격, 숨진 것으로 알려졌다고 보도한 바 있다.
메티스-M은 최대 사거리가 1500m 정도로서 노후화된 106mm 무반동총을 대체하는 등 전통적 분류방식으로 볼 때 중(重) 대전차무기(Heavy Anti-tank Weapon)에 속하는 TOW와 팬저파우스트와 같은 경(輕) 대전차무기(LAW)와 TOW의 중간 영역의 갭을 보완할 수 있는 화기로 기대되고 있다.
메티스-M의 최대 장점은 사수가 상대적으로 안전하다는 것이다. 메티스-M은 잠망경의 원리를 응용, 사수가 미사일의 사선보다 아래에 위치하는 데다 조준기와 발사기가 노출돼도 사수는 어느 정도 엄폐·은폐가 가능한 만큼 사수가 적 소화기 사격 등에 노출될 확률이 낮다.
메티스-M은 최신 버전이 균질압연강판 기준으로 850㎜의 관통이 가능할 뿐만 아니라 반응장갑에 대한 대처능력도 있어 여러 나라에 수출되고 있다.
■ 참고자료
국방일보 ‘Old & New’ 2009. 03. 02
국방일보 ‘보병무기이야기’, 홍희범, 2010. 04. 26"
https://kookbang.dema.mil.kr/newsWeb/20181109/3/ATCE_CTGR_0080020002/view.do,firepower,TOW 토우,,"대전차 유도무기 대명사
누구나 한 번 이상은 들어 본 대전차 무기로 널리 알려진 것이 토우(TOW)다. TOW는 Tube launched, Optically tracked, Wire command link guided의 약어로 튜브 발사식, 광학조준기 추적, 유선 유도미사일이라는 뜻을 포함하고 있다.
TOW는 미사일이 목표물에 명중할 때까지 사수가 조준해야 한다. 이를 반자동 시선유도방식(SACLOS : Semi-Automatic Command Line of Sight)이라고 한다.
즉, 사수는 타격해야 할 목표물을 포착하면 이를 광학조준기의 중앙 십자선에 정열한 후 미사일을 발사한다.
하지만 사수의 임무는 발사하는 것으로 끝나지 않는다. 광학조준기의 십자선에 목표물 타격점을 정확하게 계속 일치시켜야 한다. 이를 위해 방위각 또는 고저각 수동조종 손잡이를 움직여 미사일과 목표물의 오차를 수정해야 하는 것이다.
이때 미사일 유도장치는 미사일과 연결된 유도선을 통해 지휘신호를 보내 비행 방향을 수정, 목표물을 파괴하게 되는 것이다.
이 같은 TOW는 M40 106mm 무반동총을 대체하기 위해 1960년대 미국 휴즈 사(社)에서 개발, 1970년대 초 실전에 배치됐다.
대전차 공격조에 의한 도수운반 운용개념도 있으나 차량 등에 탑재 운용되며, 전차를 비롯한 장갑차량은 물론 견고한 진지를 공격하는 데 유용하다.
베트남전에서 T-55전차를 격파한 이후 기본형(BGM-71A)만 31만 발 이상이 생산됐다. 장갑 관통 능력을 향상시킨 성능 향상 버전(BGM-71C)이 70년대 후반에 등장했으며, 80년대 중반에 마이크로프로세서 기술을 적용한 TOW2(BGM-71D)가, 그리고 그 파생형 TOW2 A/B를 잇달아 선보였다.
우리 군은 1975~1979년에 미국으로부터 대외군사판매(FMS) 기본형을 도입, 운용하기 시작했다. 1980년에 주한미군의 장비를 일부 인수하기도 했으며 1980년대 중반에도 추가로 획득, 배치한 바 있다.
■ 제원 및 성능
길이 : 기본형 1m, 개량형 1m
신관 : 접촉신관
추진 : 고체로켓
제작 : 미국 레이시온
■ 참고 기사
토우 유도원리와 전차 상부공격 원리
무반동총·로켓과 달리 토우는 사격 후에도 유선을 통해 목표에 명중할 때까지 유도할 수 있는 유도 미사일이다. 즉 사수가 조준경을 통해 목표를 추적하면 자동적으로 미사일 내의 전자장치와 연동, 미사일이 목표에 유도되도록 하는 반자동 지령유도 방식의 2세대 대전차 미사일이다.
토우는 기본형 TOW, 장갑관통 능력을 향상시킨 개량형 TOW, 유도 시스템의 디지털화와 열영상 감시장치를 채택한 TOW2, 1987년 성형장약(shaped charge)의 2중화로 반응장갑에 대항한 TOW2A를 거쳐 TOW2B로 꾸준한 성능 개량이 이루어졌다.
전차의 상부공격이 가능한 TOW2B는 탄두 및 전자장치 날개·적외선 방출기 등으로 구성돼 있다.
발사원리는 사수가 방아쇠를 당기면 유도탄의 추진 모터가 작동, TOW2B를 발사시키고 이후 비행 모터가 작동하며 안전장치가 풀려 탄두는 장전상태에 놓이게 된다.

유도탄 후미에서 적외선이 방출되며 광학조준경에 있는 적외선 추적 렌즈가 이를 추적해 사수가 조준하는 조준선과의 오차를 감지, 유도장치를 통해 미사일에 전달하는데 이 전달하는 경로가 바로 지령유선이다.
이 유선은 +, -의 두 가닥 선으로 돼 있으며 특수 구리선으로 제작됐다. 비행 중에 유선이 절단될 경우 더 이상 유도명령이 전달되지 않아 유선이 절단되기 직전 사수로부터 받은 최종지령에 의해 비행하게 되며, 결국 최종적인 유도가 불가능한 상태가 된다.
TOW2B의 가장 큰 특징은 성형장약의 일종인 폭발형 성형탄두(EFP：Explosive Form ed Penetrator)를 적용, 전차의 취약한 상부를 공격한다는 것이다.
전차는 모든 부위의 장갑을 두껍게 하면 기동성이 떨어지기 때문에 가장 취약한 전면부를 두껍게 하고 측면과 후부는 전면보다 얇게 한다. 상부는 기존의 대전차무기에 의한 위험도가 낮기 때문에 가장 얇은 장갑을 설치한다.
TOW2B는 기존 미사일과 유사한 구조를 갖고 있지만 두 개의 EFP 탄두가 아래 방향을 향하고 있으며 외형상으로는 기존 토우의 탄두부분에 긴 돌출 프로브(probe)가 없어진 원통형의 탄두 모습이라는 점에서 구별된다.
타격은 사수가 표적에 대한 정조준을 유지하면 발사대 유도장치는 유도탄을 표적보다 약간 높이 비행하도록 유도, 미사일이 전차 상부를 통과토록 한다. 그러면 미사일의 레이저 센서가 표적의 존재 여부를 지속적으로 감지하다가 미사일이 전차를 통과하는 순간 자기 센서가 반응, 성형장약이 폭발한다.
이 두 개의 성형장약은 아래 방향으로 설치돼 있기 때문에 전차 상부에서 폭발, 아래 방향으로 폭발 효과가 전달된다.
원문 : 국방일보 2003년 5월 2일자 <육본 전력개발관리단>"
https://kookbang.dema.mil.kr/newsWeb/20181109/5/ATCE_CTGR_0080020002/view.do,firepower,팬저파우스트-Ⅲ,,"발사기 1대로 3회까지 사격 ...실내 사격도 가능
1990년 들어 북한군 전차의 방호력이 향상됨에 따라 육군은 대전차 공격능력 향상을 위해 더욱 강력한 대전차화기를 필요로 했다.
팬저파우스트-Ⅲ(Panzerfaust-Ⅲ, PZF-Ⅲ)는 이런 배경에서 1988년 경(輕)대전차 무기로 채택되어 1995년 독일로부터 도입한 휴대용 대전차 무기체계이다.
중대급 부대에서 운용되는 PZF-Ⅲ는 M72 66mm LAW 보다 길고 무겁지만 휴대용으로서 어깨 견착 사격이 가능하다.
표적 획득 후 발사까지 3~4초가 소요되는데, 이후엔 소형 조준경이 별도 운용된다. 1회용인 M72와는 달리 발사기 1대로 3회까지 사격할 수 있다. 관통 능력이 우수하며 반응장갑도 대응할 수 있는 장점이 있다.

사격 때 후폭풍의 위험은 있으나 실내 발사도 가능하다.
육군 설명에 따르면, PZF-Ⅲ는 건물지역 전투를 위하여 실제 사격이 가능토록 설계되어 있다. 즉 밀폐된 공간 25㎥ 이상에서 발사관 끝과 벽사이의 거리가 최소 2m 이상 이격되고, 후폭풍 지역에 파편위험물 (유리, 선반, 케비넷등)이 없는 곳에서는 사격할 수 있다.
밀폐된 공간에서 사격시는 특수한 방호복은 필요 없으나 필히 귀마개를 착용해야 한다.
■ 제원
길이 : 134cm(사격시)
중량 : 13kg
유효사거리 : 고정표적 500m, 이동표적 300m
관통력 : 70cm
■ 참고자료 :
국방일보 ‘보병무기 이야기’, 홍희범 플래툰 편집장, 2008년 1월
국방일보 ‘獨 판저 파우스트’, 우보형, 2006년 2월"
https://kookbang.dema.mil.kr/newsWeb/20181109/6/ATCE_CTGR_0080020002/view.do,firepower,M72 66mm LAW,,"작고 가볍고 조작도 쉬운 1회용 대전차화기
M72 66mm 경대전차무기(LAW·Light Anti-tank Weapon)는 팬저파우스트 등 독일이 제2차 세계대전 중 창안한 1회용 대전차화기의 개념을 1960년대 초반에 미국이 발전시킨 것이다.
미 육군은 이 화기를 1965년에 채택, 베트남전에서 운용했다.
M72는 팬저파우스트와 달리 자체 추진력을 가진 로켓탄을 사용할 뿐만 아니라 탄약이 완전히 발사관 내에 수납된 방식이라는 점이 다르다. 로켓을 사용하는 점에서는 RPG-7과 비슷하지만 발사를 위한 추진장약이 별도로 없는 것이 RPG-7과는 또 다르다.
M72는 중량 3kg에 길이가 휴대 때 69cm, 발사 때 90cm이다. 기존 3.5인치 로켓 발사기보다 작고 가벼울 뿐만 아니라 쉽게 조작할 수 있으면서도 한번 쏘면 버리는 1회용이다.
운용성과 명중률 면에서 높은 평가를 받았다. 

휴대가 가능한 대전차 미사일은 목표가 적어도 수십 m는 떨어져 있어야 사용이 가능하지만, M72와 같은 휴대용 로켓발사기는 코앞의 목표물이라도 사격할 수 있다는 점이 강점이다.
방호력이 뛰어난 3세대급 전차에 대응력이 떨어지는 등 첨단 과학기술의 21세기 전장임을 생각하면 시대에 뒤떨어진 무기지만 2세대급 전차와 적의 거점에 대한 공격용으로 활용할 수 있다는 점이 존재 이유가 된다.
우리 군은 베트남전 참전을 계기로 1964년 미군으로부터 인수, 중대급에서 운용했다.
■ 제원
길이 : 69cm(휴대), 90cm(발사)
중량 : 3kg
유효사거리 : 고정표적 250m, 이동표적 200m
관통력 31cm"
https://kookbang.dema.mil.kr/newsWeb/20181109/7/ATCE_CTGR_0080020002/view.do,firepower,M20 3.5인치 대전차 로켓,,"6.25전쟁 중  전차 공포증 잠재운 일등공신
로켓  6.25전쟁이 발발한 1950년 미국에서 개발되어 6.25전쟁에서 최초로 사용된 화기이다. 이 발사기는 2.36인치 로켓발사기의 위력을 향상시킨 것으로 자석식 사격장치에 의해 2명의 병사가 조작토록 되어 있다.
■ 관련 기사
""3.5인치 대전차 로켓을 최대한 빨리 한국으로 보내 달라.""
6·25전쟁 참전 미 육군 24사단장 딘 소장과 극동군사령관 맥아더 원수는 1950년 7월 초순 워싱턴에 M20 3.5인치 대전차 로켓의 긴급 보급을 요청했다.
당시 참전 미 육군 부대들은 쓸만한 대전차 무기가 없어 곤욕을 치르고 있었다. 2.36인치 로켓으로는 북한군 T-34 전차를 파괴할 수 없었기 때문이다.
미 육군이 출동하기만 해도 북한군이 겁을 먹고 후퇴할 것이라는 미군들의 기분 좋은 상상은 전차를 앞세운 북한군의 완강한 공세에 산산조각이 나버렸다.
미군들이 생각했던 유일한 해결책은 1950년 6월 개발이 끝난 3.5인치 대전차 로켓이었다. 3.5인치와 2.36인치 대전차 로켓은 기본적으로 동일한 성격을 가진 무기지만 구경이 큰 3.5인치 대전차 로켓의 장갑 관통 능력이 더 우수했다.
그 무렵 3.5인치 대전차 로켓은 개발은 끝났지만 양산이 이뤄지지 않고 있던 상태였다.
하지만 맥아더 원수의 긴급한 요청에 미군 당국은 신속히 반응했다. 시제품이 미국에서 처음 생산된 것은 7월3일. 사격 지도 교관과 함께 시제품이 캘리포니아 주 트래비스 공군 기지를 떠난 것은 같은 달 8일이었다.
대전에 도착한 것은 10일, 긴급 훈련을 거쳐 미24사단 예하 보병중대의 화기소대에 대전차 로켓이 배치된 것은 12일이었다.
한국에 배치된 3.5인치 대전차 로켓이 최초로 전과를 올린 무대는 대전 전투였다.
7월20일 밤 붕괴된 방어선을 수습하기 위해 전투 현장을 시찰하던 미24사단 34연대장 뷰챔프 대령이 북한군의 T-34 전차와 조우한 것. 

어둠 속에서 T-34 전차는 기관총을 난사했고 뷰챔프 대령이 탄 지프에 불이 붙었다.
하지만 군인정신이 투철했던 뷰챔프 대령은 사단 공병대대의 3.5인치 대전차 로켓조를 이끌고 용감히 응전했다. 단 한 발에 T-34 전차가 파괴되면서 화염이 치솟았다. 3.5인치 대전차 로켓이 T-34 전차를 파괴할 수 있음을 실전에서 최초로 증명한 것이다.
이후 3.5인치 대전차 로켓은 한국군과 미군이 두려움 없이 T-34 전차를 상대할 수 있는 든든한 동반자가 돼 주었다. 대전 전투의 최후 순간 딘 소장은 직접 3.5인치 대전차 로켓으로 적 전차를 공격, 파괴하는 전과를 거두기도 했다.
국방일보 ‘무기의 일생’ 중에서 2005. 04. 16"
https://kookbang.dema.mil.kr/newsWeb/20181109/8/ATCE_CTGR_0080020002/view.do,firepower,M9 2.36인치 대전차로켓,,"일명 바주카포,  1949년 주한미군 철수 때 인수
2.36인치 로켓 발사기는 제2차 대전  독일군이 최초로 개발해 실용화한 대전차 무기체계이다. 미국은 1942년에 이 같은 로켓발사기를 개발해 제2차 세계대전 말 북아프리카 상륙 작전에서 최초로 사용했다. 일명 바주카포라고 불렀다.
육군은 1949년 주한미군 철수 때 이 장비를 인수했다. 6.25전쟁 중 초기 대전차화기로운용했다.
■ 제원
전장 49cm
중량 2kg
최대사거리 640m
포구속도 270m/sec
■ 관련 참고 기사 1
우리 군은 최초 전차를 운용하지는 못했지만 6·25전쟁 전까지 대전차 무기로는 1949년 주한미군 철수 시 인수한 2.36인치 대전차 로켓 1961문, 57㎜ 대전차포 95문 등을 보유하고 있었다.
이 가운데 정식 제식 명칭이 M9 로켓 발사기인 2.36인치 대전차 로켓은 바주카(bazooka)포란 이름으로 더 유명하다. 바주카란 미국의 코미디언 밥 본즈가 쇼에서 쓰던 피리 이름에서 유래한 것으로 겉모습이 피리와 비슷한 것에서 나온 애칭이다.
어깨에 견착해 사격할 수 있을 정도로 발사기가 가벼운 2.36인치 대전차 로켓은 대전차 고폭탄(HEAT)을 사용한다. 이 탄은 폭발로 형성된 고온 고압의 금속성 가스인 메탈제트를 좁은 면적에 집중시켜 장갑 관통 효과를 극대화한 탄종이다. 폭발 면적이 좁아 개방된 공간에 위치한 사람 등에게는 효과가 떨어지지만 장갑 관통 효과는 매우 좋은 것이 특징이다.
당시 미 군사고문단이 ""어떠한 적 전차도 파괴할 수 있다""고 공언하면서 ""산악지형이 많은 한국에서 적 전차는 제대로 활용되지 못할 것""이라고 자신할 정도로 신뢰성 있는 무기로 알려졌었다.
하지만 6·25전쟁이 발발하자 결과는 정반대로 나타났다. 1950년 7월 5일 미군 최초의 참전 부대인 스미스부대가 오산 북방의 죽미령에서 북한군과 첫 교전을 벌였다.

오리히 코나 중위는 2.36인치 대전차 로켓 22발을 T-34의 측면과 후면에 퍼부었으나 끄떡도 안 했다.
제2차 세계대전 때 무적의 탱크라고 불린 킹 타이거 전차조차 측면 장갑을 관통시킬 수 있을 정도의 위력을 지녔지만 T-34에 대해서는 효과가 없었던 것이다.
T-34에 대한 2.36인치 대전차 로켓의 대응력이 이 지경이 되자 6·25전쟁에 참전한 미 육군24사단장 딘 소장과 극동군사령관 맥아더 원수는 1950년 7월 초순 워싱턴에 M20 3.5인치 대전차 로켓의 긴급 보급을 요청했다.
3.5인치와 2.36인치 대전차 로켓은 기본적으로 동일한 성격을 가진 무기지만 구경이 큰 3.5인치 대전차 로켓의 장갑 관통 능력이 더 우수했다.
3.5인치 대전차 로켓은 1950년 6월 개발이 끝났지만 양산이 이뤄지지 않고 있던 상태.
하지만 미군 당국은 신속히 반응했다. 7월 3일 처음 생산돼 10일 대전에 도착, 12일 미24사단 예하 보병중대의 화기소대에 배치됐다.
최초로 전과를 올린 무대는 대전 전투. 7월 20일 밤 전투 현장을 시찰하던 미24사단 34연대장 뷰챔프 대령이 북한군의 T-34와 조우한 것.
T-34의 기관총 사격에 뷰챔프 대령이 탄 지프에 불이 붙었다. 하지만 뷰챔프 대령은 사단 공병대대의 3.5인치 대전차 로켓조를 이끌고 용감히 응전했다. 단 한 발에 T-34가 파괴되면서 화염이 치솟았다. 3.5인치 대전차 로켓이 T-34를 파괴할 수 있음을 실전에서 최초로 증명한 것이다.
우리 군이 3.5인치 대전차 로켓으로 최초의 전과를 거둔 것은 1950년 8월 대구 북방 가산전투. 8월 초 육군1사단은 미군으로부터 3문을 최초로 인수했다.
1사단은 예하 12연대에 사수·부사수·탄약수 2명 등 4명으로 구성된 대전차 특공조 세 개를 편성, 일주일 동안 특별훈련을 거쳐 8월 9일 최초로 실전에 투입했다. 12명의 대전차 특공조는 특공대장 김성룡 대위의 지휘 아래 대구 북방 석적부락 부근에서 단숨에 적 전차 4대를 파괴하고 1대를 노획했다. 개전 이래 끊임없이 괴롭혀 온 전차 공포증을 날려 버린 통쾌한 순간이었다.
그로부터 20여 년 뒤인 1971년, 3.5인치 대전차 로켓은 박정희 대통령이 추진한 번개사업의 일환으로 국산화됐다. 이토록 파란만장한 역사를 가진 3.5인치 로켓도 1980년대 이후 점차 역사의 저편으로 사라졌다. 66㎜ LAW(경대전차 무기) 등 신형 대전차 무기의 출현으로 3.5인치 대전차 로켓은 예비군 무기로 전환된 것이다.
☞ 국방일보 ‘Old & New’ 2008년 8월 20일자
■ 관련 참고기사 2
‘T-34 파괴한 건 2.36인치 대전차로켓’
""그때 갖고 나간 건 3.5인치가 아니라 2.36인치예요.""
지난달 20일자 ‘Old & New’에 ‘2.36인치·3.5인치 대전차로켓’이 보도된 후 데스크에 전화가 걸려왔다.
김점곤 장군이다.
육군소장으로 예편한 김 장군은 6·25 당시 중령의 계급으로 1사단 12연대의 부연대장과 연대장을 지내며 전투를 지휘했던 장본인.
3.5인치 대전차로켓 운용 사례로 기자가 제시한 1950년 8월 9일 1사단 12연대의 전투 내용이 ‘사실과 다르다’는 내용이었다.
기자는 이 기사를 작성하기 위해 육군본부가 1979년 12월에 간행한 ‘소부대 전례 8집 - 공격작전편’에 실린 ‘3.5인치 로키트 특공대의 전공’에 전투 내용을 인용했다. 현재까지 쓰여진 전사, 특히 소부대 전투에 관한한 이때 발행된 ‘소부대전례’보다 구체적 내용이 실린 자료는 거의 없다고 기자는 판단했다.
김 장군에게 이 부분을 언급하자 ""전사 책에 나온 것이 다 맞지는 않더라""며 정황을 더 설명했다.
""당시 3.5인치 대전차로켓을 지급받은 것은 맞는데, ‘특별 취급’해야 할 ‘비밀 신무기’라며 아직 쓰지는 말라는 상부 지시가 있었어요. 지시가 지시인지라, 특공대장을 자원한 김성룡 대위와 대원들은 2.36인치를 들고 나갔지요.""
김 장군은 당시 김 대위(대령 예편으로 알려진)가 적 T-34전차를 파괴한 후 1대를 노획했다며, 후에 이 전차를 대구 시내에 전시해 국민들에게 전쟁에서 이길 수 있다는 자신감을 고양시켰다고 말했다.

또 서울 여의도에 전시된 후 지금은 육군사관학교에 있을 것이라고도 부연했다.
기자는 김 장군의 증언을 확인하기 위해 추가 자료를 찾았다. 국방부 전사편찬위원회가 1990년에 발행한 ‘다부동전투’에는 이 부분에서 2.36인치 대전차로켓을 갖고 나갔다고 언급돼 있어 김 장군 증언에 무게를 더해 주었다.
하지만 전투 상황이 구체적으로 언급되지는 않았고, 예비역 단체를 통해 확인한 전화번호로 김성룡 특공대장과 통화를 시도했지만 아쉽게도 틀린 번호여서 추가적인 전황을 들을 수 없었다.
기자가 과문한 탓인지, 2.36인치 대전차로켓으로 T-34를 격파했다는 증언은 처음이었다. 사실 2.36인치 대전차로켓은 제2차 세계대전 때 무적의 탱크라고 불리던 킹 타이거 전차조차 측면 장갑을 관통시킬 수 있을 정도의 위력을 지녔다. 이 때문에 왜 스미스부대는 22발을 쏟아붓고도 T-34를 파괴하지 못했을까 하는 의문이 남는다.
‘12연대가 T-34를 파괴한 것은 2.36인치 대전차로켓에 의한 것이었다’를 분명히 확인하지 못했지만, 이번 김 장군의 증언, 그리고 전사를 통해 기자가 새삼 깨닫은 것은 전투에서 무기체계의 성능적 우위도 중요하지만 운용 장병들의 높은 전투의지와 프로다운 전투기술이 더욱 중요하다는 것이었다.
☞
국방일보 2008년 9월"
https://kookbang.dema.mil.kr/newsWeb/20181109/1/ATCE_CTGR_0080020002/view.do,firepower,M40 106mm 무반동총,,"1960년 군원장비 인수 후 80년대 초 국내 생산
무반동총은 구조가 간단하고 무겁지 않아 기동성이 높은 무기이다. 또 직사화기로서 대전차포는 물론 적의 진지 및 구조물 등 견고한 표적을 공격하는데 다양하게 쓰이고 있다.
무반동총은 도수 운반이 가능한 소형, 그리고 차량 탑재나 최소한 인력 견인이 필요한 중·대형의 두 부류로 나뉘어 개발됐다. 대형 무반동총 가운데 전 세계적으로 가장 성공한 것이 미국의
M40
106㎜ 무반동총이다.
M40A1은 일반 차량에, M40A1C형은 궤도형 장갑차량에 운용된다. 차량 이동이 제한된 지역에서는 지상에 거치하여 사격할 수 있도록 되어 있다.
우리 군은 1960년 미국으로부터 군원 장비로 인수했으며, 1980년 초 국내에서 개량 생산, 각급 부대에 보급했다.
대전차화기 중에서는 길이가 가장 길어 340cm에 달한다. 무게는 113.85㎏. 최대 사거리는 7000m를 넘는다.
총열, 약실이 있는 총열뭉치, 폐쇄기등이 있는 총열 후미의 총미장치, 총열을 삼각대 형식으로 받치는 다리와 방향전륜기, 그리고 최고 2400m까지 사격할 수 있는 사격통제장치가 있다.
총가에 의해 직접 또는 간접으로 사격하고 폐쇄기는 막음 나사식이다.
사격 시 무반동이 되는 원리를 보면, 탄약의 탄피에 1160개의 구멍이 뚫어져 있음을 보게 된다. 격발 후 장약이 점화되어 발생하는 가스가 약실 내로 균등하게 빠져 나가는데, 이때 탄두를 전방으로 추진시키는 가스의 힘과 총 후미 폐쇄기 구멍을 통해 후방으로 방출되는 가스의 힘이 동일하기 때문에 발사 순간 총이 움직이지 않는 것이다."
https://kookbang.dema.mil.kr/newsWeb/20181107/2/ATCE_CTGR_0080020005/view.do,firepower,Mk.30 5인치 38구경,,"1963년 도입해  구축함 충무함 등에서 운용
항공모함이나 미사일 등장 이전까지 군함에서 가장 중요하고 강력한 무기는 함포. 해안으로 상륙하는 지상 병력을 엄호하기 위한 중요한 수단이다.
제2차 세계대전 중 미 해군은 전함에는 16인치 함포를, 순양함에는 8인치 함포를 , 구축함이나 호위구축함에는 5인치 함포를 장착해 운용했다.
Mk30 함포(Mk30 5inch/38cal. Naval gun)는 플레처(Flecher)급 구축함이나 가르시아(Garcia)급 호위구축함 등 미 해군의 수많은 2선 전투함에 장착되었던 것. 미국의 해군병기창에서 제작된 것으로 단열포와 쌍열포 2가지가 있다.
1963년 우리해군에 도입되어 구축함 시대를 개막한 DD-911 충무함에도 이 함포가 5문 장착되었는데 해군은 5인치 함포를 대함전·대공전·대육상 화력지원을 위해 구축함과 호위함 등에 장착해 운용했다.
■ 제원
길이 7m
폭 3m
발사속도 18발/분
최대사거리 16,400m."
https://kookbang.dema.mil.kr/newsWeb/20181107/3/ATCE_CTGR_0080020005/view.do,firepower,Mk. 26 3인치,,"해군 1950년 4월에 도입....인천상륙작전 참전 함정의 주력 함포
Mk. 26 3인치 50구경장 함포는 미국 해군병기창에서 제작. 1943년 12월. 대공.대함용 함포로 운용되었다.
우리 해군은 1950년 4월에 도입, 6.25전쟁에서 경비함등에 설치해 인천상륙작전에 참전한 함정의 주력 함포로 운용했다.
■ 제원
길이  4m
너비  2m
높이 2m
중량 3,546kg
최대사거리 13,350m
발사율 16발/분
탄약 길이 80cm
탄약 중량  16kg"
https://kookbang.dema.mil.kr/newsWeb/20181107/1/ATCE_CTGR_0080020005/view.do,firepower,정의와 특징,,"높은 포구 초속, 긴 사정거리, 단순한 구조, 큰 파괴력, 빠른 발사 속도 등이 특징
함포란 함정에 탑재·운용되는 화포이다.
항공모함에 의한 항공기 운용이나 미사일이 함정에서 운용되기 이전까지는 함정에서 가장 중요하고 강력한 무기는 바로 함포였다. 특히 해안으로 상륙하는 지상군을 엄호하기 위한 중요한 수단이다.
함포는 지상군이 운용하는 자주포나 전차포와는 분명한 차이가 있다. 포신 면에서 보면, 함포는 같은 구경의 포라 할지라도 함포는 전차포보다 무겁고 클 뿐 아니라 길다.
함정은 또 전차 등과 달리 공간이 비교적 넉넉하고 반동을 이기는 능력도 월등히 우수하다.

함포는 일반적으로 갑판 위에 모습을 드러내지만, 그 밑의 공간에 포탄을 장전하는 장치가 있다.
대부분 자동장전장치인데, 이것이 함포의 특징을 이룬다. 전차포의 자동장전장치와는 그 규모, 구조, 성격이 완전히 다르다. 또 야포나 박격포 등에서는 전혀 있을 수 없는 장치이다.
현대의 함포는 거의 속사포이기 때문에 포탄 소비가 엄청나다는 것도 특징이라고 할 수 있다.

이밖에 함포는 그 종류가 상당히 많다는 점이 눈에 띈다.
한때 미사일의 발전으로 인해 함포가 해전의 중심화기 위치에서 멀어지면서 대함미사일을 방어하는 보조형 화기로 개발·운용되었지만 최근 지상 지원 공격력이 강조되고 있다.
15세기 초 영국은 군함에 육상포를 탑재했다. 1571년의 레판토 해전에서 중형포를 탑재한 기독교 동맹국 해군이 소형포만 탑재한 터키 함대를 격파했는데, 유럽의 기준에서 보면 이것이 최초의 함포전 이었다.
19세기에 이르러 산업혁명의 영향으로 거함거포주의 시대를 열게되어 제1차 대전시에는 대형전함, 순양전함에 11~ 15인치 함포를 탑재하여 해전을 수행하였다.

제2차 세계대전중 항공모함의 위력으로 전함은 주력함의 자리를 내주게 되었고 이러한 상황은 미사일의 등장으로 더욱 위축되어 함포는 자함방어 위주의 중.소 구경으로 자리매김하게 되었다.
현대의 함포는 비교적 소구경으로 대함/대공/대지 사격 등 다양한 기능들을 수행할 수 있는 다목적용이며, 우수한 사격통제장치와 연동됨으로써 무인화, 자동화되고 있다.
<이상 해군 자료 종합>
함포는 해군 함정에 장착된 포를 말한다.
대부분의 국가는 함포를 구경에 따라 대구경 함포(heavy gun: 130㎜ 이상), 중구경 함포(medium gun: 76 ~ 130㎜), 소구경 함포(light gun: 76㎜ 미만)로 분류한다.
함포는 높은 포구 초속, 긴 사정거리, 단순한 구조, 큰 파괴력, 빠른 발사 속도 등이 특징이다.
20세기에 미사일·함재기·어뢰 등이 등장하기 전에는 함포가 전통적인 함정 탑재 무기였으며 주력 무장이었다.
함포는 14세기에 활강포를 함정에 장착하기 시작한 이래로 지금의 강선포 시대까지 이어져왔지만 제2차 세계대전 때 함재기를 탑재한 항공모함이 새로운 해상전의 주역으로 떠오르면서 상대적으로 역할이 줄어들게 됐다.
특히 1960년대 대함 미사일의 출현과 대공미사일·순항미사일과 같은 정밀유도무기의 함정 장착으로 함포의 가치는 큰 위기를 맞게 된다. 정밀유도무기는 함포에 비해 긴 사정 거리, 높은 명중률, 큰 파괴력, 좋은 작전 효율성 등 많은 장점을 가지고 있기 때문에 함포 장착 여부에 대한 논의가 대두되기 시작했다.
그러나 최근 들어 무기 기술의 발전은 함포의 정확성 및 효용성을 크게 높였고 특히 값비싼 정밀유도무기에 비해 경제적인 면에서 훨씬 유리하기 때문에 각국은 새로운 함포 개발에 역점을 두고 있다.
1982년 포클랜드 전에서 영국의 Mk8 114㎜ 함포는 유인탄(Decoy)을 포함해 총 8000여 발의 포탄을 발사해 아르헨티나의 공중 및 지상 군사력을 효과적으로 제압하는 데 성공했다. 영국 사령부는 Mk8 114㎜ 함포로 아르헨티나 항공기 7대를 격추했다고 밝혔다. 1991년 걸프전 당시 미국도 406㎜ 초대구경 함포로 이라크군을 무력화시키는 데 성공했다. 이같이 함포는 실전에서 그 필요성을 수차례 입증했다.
출처 :
‘국방과학기술지식대백과사전’
국방기술품질원"
https://kookbang.dema.mil.kr/newsWeb/20181105/2/ATCE_CTGR_0080020002/view.do,firepower,M67 90㎜ 무반동총,,"곡사화기로 제압할 수 없는  동굴 진지나 축성진지 효과적 파괴
6·25전쟁이 끝나면서 전차의 방호력이 강화되자 대전차 화기의 화력도 증강할 필요성이 생겼다. 이에 미국은 3.5인치 로켓포와 57㎜ 무반동총의 단점을 보완, M67 90㎜ 무반동총을 개발했다.
길이 135cm, 무게 17㎏의 무반동총은 최대사거리가 2100m. 중량이 가벼워 개인 휴대가 쉬웠으며 지상에 설치하거나 어깨에 메고 사격할 수 있었다.
특히 명중률이 우수하고 조작과 분해·결합도 용이했다.
우리 군은 1971년 미군의 장기초과장비(LSE)로 인수해 운용하다 1979년 국방과학연구소에서 모방형을 개발, 대한중기를 통해 생산 보급했다.  이 화기는 조작이 간단하고 비교적 경량이어서 기동성이 우수한 특징이 있다.
이 화기는 거치 및 견착식으로 사격하며 충격식 공이를 사용한다. 고도의 명중률과 파괴력이 양호하며 또한 곡사화기로 제압할 수 없는 적의 동굴 진지 및 축성진지를 효과적으로 파괴할 수 있으며 대인용 무기로도 사용이 가능하다.
90mm 무반동총은 평사 탄도 화기로 분류되나 실제적으로는 직선이 아니고 곡선이다. 사거리 400m에서 사격할 경우 최고 탄도고는 약 6m이다.
유효사거리는 점표적은 400m, 지역 표적은 800m이며, 관통력은 31cm이다.
참고자료 : 월간 ‘육군’ 대전차 로켓무기 발달사
국방일보 ‘Old & New’ 2008년 8월 6일자"
https://kookbang.dema.mil.kr/newsWeb/20181105/3/ATCE_CTGR_0080020002/view.do,firepower,57mm M1 대전차포,,"6·25전쟁 당시도 T-34 전차 상대로 크게 활약하지는 못해
6·25전쟁의 첫날인 1950년 6월25일, 강원도 춘천 소양강 입구 옥산포 부근. 숲속에 잠복하고 있던 육군6사단 7연대 대전차포중대 2소대(소대장 沈鎰·중위)의 57mm 대전차포가 불을 뿜었다.
57mm 대전차포의 1탄에 30m 앞까지 접근했던 북한군 Su-76 자주포의 무한궤도가 날카로운 쇳소리를 내며 파괴됐다. 또 다른 적 자주포 1대도 2탄에 측면 장갑이 관통되면서 멈춰 섰다.
그 순간 대기하고 있던 6사단 7연대 육탄특공대원들이 달려들어 수류탄을 적 자주포 내부에 던져 넣었다. 유폭을 일으키며 자주포가 파괴된 것은 거의 동시였다. 개전 초기 T-34 전차와 함께 무적의 위세를 자랑하던 적 자주포의 기세를 꺾어 버린 결정적 쾌거였다.
대전차포중대의 활약은 이것으로 그치지 않았다. 26일 소양강 입구 삼거리 부근에서도 57mm 대전차포로 적 자주포 2대를 기동 불능 상태로 만들어 버렸다. 28일에는 말고개에서 6사단 2연대 57mm 대전차포중대와 19연대 육탄특공대의 협공으로 적 자주포 10대를 파괴했다.
이러한 대전차포중대의 활약은 춘천지구 전투에서 6사단이 성공적인 지연전을 펼치는 데 결정적인 밑거름이 됐다. 당시 대전차포중대가 보유한 대전차포의 정확한 제식명은 57mm M1 대전차포(對戰車砲·Antitank Gun).
우리나라에서 이 대전차포를 최초로 보유한 것은 1948년 무렵이다. 1949년 주한미군이 철수할 당시 대전차포 117문과 각종 탄 4만408발을 한국군이 추가로 인수하기도 했다. 지금은 대전차 미사일과 로켓·무반동총 등이 전차를 파괴하는 대전차 무기의 주류를 이루고 있다.
하지만 제2차 세계대전 무렵만 해도 대표적인 대전차 무기는 대전차포였다. 




대전차포는 말 그대로 전차를 전문적으로 공격하는 야포를 의미한다. 대전차포는 일반적인 곡사포와 비교, 포탄의 속도(포구속도)가 매우 빠르고 탄도가 비교적 수평에 가까운 것이 특징이다. 사용하는 탄종도 철갑탄 등 전차의 장갑 관통에 적합한 운동에너지탄이다.
초창기의 대전차포는 구경 37mm급이 주류였다. 하지만 전차의 방어력이 획기적으로 향상되자 37mm급의 대전차포로는 전차를 상대하는 것이 불가능해졌다.
대전차포의 공격력을 향상시키기 위해 보다 구경이 큰 57·76·88·127mm의 대전차포가 속속 개발된 것은 당연한 수순이었다.
미국의 57mm M1 대전차포도 이런 초창기 대전차포 발달 과정에서 나온 산물 중 하나다. 이 대전차포는 영국의 6파운드 대전차포를 약간 개조, 1941년 11월 제식화한 것이다. 사실 57mm 대전차포는 이미 제2차 세계대전 중 그 가치를 상실한 무기였다. 당시 신예 주력 전차를 격파하기에는 관통력이 너무 약했던 것.
6·25전쟁 당시에도 T-34 전차를 상대해 큰 활약을 펼치지 못한 것도 그 때문이다. 




심지어 전차보다 훨씬 방어력이 약한 Su-76 자주포 상대에서도 원거리에서 제대로 장갑을 관통하지 못했다. 때문에 우리 육군이 3.5인치 대전차 로켓을 도입한 후 57mm 대전차포는 일선에서 점차 사라져 갔다.
결국 6·25전쟁 당시 춘천 전투에서 육군6사단 대전차포중대의 눈부신 활약은 57mm M1 대전차포의 뛰어난 성능 때문이라기보다 장병들의 감투정신에 힘입은 바 컸다고 할 수 있다. 무기 체계의 성능이 중요하기는 하지만 그것이 승패를 좌우하지 않는다는 교훈을 보여 주는 사례인 것이다.
출처 : 국방일보 ‘무기의 일생’ 2005년 4월 2일"
https://kookbang.dema.mil.kr/newsWeb/20181105/4/ATCE_CTGR_0080020002/view.do,firepower,,,
https://kookbang.dema.mil.kr/newsWeb/20181105/5/ATCE_CTGR_0080020002/view.do,firepower,,,
https://kookbang.dema.mil.kr/newsWeb/20181105/7/ATCE_CTGR_0080020002/view.do,firepower,,,
https://kookbang.dema.mil.kr/newsWeb/20181102/1/ATCE_CTGR_0080020003/view.do,firepower,,,
https://kookbang.dema.mil.kr/newsWeb/20181031/2/ATCE_CTGR_0080020001/view.do,firepower,,,
https://kookbang.dema.mil.kr/newsWeb/20181031/3/ATCE_CTGR_0080020001/view.do,firepower,,,
https://kookbang.dema.mil.kr/newsWeb/20181031/4/ATCE_CTGR_0080020001/view.do,firepower,,,
https://kookbang.dema.mil.kr/newsWeb/20181031/5/ATCE_CTGR_0080020001/view.do,firepower,,,
https://kookbang.dema.mil.kr/newsWeb/20181031/6/ATCE_CTGR_0080020001/view.do,firepower,,,
