url,category,title,date,content
https://kookbang.dema.mil.kr/newsWeb/20230410/1/ATCE_CTGR_0080100004/view.do,RnD,"FFG 충남함 마스트, 기존 함정과 어떻게 다를까",,"복합센서마스트, FFG 충남함에 첫 적용
4면에 레이더와 적외선 탐색추적장비 설치
탐지 사각지대 해소 및 생존성 향상 기여
오늘(10일) 현대중공업에서 진수된 유도탄호위함 충남함(FFG-828)은 차기호위함(FFX)사업의 15번째 함정이자 사업상 세번째 단계(batch-III)의  첫 번째 함이다.
FFG 충남함은 기존에 배치1·2로 건조된 인천급 및 대구급 FFG와는 배수량과 크기 면에서도 크게 차이가 있지만 무엇보다도 탑재 장비 측면에서 국산 함정 최초로 4면형 다기능 위상배열레이더(MFR)를 적용하면서 ‘통합 마스트’라고 부르는 복합센서마스트(ISM, Integrated Sensor Mast )를 최초로 설치하고 있다는 점이 다르다. 이는 충남함을 외형상 기존 국내 호위함과 확연히 구분 짓게 해주는 요소이기도 하다.
마스트(mast)는 돛이나 깃발을  달거나 안테나를 비롯한 각종 센서를 설치하기 위해 함정 가운데 부분에 높이 세워 올린 기둥을 말한다.  충남함의 복합센서마스트에는 다기능 위상배열레이더 4대가 적외선탐지추적장비(IRST) 4대 등과 함께 마스트 4개 각 면에 통합해 설치되어 있음을 볼 수 있다.
기존 울산급호위함(FF)은 물론 FFX의 배치-I/II 단계에서 건조된 인천급이나 대구급의 FFG는 탐지레이더와 추적레이더를 마스트에 각각 따로 설치해 운용했다. 이들 레이더는 안테나를 기계적으로 회전시키면서 빔(beam)을 쏘아(조향) 표적을 탐지한다.
탐색레이더는 목표물을 탐지 및 식별하여 해당 목표물을 지정하며, 추적레이더는 탐색레이더로부터 표적 정보를 인계받아 표적을 추적하여 정확한 제원을 산출케 하는 역할을 한다. 탐색레이더와 추적레이더는 상호보완적인 역할을 수행한다고 볼 수 있다.
그러나 FFG 충남함의 MFR은 4개 면의 안테나에 장착된 배열 소자의 위상제어를 통해 빔을 조향하여 표적을 탐지하는 전자주사식이다. 기계식은 함정 설치 구조물로 인해 360도 가시선 확보가 제한된다.  반면 FFG 충남함의 MFR은 레이더가 회전할 필요가 없어 시간적인 블라인드 존이 발생하지 않으며, 함 구조물에 의한 음영구역이 해소되는 등 레이더의 탐지 능력이 좋아진다.
나아가 충남함의 MFR은 표적의 탐지와 추적을 동시에 수행함으로써 탐색레이더에서 추적레이더에게로 표적 정보를 인계하는 시간을 단축하여 대응시간을 최소화할 수 있다는 장점이 있다. 더불어 레이더 안테나 등 센서를 외부에 설치한 기존 호위함과 달리 복합센서마스트는 안테나 등 센서를 시설물 안으로 수용하여 함정의 레이더단면적(RCS·Radar Cross Section)을 감소시키는 스텔스 성능 향상으로 생존성을 제고한다.
함정용 적외선 탐색추적장비(IRST)는 함정을 향해 저고도로 비행하며 공격해오는 유도탄 등 다수의 위협 표적을 자동으로 탐지하고, 동시에 추적 관리하는 전자광학 장비이다. 통합마스트 각 면에 고정 설치되어 360도 전방위 파노라마 적외선 영상 정보 및 다수의 위협표적 정보를 실시간(real time)으로 함정 전투체계로 전송한다. 레이더와 상호 보완적으로 운용되어 자함(自艦)의 방어능력 및 사격통제 신뢰 향상에 기여한다."
https://kookbang.dema.mil.kr/newsWeb/20221118/1/ATCE_CTGR_0080100004/view.do,RnD,폴란드 K2· K9 배치되는 동북쪽에 누가 있길래,,"1918년 11월 11일 독립을 맞은 폴란드(Republic of Poland)는 유럽의 강대국들 사이에서 2세기 넘게 외세의 침략을 받아 분할되거나 점령된 역사가 있다. 오늘날 폴란드의 안보환경 역시 과거보다는 덜하지만 여전히 어려운 국면에 놓여 있다.
폴란드는 한반도의 1.4배에 해당하는 312,683㎢의 면적에 북쪽 발트해에 닿은 해안선(528km)부터 주변 7개국과 이웃해 있다. 동북쪽으로 러시아 역외의 고립된 영토인 칼리닌그라드(Kaliningrad)와 발트해 동남부 연안부터 내륙으로 210km 가량 국경을 맞대고 있으며, 리투아니아와 103km, 벨라루스와 416km, 우크라이나와 529km, 슬로바키아와 539km, 체코와 790km, 독일과 467km의 국경을 이룬다.
서쪽과 남쪽은 우호적인 나토(NATO) 국가들인 반면 동쪽은 러시아의 칼리닌그라드, 친(親)러시아 성향의 벨로루시, 그리고 러시아와 전쟁 중인 우크라이나와 접하고 있음을 볼 수 있다. 특히 칼리닌그라드는 러시아에서 가장 중무장한 지역이자 유럽에서 군사 기반시설이 가장 밀집한 군사 전략적 거점으로 폴란드에 대한 위협도가 가장 높은 곳으로 인식되고 있다.
폴란드는 러시아의 동유럽 내 영향력 확대 정책을 폴란드에 가장 큰 안보 위협으로 인식하면서 국가적으로 대비태세를 강화하기 시작했다. 기계화부대를 강화하고 부대와 무기체계를 재배치했으며, 2017년 영토방위군을 창설했다.
2016년에는 NATO 바르샤바 정상회의를 계기로 NATO 동부 지역 강화 결정을 이끌어내고 2017년부터 미군이 주도하는 나토 전방증강전개군NATO eFP·enhanced Forward Presence)의 순환배치를 시작했다. 

올해 우크라이나 전쟁이 터지자 군비증강을 급속히 추진했다. 국방예산을 GDP 대비 2% 수준에서 2.5%로 끌어올리면서 병력도 현재 12만여 명 선에서 향후 20만 명으로 확대할 계획을 세웠다.
이런 배경에서 폴란드는 미국에서 F-35전투기와 M1A2 전차를 도입하는 외에 올해 우리나라의 K2전차, K9자주포, K239 다련장로켓, FA-50전투기를 도입하는 계약을 체결했다. 124억 달러에 달하는 규모다.
■  폴란드 현용 전차와 자주포는?
폴란드 육군은 레오파르트 2PL을 비롯해 레오파르트2 A4/A5 등 레오파르트2 계열과 PT-91 전차, T-72 전차 등 총 1000여 대를 보유해왔으며 K2전차 도입을 결정하기 앞서 2022년 4월 6일 M1A2 SEPv3 에이브럼스 전차 250여 대를 도입하는 구매 계약을 체결했다.
또 폴란드 육군은 또 포병 현대화를 추진하면서 155mm 크라프(Krab·게)를 개발해 구형인 2S1 자주포를 교체하고 있다. 크라프는 155mm 포를 영국 AS-90자주포에 결합하고 이를 K9의 차대(chassis)에 탑재한 형태이다. 폴란드는 러시아와 전쟁을 벌이고 있는 우크라이나에 이 크라프를 공여 및 판매할 것이라고 최근 언론에 보도되었다.
이와함께 폴란드 육군은 당초 미국산 고속기동포병로켓시스템(HIMARS)을 대량 구입하려고 했으나 미국 측의 생산 및 인도 일정이 폴란드 요구에 부응하기 어렵게 되자 대안으로 K239천무를 도입하게 됐다.
폴란드 지상군은 현재 4개의 기갑/기계화사단을 편성하고 있다. 11기갑기병사단, 12기계화사단, 16기계화사단, 18기계화사단이 그들이다. 이 가운데 16기계화사단이 러시아의 칼리닌그라드 및 벨로루시와 접한 동북방면 국경 지역에, 18기계화사단이 수도 바르샤바와 함께 우크라이나와 접한 동부 방면 국경지역에 배치되어 있다. K2전차, K9자주포, K239 다련장로켓 등이 대부분 이 2개 사단의 예하 부대에 우선적으로 배치될 전망이다.
■ K2 배치 16기계화사단
16기계화사단은 폴란드 동북부의 안보를 담당하는 부대이다. 폴란드는 러시아의 칼리닌그라드 등과 마주하고 있는 이 지역을 최전방으로 여기며 전략적으로 매우 중요하게 평가하고 있다. 러시아에 대응하는 나토 전방전개군이 국경 바로 지역인 오지스(Orzysz) 등에 주둔하고 있는 것도 이런 까닭이다.
사단은 2019년 12월 2일부터 올슈틴에서 주둔하고 있는 사령부를 비롯 예하에 여단/연대급 부대로서 9기갑기병여단(브라니에보 Braniewo), 15기계화여단(기지츠코 Gi？ycko), 20기계화여단(바르토시체 Bartoszyce), 11포병연대, 15대공포연대, 16군수연대 등이 포진하고 있다.
마리우시 브와쉬착(Mariusz Blaszczak) 폴란드 부총리 겸 국방부장관은 지난 10월 15일, 올해 말에 10대의 K2전차가 모라그(Morag) 지역의 20기계화여단 전차대대에, 24대의 K9 곡사포가 벵고제보(W？gorzewo)의 11포병연대로 갈 것이라고 밝혔다. 또 20기계화여단의 전차대대가 오스트로다(Ostroda)에 주둔할 것이라며 역시 K2로 무장할 것임을 덧붙였다.
16기계화사단은 예하 여단의 전차대대에 현재 PT-91 트바르디(Twardy 강한, 단단한) 전차를 운영하고 있다. PT-91 전차는 과거 공산권의 베스트셀러였던 러시아제 T-72전차를 성능개량한 것이다. 포병대대는  2S1자주포를 보유하고 있다.
■ 천무 배치 18기계화사단
‘아이언 사단(Iron Division)으로 불리는 18기계화사단은 동쪽 방면으로 벨라루스의 브레스트(Brest) 게이트 인근에서부터 우크라이나, 프세미시우(Przemy？l) 인근의 슬로바키아 국경까지를 책임지역으로 하고 있다.
사단 사령부가 바르샤바 동쪽의 시에들체(Siedlce)에 주둔하고 예하에 1기갑여단과 19기계화여단, 21소총여단, 18군수연대 등이 편제되어 있다.   
바르샤바 근교 베솔라(Wesola)에 자리한 1기갑여단은 제1전차대대와 제2전차대대 예하에 지금 레오파르트(Leopard) 2A5 전차를 운용하고 있다. 루블린(Lublin)에 지휘부를 둔 제19기계화여단과 제슈프(Rzeszow)의 제21보병여단은 각각 1개 전차대대에서 T-72M 전차를 운용하고 있다.
폴란드는 현재 도입 중인 M1A2 SEPv3 에이브람스 전차 250대를 이들 부대에 배치하고 있는 것으로 알려져 있다. 18기계화사단의 책임 지역은 K2가 배치되는 16기계화사단 주둔지역보다는 지형적 조건이 다양하지 않다며 이는 강과 호수, 산지 등이 더 적다는 뜻이다.
K239 천무는 18기계화사단에 우선 배치된다. 계약된 총 288대 발사대 가운데 18대가 빠르면 2023년에 폴란드에 인도돼 폴란드 방산업체에서 제작한 옐츠(Jelcz) 트럭에 탑재된다.
■ F-35도 도입하지만 FA-50 선택
폴란드 공군은 2000년대 중반 미국 록히드마틴의 F-16C/D 파이팅 팰컨 전투기 48대를 도입, 배치해 공군력을 강화했다. 그러나 이후 현대화 노력이 중단되고 여전히 러시아제 구형 MiG-29와 수호이 Su-22M4로 편성됨으로써 폴란드 영공 방어에 충분하지 못한 전력이었고 여기에 칼리닌그라드 오블라스트에 러시아군이 더욱 증강되어 위기감이 높아졌다.
전문가들은 F-16 전투기가 전투공격, 정찰 및 방공 임무를 수행할 수 있는 상당한 수준의 역량을 제공하지만, 폴란드의 F-16 편대는 소규모인 까닭에 적성국과의 교전 시 실질적인 영향을 미칠 수 없다는 평가를 내리고 있다.
따라서 폴란드는 NATO에 많은 임무를 의존하는 가운데 2020년 F-35를 도입하기로 계약했으며 이어 올해 FA-50의 도입을 결정했다. 폴란드 공군은 3개의 수송항공기지, 1개의 무인항공기지, 5개의 전술공군기지, 2개의 항공 훈련 기지를 갖추고 있다."
https://kookbang.dema.mil.kr/newsWeb/20221102/1/ATCE_CTGR_0080100004/view.do,RnD,‘강자’ K9과 견줄 세계의 자주포는?_(하),,"세계 자주포 시장에서 선두의 자리에 올라선 K9자주포와 비교되는 해외 선진국들의 자주포로서 독일과 미국의 자주포에 이어 러시아, 중국, 남아프리카공화국, 영국, 일본에서 운용 또는 개발하는 자주포에 대해 알아본다.
▶ 2S19, 2S35 러시아
러시아는 자주포 분야에 대한 중요성을 강조하여 수적인 면에서 미국의 약 10배 이상을 보유하고 있으며, 구경도 203mm, 180mm, 152mm, 130mm, 122mm, 120mm 등 다양하다.
주력 기종은 1989년부터 운용하고 있는 구경 152mm의 2S19 자주포가 대표적이다. 사거리는 24.7km~36km이며, 분당 7～8발 사격이 가능하다. T-80 전차에서 현수장치와 구동기어를, T-72 전차에서 동력장치를 채택했다. 또 현수장치는 토션바를 적용했다. 구동방식은 후륜구동이며 장애물을 제거하기 위한 도져삽이 장착되어 있다.
1995년 이후 동구권 국가들이 포신 구경을 152mm에서 155mm로 전환하면서 러시아도 2S19에 유럽 표준인 155mm/52구경장의 포신을 장착한 수출용을 개발하기도 했다. 인도 차기자주포 선정사업에서 우리나라의 K9 자주포에 밀려 탈락했다.
러시아는 2013년 구경 152mm의 2S35 자주포를 2014년 초도생산했다. T-90전차의 구성품을 기반으로 제작된 이 자주포는 2S19와 전체적으로 유사해 보이지만 자동장전 등 높은 수준으로 자동화되어 있다. 전투중량 55톤에 1000마력의 디젤엔진을 탑재하고, 복합사거리연장탄(BB/RAP)으로 최대사거리 70km를 달성한다. 발사속도 10발/분, 승무원 3명
▶ PLZ45, PLZ05 중국
중국은 구경 203mm, 155mm, 152mm, 130mm, 122mm 등의 자주포를 보유하고 있으며, 45구경장 155mm 포신을 갖춘 PLZ45가 대표적이다.
외형상으로 미국의 M109A2와 유사한 PLZ45는 전투중량 32톤에 525마력 출력의 엔진으로 최대 55km/h의 속도를 낸다. 최대사거리는 사거리 연장탄으로 39㎞이며 반자동으로 탄을 장전, 분당 5발 사격이 가능하다. 포탑은 360°회전이 가능하지만 사격시에는 전방 좌, 우 30°에서 임무를 수행한다.
PLZ05는 PLZ45에서 개선된 것으로 2003년 시제 완성, 2005년 공개에 이어 2008년부터 전력화되었다. 전투중량 43톤에 1000마력의 디젤엔진을 탑재하여 최고속도 65km로 주행한다. 포신은 PZL45의 45구경장에서 52구경장으로 개선했으며 디지털 사격통제장치, 지상항법시스템, 반자동장전체계를 장착해 최대 분당 8발을 발사한다. 사거리 53km 구현했다.
▶ AS90 영국
영국은 1993년, 28년간 운용해오던 105mm 자주포를 155mm 자주포 AS-90으로 교체하기 시작했다. AS-90은 전형적인 자주포 형상으로서 차체 뒤쪽에 큰 문이 있고 조종수석과 동력장치는 차체 전방에 위치되어 있다.
차체와 포탑구조물은 장갑강판으로 제작되었으며 7.62mm와 14.5mm철갑탄과 152mm탄 파편에 방호될 수 있다. 장갑강판은 다른 재질보다 장갑방호력이 우수할 뿐만 아니라 알루미늄합금 장갑판재의 열처리 전후처리가 불필요하다.
유기압 현수장치를 적용함으로써 토션바형 현수장치에 비해 내부공간을 넓게 활용할 수 있다. 
초기 39구경장 포신을 썼으나 영국 국방부는 1998년 말 AS-90에 52구경장의 무장과 모듈장약을 개발 적용하기로 함에 따라 2001년 3월부터 야전에 배치된 자주포 중 8문이 성능개량에 착수되었다. 주포를  업그레이드할 때 특별히 리코일 시스템(recoil system)을 교체하지 않아도 된다.
영국은 현재 AS90를 대체할 새로운 자주포를 획득하기 위해 기동화력체계(MFP: Mobile Fires Platform) 사업을 추진하고 있으며, 여기에 한화디펜스가 K9A1의 업그레이드형인 K9A2로 도전하고 있다.
▶ G6-52, 남아프리카공화국
남아프리카공화국은 다른 나라와 달리 바퀴형 자주포에 역점을 둔 G6-52를 개발했다. 주전략 진지에서 1,000km 떨어진 지역에서의 작전에 기초하고 있는 그들은 먼 거리를 운행하는 자주포로서 바퀴형이 궤도형보다 연료소모가 적고 군수지원에 유리하다고 판단한 것이다.
1988년 생산에 착수한 G6는 전투중량은 47톤에 완전 자동방렬과 항법장치를 장착한 최초의 자주포이다. G6의 동체는 강철 장갑판재로 용접되었으며 바닥은 2중 장갑판재를 적용하여 지뢰에 방호되도록 했다. 공냉식 518마력의 디젤엔진, 토션바 현수장치를 적용하고 있으며 최대주행속도는 90km/h, 항속거리는 700km에 달한다.
주무장은 155mm/45구경장 포이며, 최대사거리는 사거리연장 베이스브리드탄으로 39.3km이고, 복합추진탄으로 53.6km이다. 포탑은 좌우로 각각 40도 회전하며 발사속도는 최대장약으로 분당 4발이다.
남아공은 최근 T5-52 콘도르(condor) 155mm/52구경장의 차륜형 자주포를 개발하고 있다.
▶ 99식 자주포 일본
일본 육상자위대의 99식(Type 99) 155mm 자주포는 미쓰비시 중공업에서 차체와 조립을, 일본제철에서 포와 포탑을 담당해 개발한 것으로 1999년에 4문을 배치하면서 75식 155mm 자주포를 대체하기 시작했다. 2017년 기준 123대를 운용 중이다.
155mm/52구경장의 주포는 FH-70 견인포에 사용하던 39구경장을 면허생산하면서 확보한 기술을 활용한 것으로 전투중량은 약 40톤에 600마력의 힘으로 최대 시속 약 50km로 달릴 수 있다. 자동장전장치가 설치되어 분당 6발을 발사하며 최대사거리는 약 30km이다."
https://kookbang.dema.mil.kr/newsWeb/20221031/1/ATCE_CTGR_0080100004/view.do,RnD,‘강자’ K9과 견줄 세계의 자주포는?_(상),,"세계의 자주포(상)
국산 K9 155㎜ 자주포가 세계무기시장에서 최정상급의 성능을 자랑하며 동종·동급의 절대 강자로 인정받고 있다. K9은 최초 전력화 이후 보조동력장치(APU)를 추가하고 자동사격통제장치를 향상하는 등 성능을 한층 강화한 K9A1을 2018년부터 야전에 배치하고 있다. 현재는 탄약을 완전 자동으로 장전할 수 있는 K9A2로의 성능개량 연구개발도 가속화하고 있다. 그렇다면 세계 주요 국가는 어떤 자주포를 운용하고 있을까? 또 세계 주요 국가들이 차기 또는 차세대를 위해 어떤 성능의 자주포를 개발하고 있는지도 함께 알아보자.
야포의 분류와 특징
과거 포(砲)를 말이 끌던 시대가 있었다. 이 시기에 포수는 대부분 걸어야 했지만, 이른바 ‘기마포병’은 말이나 마차를 타고 기동했다. 말이 견인하던 것을 차량이 견인하고, 이것이 다시 세계대전 중 무한궤도를 장착해 동력장치만으로 움직이는 자주포로 발전했다.
오늘날 자주포는 이 기마포병의 전통을 따른 것이라고 하는데, 자주포가 보통 견인포보다 몇 배 비싼 장비임에도 군에서 견인포보다 선호하는 이유가 있다. 기계화부대와 함께 이동이 가능하며 견인포로는 갈 수 없는 장소에 전개할 수 있고, 또 장갑 덕분에 적 포병화력에 대해 생존성이 높다는 점 때문이다. 특히 포 설치가 신속하며 사격 후 진지 이탈이 빠르다는 점이 큰 장점이다. 물론 궤도 차량이므로 상대적으로 고장 나기 쉽고 적 화력에 노출되기 쉽다는 것이 단점으로 꼽힌다.
자유진영 국가의 자주포 경우 구경 105㎜, 175㎜, 8인치의 포를 탑재한 것도 있지만 대부분 155㎜의 구경을 가졌다.
보다 멀리·보다 정확하게…6대 성능 요구
자주포는 적 종심 공격, 대포병(화력)전, 적 전투차량 제압, 보병부대의 직접지원 등을 주요 임무로 삼고 있다. 2000년대의 자주포는 일반적으로 ‘보다 멀리, 보다 정확하게, 보다 신속하게, 보다 강력하게, 보다 적은 인력으로, 보다 생존성 높게’ 등 6대 성능을 요구받고 있다. 이를 위해 선진국들은 급속히 발전하고 있는 전자·통신·신재료·광학·인공지능· 로봇기술 등의 첨단기술을 적용해 자주포의 획기적인 성능 향상을 이루고 있다.
탄약 보급차, 표적획득, 사격지휘, 자주포 탄약 등을 일괄(package) 개념에 따라 개발하면서 지휘통제, 통신 및 정보체계도 구축해 실시간(real time) 운용 등 임무 수행 효율성을 높여가고 있다. 특히 탄에 인공지능을 추가하고 탄 추적레이다를 장착해 정확도를 높이며 사거리도 복합추진 방식으로 급속히 증가하고 있다.
PzH2000·Donar 독일
독일은 1986년 이탈리아·영국과 공동으로 추진하던 SP-70 155㎜ 자주포 개발 사업이 취소되자 2000년대 전장 상황에서 효율적으로 운용하게 될 155㎜/52구경장 포신을 갖춘 자주포를 세계 최초로 개발했다. 이를 PzH2000으로 명명한 독일은 1998년 7월부터 기존 M109A3G 자주포를 대체하기 시작했다.
PzH2000는 8m가 넘는 장포신에 모듈형 장약을 사용해 표준탄(HE-FRAG)으로 30㎞, 보조추진탄(RAP)으로 40㎞의 사거리를 달성했다.
자동 방열하는 주무장, 전기구동식 포 구동, 자동장전장치를 사용함에 따라 10초에 3발의 급속사격과 60초에 8발의 최대발사가 가능하다.
특히 자동화를 위한 항법장치와 탄도 계산기를 탑재하여 방향, 포 위치, 포신 고각을 자체적으로 측정해 독자적으로 사격할 수 있다.
높은 수준의 기동 성능을 보장하고 신속한 진지 변환을 수행하기 위해 8기통 M881 디젤엔진을 탑재하고, 레오파르트 전차에서 입증된 토션바(torsion bar) 방식의 현수장치를 사용했다. 최대주행속도는 60㎞/h 이상이며, 항속거리는 420㎞이다.
독일은 최근 무인포탑 AGM(Artillery Gun Module)에 완전 자동화 장전 체계를 갖춰 승무원을 2명으로 감축하는 궤도형 Donar와 차륜형 RCH-155 자주포를 개발하고 있다. 독일은 2019년에 25L의 약실 체적을 갖는 52구경장 포에 V-LAP탄을 적용해 사거리 71㎞ 수준을 달성한 예에서 보듯이, 사거리와 화력 증대를 위해 23L 또는 25L의 약실 체적을 갖는 52구경장, 60구경장 등 다양한 무장에 새로운 탄약과 추진제를 조합해가며 성능을 시험하고 있다.
M109A6·XM1299 미국
미군의 특징은 장비가 배치되고 있어도 지속해서 성능 향상을 추진한다는 것이다. M109 계열의 자주포는 1963년 최초로 배치됐으며 1979년 M109A2/A3로 사거리 연장 및 탄약휴대량 증가를 꾀했다. 이어 신뢰도, 가용도, 정비도를 증대하기 위한 연구모델 M109A4, 사거리 30㎞용 무장을 장착한 M109A5로 성능을 향상시켰고 특히 ‘팔라딘 엔터프라이즈(Paladin Enterprise)’라는 프로젝트로 탄생한 M109A6는 M109A2를 10여 년간 연구 개발한 모델로 ‘팔라딘(Paladin)’이라고 명명해 1992년부터 야전에 배치하기 시작했다.
M109A6는 이전 155㎜/39구경장 포신을 52구경장 포신으로, 뇌관 격발식을 레이저 격발식으로, 분당 4발의 유압식 장전장치를 분당 6발이 가능한 급속장전장치(Flick Rammer)로 교체했다. 또 위치확인장치(MAPS)를 복합 위치확인장치(GPS를 포함한 경량 MAPS)로, 차내 내부 통화장치(Intercom System)를 새로운 차내 내부 통화장치로, 사격통제장치의 16비트 컴퓨터 프로세서를 32비트 컴퓨터 프로세서로 개선했으며 포구속도측정기(Muzzle Velocity System)를 추가 장착했다.
미 육군은 2015년부터 155㎜/39구경장의 M109A7을 배치하고 있다.
현재 미국은 ERCA(Extended Range Cannon Artillery·사거리연장자주포) 프로그램으로 XM1299를 개발하고 있다. 기존 M109A7 차체에 약실 체적을 늘린 155㎜/58구경장의 XM907 포를 얹어 최대 사거리 70㎞를 달성하는 1차 사업을 2023년까지 추진하고 있다. 이어 2024년 이후에는 1차 사업 결과물에 탄과 장약을 자동으로 장전하는 시스템과 신형 포탄 등을 적용해 분당 6~10발의 발사속도로 최대 사거리 100㎞ 이상으로 확대하는 것이 목표다.
2020년 12월 엑스칼리버(Excalibur) 탄으로 사거리 70㎞를 시험했으며, 100㎞ 달성을 위해 램제트(Ramjet)탄과 HVP탄, 탄도수정신관 등의 기술을 지속 연구하고 있다.
(하편에 계속)"
https://kookbang.dema.mil.kr/newsWeb/20221015/1/ATCE_CTGR_0080100004/view.do,RnD,'미래 도전' 차기/차세대전차 어떤 모습들일까,,"세계 주요 차기/차세대 전차 들여다 보기
미 GDLS, AUSA2022에서 에이브럼스X 공개
독 라인메달, KF-51 판터로 차기 도전
현대로템, 차세대전차(NBMBT) 컨셉 모형 제시
최근 우크라이나-러시아 전쟁에서 러시아 전차들은 지상전의 왕자라는 말이 무색할 만큼 대전차무기와 무인기에 크게 당하면서 전차무용론을 불러일으키기도 했지만 세계 주요 방위산업 전시장에서는 현존 주력전차(MBT)의 뒤를 이을 차기/차세대 전차들이 잇달아 소개돼 큰 관심을 불러모았다.
지난 10일 개막한 AUSA 전시회에서는 미국의 GDLS사(社)가 차세대전차 에이브럼스X 모델을, 앞서 6월에는 독일의 라인메탈사(Rheinmetall社)이 유로사토리에서 KF-51 전차 모델을 내놓았다. 우리나라에서도 현대로템이 서울에어쇼와 대한민국방위산업전 등을 통해 ‘차세대전차’라는 이름으로 컨셉 모델을 제시한 바 있다.
이들 전차들이 가까운 시기에 군의 무기체계로 선정될 수는 없겠고, 3개 전차 각각 개발 목표시기가 다르기는 하지만 향후 발전 방향성을 가늠해볼 수는 있다.
■ GDLS의 에이브럼스X
GDLS(General Dynamics Land Systems)는 북아메리카 최대의 지상군 방위산업 전시장인 올해 AUSA 전시회(Annual Meeting & Exposition)에 차세대 주력전차를 목표로 한 기술시연 성격의 에이브럼스X를 영상과 함께 선보였다.
GDLS는 보도자료를 통해 에이브럼스X는 전투중량 축소 및 운용 인원 감소와 함께 무인포탑, 자동장전, 하이브리드 파워팩, 유·무인 팀 구성(MUM-T) 및 자율 능력을 특징으로 하고 있다며 치명적인 전장 네트워크의 핵심 노드로서 현 M1A2 SEPv3/SEPv4에서 미래 전차로의 가교 역할을 할 수 있다고 설명했다.
■ 라인메탈 KF-51판터
독일의 라인메탈(Rheinmetall Landsysteme)은 지난 6월13일 개막한 유로사토리 전시회(Eurosatory defence exhibition)에서 차기 주력전차로 기대를 모아온 KF51 판터(팬서·Panther)를 전격 공개했다. KF는 케텐파르제그(Kettenfahrzeug)에서 나온 말로 ‘무한궤도차량’이라는 뜻이다.
라인메탈 CEO는 KF51은 Leopard2A4를 기반으로 하고 있지만 포탑 등 대부분 새로운 것이라며 치명성 증대, 생존성 향상과 함께 디지털 백본(backbone)을 추가시키고자 했다고 설명했다.
■ 현대로템 NGMBT
현대로템이 2021년 서울에어쇼와 2022 DX코리아 등에서 K2전차의 뒤를 이을 것으로 기대되는 '차세대전차(NGMBT·Next Generation Main Battle Tank)'를 컨셉 모형으로 소개했다.
NGMBT는 네트워크 중심의 미래전장 환경에 부합하는 인공지능 기반의 차량운용체계와 유·무인 복합 운용 개념이 적용되고 기동력, 화력, 방호력 측면에서 미래 기술이 적용된 차세대 전차의 개념모델이라고 설명했다.
육군의 차세대전차는 현재 육군기계화학교에서 개념연구를 수행하고 있는 것으로 알려졌으며, 2040년경 체계개발을 예상하고 있다.
▶
전투중량
전투중량이란 단순히 전투플랫폼만의 무게를 말하지는 않고, ‘전투에 필요한 전투원, 전투 장비, 물자 등을 모두 포함한 전체 무게’를 의미한다. 전차의 경우 주포의 구경, 차체 크기, 파워팩, 연료 적재량, 장갑 방호력 등이 전투중량에 영향을 미친다.
현재 미국의 M1A2, 레오파르트2A7과 같이 일부 전차는 화력 증대와 함께 방호력 증강에 따라 전투중량을 60톤을 넘기고 있지만, 전투중량이 60톤을 상회하면 야지 기동력 측면에서 더 이상의 향상을 기대하기는 어렵다는 것이 전문가들의 견해이다.
이런 점에서 KF-51은 59톤을 제시했고, 에이브럼스X는 이동성과 이동성을 개선하기 위해 무게를 줄였다고만 보도자료를 통해 설명했다. NGMBT의 경우 K1A1, K2와 같이 55톤 이하의 전투중량을 제시하고 있다. 우리나라의 지형과 작전환경 특성에 전술적 수송능력 등을 고려한 것으로 보인다.
▶
주포
전차의 주포는 전장에서 적 전차나 장갑차 등을 격파하거나 견고한 시설물을 파괴하는 임무를 맡고 있다. 그동안 포신의 구경이나 길이, 그리고 포구에너지를 늘려 화력을 증대시켜왔다. 한계미래의 전차포로서 전열화학포나 레일건 등이 기대되어 왔으나 가까운 장래에 무기체계로서 실현되기는 어려워 보인다.
KF-51와 NGMBT가 130mm 활강포를, 에이브럼스X는 44구경장의 120mm 활강포를 제시했다. 선회식 포탑에 장착되는 주포의 구경은 155mm가 한계치인 것으로 알려졌으며 한때 미국과 독일에서는 140mm 주포가 검토된 바도 있다.
KF-51의 130mm 활강포는
본래 현재 레오파르트2(Leopard 2)와 르끌레르(Leclerc)의 뒤를 이을 전차로서 2020년대 중반 이후 완성을 목표로 독일-프랑스 공동 연구개발하는 MGCS( Main Ground Combat System )에 장착하도록 설계되었다.
-9°~ 20°의 고저각을 보이며 신형 날개안정분리철갑탄 등 이 주포에 맞는 새로운 탄약도 소개한 바 있다. 탄 위력을 위한 운동에너지를 120mm보다 50% 더 향상시킬 수 있다는 설명이다.
반면 에이브럼스X는 120mm 활강포 XM-360을 장착한 모습을 보여준다. M360은 M1A2의 44구경장 120mm포인 M256보다 952kg 더 가벼우면서도 위력은 동일하다.
▶ 무인포탑·원격사격통제체계
에이브럼스X, KF-51, NGMBT 세 전차에서 공통적으로 보이는 것은 무인포탑과 원격사격통제체계(RCWS·Remote Controlled Weapon Station)이다. 무인포탑은 승무원 배치 없이 포탄과 자동장전장치, 발사 장치를 설치해 운용하는 것으로, 러시아의 최신형 T14 아르마타(Armata) 전차에서 이미 선보인 바 있다.
전차 주포의 구경이 120mm 이상이 되면 탄의 길이와 무게로 인해 인력으로 연속 장전하기가 어려우므로 자동장전장치가 불가피하다. 자동장전장치는 탄약수가 불필요하므로 그에 따른 공간을 확보할 수 있고 기동간 장전속도와 안전성에도 기여한다. 또한 차체 높이를 낮출 수 있는 등 크기와 중량 감소에도 영향을 준다.
에이브럼스X는 RS6 프로텍터 원격통제체계(RWS·Remote Weapon Station)를 무인포탑에 장착하고 있다. RS6는 무장헬기 기관포급인 30mm체인건과 7.62mm 공축기관총, 대전차유도무기 등을 통합 구성할 수 있다.
KF-51은 7.62mm RMG를 완전자동으로 운용하는 RCWS를 적용했으며 무인체계로 자폭형 무인기로 비가시선 목표물을 공격할 수 있는 HERO 120을 선택형으로 탑재한다.
NGMBT는 부무장으로 레이저건(원격무장장치)과 다목적 미사일시스템을 제시하고 있다.
한편, 향후 전장에서 드론으로 불리는 무인체계를 현재의 유인체계와 복합적으로 운용하는 것은 필수적으로 보인다. 각각의 전차들은 소형의 다목적 무인항공기를 탑재하는 등 유·무인 복합운용체계를 제안하고 있다.
▶ 동력장치(파워팩)
전차와 장갑차 등의 동력장치(파워팩)는 그동안 하이브리드 전기식 엔진, 수소 연료전지 등을 개발하는 방향으로 진행돼 왔다. 이런 신형 엔진은 연료 소모 감소, 항속거리 증대를 목표로 하면서 화석 연료에 대한 의존도를 줄이겠다는 뜻도 포함하고 있다.
이런 추세에 발맞춰 에이브럼스X와 NBMBT는 하이브리드 디젤-전기 동력장치를 제시했다. 하지만 KF-51은 현재 레오파르트2 계열에 탑재된 파워팩인 수냉식 MTU MB873 Ka-501 엔진을 계속 활용하는 것으로 알려져 있다.
하이브리드 디젤-전기 동력장치는 디젤 엔진으로 발전기를 돌려 얻은 전기로 모터를 구동하는 복합 기관이다. 모터가 직접 무한궤도를 구동하기 때문에 변속기 없이 무단계의 부드러운 주행이 가능하다.
에이브럼스X의 하이브리드 동력장치는 M1A2의 가스터빈 파워팩과 비교할 때 경량일 뿐만 아니라 연료 효율에서 우월하며 기동성 향상에 도움을 준다. 즉, 동일한 전술 항속거리를 50%의 연료 소비로 주행할 수 있으며, 특히 무음 또는 저소음으로 스텔스형 기동이 가능하게 해준다.
현대로템은 NGMBT에서 하이브리드 동력장치를 통한 항속거리를 500km로 제시하면서 동시에 스텔스 모드로 4km 기동할 수 있을 것이라고 설명했다.
▶ 현수장치
지면으로부터 차체에 전달되는 진동을 감소시키며 주행성과 기동성을 높여주는 현수장치에 대해서는 3개의 전차가 각각 다르게 채용하려 하고 있다.
KF-51은 고강도 토션바(torsion bar) 형식을 취하고 있다. 토션바는 스프링 대신 강봉(鋼捧)의 비틀림 특성을 이용해 진동 충격을 완화한 것으로 신뢰성이 높고, 교환이 비교적 용이하지만 전차의 기동성 향상에는 한계치를 보이는 것으로 전문가들은 보고 있다.
그 때문인지 에이브럼스X는 M1A2에 고강도 토션바를 적용했던 바와는 달리 반능동형 현수장치를, NGMBT는 K2에 적용한 암 내장형 유기압식 현수장치에서 한 걸음 더 나아가 능동형 현수장치 채택을 제시하고 있다. 능동형 현수장치는 전차가 기동하는 전방의 각종 주변 정보를 센서가 감지하여 기동속도를 줄이지 않고 사전에 현수장치를 작동시켜 험지에서도 최적의 조건으로 기동력을 보장하는 시스템이다.
▶ 승무원
인구 감소와 무인화 자동화에 맞춰 운용 인원를 줄이는 것은 거의 필수적이다. KF-51과 에이브럼스X가 3명의 승무원이 운용하도록 하면서 전차 탑재 드론 운용병 등 선택적으로 1명을 추가할 수 있도록 하고 있으며, NGBT는 2~3명의 승무원을 제시하고 있다.
신인호 기자"
https://kookbang.dema.mil.kr/newsWeb/20220816/2/ATCE_CTGR_0080100004/view.do,RnD,매듭(knot)이 속도가 된 까닭,,"선박의 속도 단위는 노트(knot)로서 1시간에 1해리(海里·nautical mile·nm)를 가는 속도이다.
잘 알다시피 원래 노트는 줄을 묶는 방법을 총칭해서 하는 말인데 ‘매듭’을 뜻한다. 그런데 왜, 어떻게 매듭이 속도의 단위가 되었을까.
16세기에 뱃고물(船尾)에 15cm 가량의 부채꼴 나무조각을 긴 줄에 매달아 계속 흘려보내면서 그 끈에 47피트 3인치마다 매듭(knot)을 짓고, 28초 동안에 풀려나간 끈의 매듭을 세어 배의 속력을 쟀다고 한다.
28초 동안 47피트 3인치를 간 속도는 1시간 동안 1해리를 간 속도와 같은 것으로 본 것이고, 이것이 1노트인 것이다. 10노트(매듭)라면 1시간에 10해리를 갔다는 이야기다.
여기서 해리는 바다에서의 거리 단위로서 해상의(nautical) 마일(mile)이다. 육지에서 1마일은 1,608m이지만 해리로는 1,852m이므로 환산할 때 유의해야 한다. 다만 노트와 해리는 시속으로 표현하지 않는다 점에 유의해야 한다.
참고로 위의 ‘28초’는 측정 모래시계를 회전시킬 때 소요되는 시간이다."
https://kookbang.dema.mil.kr/newsWeb/20220816/3/ATCE_CTGR_0080100004/view.do,RnD,함정 하부는 왜 빨간색으로 칠할까,,"흘수(吃水·draft)는
물에 잠기는 부분
먼 수평선으로 보면 회색이 관측 힘들어
두터운 검은색은 만재배수량 기준선 표시
함정의 규모나 제원을 말할 때 굳이 높이가 얼마라고 제시하는 예는 그리 많지 않다. 물론 함정의 높이를 안 재거나 밝히지 않는 것은 아니지만 흘수(吃水·draft)라는 다소 생소한 용어가 더 많이 쓰인다.
흘수란 배처럼 어떤 물체가 물 위에 떠 있을 때 물에 잠겨 있는 부분의 깊이를 말한다. 일반적으로 수면에서 배의 최하부까지의 수직의 거리(높이)를 이른다. 함정의 앞(함수)과 뒷(함미) 부근에 짧은 선(線)과 함께 숫자로 표기된다.
흘수는 적재 및 용적량과도 관계가 있어 함정에 실리는 적재물의 무게 따라 다르게 나타나지만 대체로 만재 때를 기준으로 한다. 함수와 함미의 수치가 다르며 수온과 계절에 따라서도 달라지는 점이 특징이다. 왜냐하면 수온이 높으면 밀도가 낮아지고 밀도는 부피에 반비례하므로 흘수가 높아진다(올라간다).
흘수가 올라간다는 것은 배가 그만큼 가라앉는다는 뜻이다. 
함정에 물건을 가득 실었을 때 바닷물이 배의 닿는 만재흘수선은 항행의 안전상 허용된 최대 수치이다. 만재흘수선 이상으로 올라가면 항해할 수 없다. 또 수에즈 운하나 파나마 운하를 통과할 때도 흘수는 길이, 폭과 함께 기준 수치를 초과하면 안되는 요소가 된다. 최근 파나마 운하를 통과를 허용하는 최대 흘수는 15.2m이다.
우리 해군의 주요 함정 흘수는 7600톤급의 세종대왕함(DDG-991)이 6.25m, 1800톤급의 한국형 호위함(FF)이 3.5m, 1만4500톤급의 대형수송함(LPH) 독도함이 6.6m이다.
■ 함정에 왜 빨간색이...
함정이 흘수선 아래 즉, 물에 잠기는 부분을 보면 거의 다 빨간색이다. 그 위로는 회색이 칠해져 있고, 빨간색과 회색 사이에 검은 선이 두텁게 칠해져 있다.
우선 왜 빨간색일까.
대형 선박에는 녹을 방지하는 ‘방청도료’와 조개와 같은 바다생물이 함정에 달라붙는 것을 막기 위해 ‘방오도료’(오물을 방지하는 페인트)를 칠한다. 이 ‘방오도료’에는 생물체의 신진대사를 방해하는 ‘방오제’가 30∼40%나 들어가 있는데, 주된 성분이 ‘아산화동(Cu₂O)’이다. 이 물질은 붉은색을 띤다. 함정 흘수선 아래 부분이 빨간색이 된 이유다. 관측을 방해하는 위장이 목적이 아니다.
배가 바다를 오가다 보면 어마어마한 양의 조개류와 해조류가 들러붙기 마련이다. 이는 배 전체 무게를 상승시켜 항해속도와 연료효율을 낮추고 선체를 상하게 한다.
다음 회색을 쓰는 이유.
무기체계들은 대체로 주변 환경과 조화되게 색을 칠해서 그 모습이 잘 관측되지 않도록 위장형 도색을 한다. 바다는 파란색 계열이므로 함정도 위장하려면 파랑을 써야 하지 않을까 싶지만, 수평선 근처에서 해무(해무)와 어울어지면 회색 계열의 물체가 오히려 관측에 곤란하다고 한다.
셋째, 두터운 검은 색 줄은 만재배수량 기준선(만재선)을 나타낸다."
https://kookbang.dema.mil.kr/newsWeb/20220816/1/ATCE_CTGR_0080100004/view.do,RnD,"함정 무게 단위는 톤(t), 그 기준과 심상치 않은 유래",,"함정의 제원·성능 자료들을 보면 무게와 속도, 거리의 단위가 지상에서 운용되는 무기체계에서와는 낯설 만큼 다르게 쓰이고 있다. 대부분의 무기체계는 길이, 폭, 높이를 미터(m) 단위로 규모를 나타내지만 함정은 그런 시각적으로 가늠할 수 있는 크기보다 톤(t)이라는 무게 단위로 표현한다.
그런데 같은 톤 단위를 쓰고 있더라도 결코 ‘같은 값’이 아닌 경우가 허다하다. 적용하는 기준이 상선이 다르고 군함이 다르며 심지어 나라마다 다르다. 특히 어원과 유래도 매우 흥미롭다.
■ 배의 무게는 어떻게 잴까.
간단하다. 욕조에 물을 넘치듯 가득 넣고 어떤 물체를 넣어보자. 이때 물이 넘친(물체가 물을 밀어낸) 양이 곧 물체의 무게이다. 고대 그리스의 수학자 아르키메데스가 욕조에 들어갔을 때 물이 넘쳐흐르는 것을 보고 넘친 물의 양이 자신의 몸의 부피와 같다는 것을 깨달으며 ‘유레카(알았다)’라고 외쳤다는 것은 너무나 유명한 일화이다.
배의 무게도 이런 원리를 이용해 측정한다. 이렇게 물을 밀어낸 무게를 배수량이라고 ‘톤’ 단위로 표기한다. 일반적으로 물체의 무게를 그것의 부피로 나눈 것을 ‘평균 밀도’라고 하는데 물의 평균 밀도는 약 1000kg/㎥이다. 일반적으로 물 1리터(ℓ)의 무게를 1kg, 비중은 1로 정하고 있다. (조건은 1기압, 4°C인데, 이때 물의 부피가 가장 작아지기 때문이다.) 그래서 1㎥는 1000리터이며, 1톤이 된다.
■
그럼 배는 어떻게 뜨는가.
당연하게도 물보다 물체가 가벼우면 뜨는 것이고 무거우면 가라앉는다. 보통 배를 만드는 철은 같은 부피의 물보다 약 7.8배가 무겁다고 한다. 그러니까 쇳덩이 상태로 물에 넣으면 그냥 가라앉게 된다.
그런데 쇠를 넓게 편다거나 그릇 모양으로 만들면 밀도가 물보다 작아져 결국 물보다 가볍게 할 수 있다. 이는 물속에서는 물체를 중력과 반대 방향인 위로 올리는 힘 즉 부력이 작용하기 때문인데, 물에 닿는 면적이 넓어진 만큼 부력이 커진다.
마찬가지로 육지에서 장갑차도 일정한 크기와 무게로 부력을 맞춰주면 물 위에 떠서 수상 운행을 할 수 있다.
■ 왜 톤으로 쓰나
배 무게의 단위는 1kg의 1,000배에 해당하는 톤(t)으로 표기한다. 또 톤은 용적을 나타내기도 한다. 그래서 민간에서 톤이라 하면 크기라기보다는 적재·운반 능력을 뜻하기도 하는데, 용적을 말하는 1톤은 1.133㎥의 크기, 무게를 말하는 1톤은 1,000kg에 해당한다.
어원(語源)을 찾아보면 톤(tonnage·ton)은 라틴어인 tunna에서 나왔다고 한다. 참치(tuna)가 아니라 술통이라는 뜻이다. 고대 영어에서도 tun은 큰 술통을 뜻한다. 특히 300~750 리터의 큰 포도주 통을 tonneau라고 한다.
이 술통이 어떻게 무게·용적의 단위가 되었을까.
옛날 유럽에서는 배의 크기를 배에 실을 수 있는 포도주 통의 크기와 개수로 계산하고 이를 근거로 세금을 매겼다고 한다. 즉 세금 징수를 위해 포도주 통(톤)을 배의 크기를 재는 단위로 쓰면서 배의 운반능력을 의미했다는 것이다.
이 때문인지 오늘날 대부분의 선박에서는 화물을 적재할 때의 용적톤수로 표기하고 톤세(배의 톤수에 따라 내는 세금), 항만시설 사용료, 운하 통과료 등의 기준으로 삼고 있다.
군함의 경우는 상선과 달리 용적이 아닌 배수량(displacement tonnage)이라고 하는 중량톤수가 쓰인다.
함정에서 기계장비와 설비를 포함한 자체만의 무게는 경하(輕荷·light load) 배수톤수, 승조원과 화물·연료 등을 가득 채웠을 때는 만재(滿載·full load) 배수톤수라고 한다. 표준 배수량(Standard Displacement)은 과거 해군 군함의 크기를 규제하기 위한 워싱턴조약에 따른 배수량 기준으로, 탄약이나 승조원의 무게는 포함되어 있지만 연료나 청수 등은 포함시키지 않았을 때의 배수량이다.
■ 표기 기준, 하나둘이 아니다
그런데 같은 경하·만재 배수량이라고 해도 수치가 항상 같은 것은 아니다.
미국의 니미츠급 항공모함을 보면, 미 해군이 공식적인 만재배수량을 시종일관 9만 7000톤으로 표기하고 있는데 비해 민간에서 출간된 군사 서적에서는 10만 1000톤이나 10만 3000톤 같은 다른 수치를 제시하는 것도 만재 배수량의 기준이 경우에 따라 조금씩 달라질 수 있기 때문에 나타나는 현상이다.
더욱이 2000파운드를 1톤으로 하는 미국 톤(Short Ton), 2240파운드를 1톤으로 하는 영국 톤(Long Ton), 미터법 기준(Metric)의 1톤에 따라서도 수치가 달라질 수 있다. 
나라마다 어떤 배수량을 표기 기준으로 삼는가 하는 것도 다르다.
미 해군은 기본적으로 만재 배수량으로 함정의 중량을 표시하지만 일본 해상자위대는 표준 배수량으로 표기하는 것이 일반적이다. 영국, 프랑스, 중국 등은 필요에따라 경하 배수량과 만재배수량을 혼용하고 있다. 우리 해군은 일반적으로 경하 배수량 기준으로 한 경하톤수로 표기하고 있다.
같은 함정이라도 배수톤수가 제각각으로 나타나는 이유들이다."
https://kookbang.dema.mil.kr/newsWeb/20220725/1/ATCE_CTGR_0080100004/view.do,RnD,해군함정 이름·용어 어떻게 쓰이나,,"대한민국의 바다를 든든히 지키는 해군. ‘해군’하면 역시 ‘함정’이 떠오른다. 최근 열린 2022 환태평양훈련(RIMPACㆍ림팩)에서도 우리 해군의 정예 함정들이 세계 각국의 찬사를 받았다. 그런데 DDG-991, FF-953 등 해군 함정을 이르는 용어는 낯설고 어렵게 느끼는 분들이 많다. 해군 함정의 이름과 용어에 대해 최대한 정확하고 자세히 설명하고자 한다.
▶ 함정의 분류와 약호
해군의 함정은 대체로 크기와 임무, 기능에 따라 분류된다. 크기로 볼 때 배수톤수를 기준으로 만재 배수톤수가 500톤 이상이면 함(艦), 그 이하면 정(艇)으로 구분한다. 다만 잠수함정은 수중 배수톤수 150톤을 구분 기준으로 삼는다.
임무에 따라서는 크게 전투함, 전투지원함, 전투근지원정 등으로  나누고 이어 함종(艦種·ship type)이라는 유형별로 분류한다. 즉 귀에 익숙한 잠수함, 순양함, 구축함, 호위함, 초계함, 기뢰전함, 고속함 등은 전투함으로 분류되고 군수지원함, 구조함, 정보함 등은 전투지원함에 포함된다. 
함정을 분류할 때는 영문으로 된 함정약어 또는 약호가 많이 쓰인다.
제2차 세계대전 때까지는 함정의 탑재 무기와 배수톤수를 기준으로 한 분류기준이 적용됐고 그 이후 현대적 개념에서는 함정의 기능면을 강조한 나토(NATO) 분류기준을 주로 사용한다. 하지만 이것이 전 세계적으로 반드시 일치하는 것은 아니어서 나토 기준을 준용하되 국가별 특성에 맞게 약간의 차이가 있다.
함종에 따라 구축함이나 호위함처럼 단어의 이니셜을 겹쳐(DD, FF) 쓰거나 DE(호위 구축함)처럼 이니셜과 기능을 나타내는 문자를 더해 만든다. 영문자가 세자일 때는 함의 성격이 더 분명히 드러난다. 광개토대왕함이나 충무공이순신함은 크기는 다르지만 DDH로 쓰이는데 헬리콥터 탑재 구축함(Destroyer Helicopter), 세종대왕함은 구축함+유도탄을 의미 DDG(Destroyer Guided Missile)이다.
▶ 함급, 형태·톤수·기능 같은 함정 그룹
함종은 함급(艦級·Class)으로 또다시 나뉜다. 함형과 톤수, 그리고 기능이 비슷하며 연속적으로 건조된 함정의 경우 이를 한 그룹으로 보고 ‘함급’이라 하여 그 첫번째 함정(선도함 또는 1번함)을 그 함급의 이름으로 사용한다.
예를 들어 배수톤수(경하) 1800톤급의 한국형 호위함은 울산·서울·충남 등 모두 9척이 있는데 이를 하나로 지칭할 때는 선도함인 울산함의 이름을 따 ‘울산급’ 호위함으로 부른다. 따라서 구축함의 경우 3200톤급인 광개토대왕·을지문덕·양만춘 등 세 척을 ‘광개토대왕’급으로, 6척인 4400톤급은 ‘충무공이순신’급으로, 7600톤급 이지스 구축함 3척은 ‘세종대왕’급으로 호칭한다.
그런데, 미국의 함정을 보면, 미국 해군의 현역 항공모함 중 1972년의 니미츠함부터 2001년 로널드레이건함까지의 항모들은 건조시기와, 톤수, 무장에 차이가 있음에도 이 모두를 묶어 니미츠급(Nimitz class)로 분류하고 있다. 이는 같은 운용 개념으로 건조된데다 적용된 기술의 획기적인 변화가 없기 때문이다. 2017년 취역한 제럴드포드함에 이르러서야 함급을 달리했다.
▶ 함명과 선체번호
군에서 부대의 이름에는 고유명칭, 약칭, 별칭, 통상명칭 등이 존재한다. 부대의 번호와 성격, 규모를 포함해 제정된 이름이 고유명칭, 부대의 규모와 임무 등이 노출되는 것을 방지하기 위해 보통 4자리 숫자로 부여된 이름이 통상명칭이다. 해군 함정은 통상명칭에 속하며 함종·함형에 따라 함명과 선체번호가 부여돼 진수식 때 공식 명명된다.
함명은 함정의 유형별로 제정 기준을 정해 부여하고 있다. 기준 사례를 보면, 구축함은 국민들로부터 추앙받는 역사적 인물이나 호국 인물, 유도탄고속함에는 해군 창설 이후 전투에서 귀감이 되는 인물, 잠수함에는 통일신라시대부터 바다와 관련된 국난극복에 공이 큰 인물, 호위함은 대도시, 초계함은 중소 도시, 상륙함은 육지 상륙 후 고지탈환의 의미를 내포한 산봉우리 등이다.
해군은 최초의 함명으로 ‘서울정’을 부여한 이후 고유명사만을 함명으로 부여하다 1948년 8월 30일부터 함명에 아라비아 숫자로 된 함정번호(선체번호)를 부여, 병행 사용했다. 함종에 따라 번호의 단위가 다르다. 구축함은 900단위이다. 951로 시작하는 울산급 호위함은 구축함은 아니지만 1990년대 초까지 한국형 구축함으로 불렸다. 유도탄호위함은 800단위, 초계함은 700단위로 부여한다.
선체번호는 몇 가지 특이한 점이 있다. 고유명사의 함명은 LCI 서울정, DD 서울함, FF 서울함, FFG 서울함 등에서 보듯 퇴역 후 새로운 함정에 계승되기도 하지만 선체번호는 계승되지 않는다.
선체번호 용법에는 금기와 예외가 존재한다. 우리 함정의 번호를 구성하는 숫자에서 ‘4’는 일종의 금기로서 전혀 쓰이지 않는다. ‘0’의 경우 수상함에서는 쓰이지 않는 것이 원칙이지만 원산함의 선체번호 ‘560’처럼 기뢰를 제거하고 부설하는 함정에 예외적으로 쓰이는 사례가 있다. 적이 부설한 기뢰를 모두 제거한다는 의미이다.
잠수함 역시 함 특성을 고려해 3자리 중 맨 앞에 ‘0’을 붙이고 있다. 최초 국산 잠수함정인 돌고래 1번함이 ‘051’이며 1200톤급 장보고함이 ‘061’, 3000톤급의 도산안창호함이 ‘083’이다.
▶ 사업명과 KDX
1975년 7월 박정희 대통령은 한국군 현대화 계획을 추진하면서 해군에 ""구축함 개발 가능성을 검토하라""는 지시를 내린다. 이에 해군은 1978년 ‘한국형 구축함’을 건조하기 위한 특수사업처를 신설하면서 한국형구축함을 건조하는 프로젝트인 ‘율곡571사업’ 을 추진한다. 여기서 한국형 구축함은 현대식 중형의 전투함을 뜻하는 것으로 현재의 광개토대왕급이나 충무공이순신급 함정이 아닌 1,800톤급 한국형 호위함(FF)을 일컫는다.
이렇게 국산 무기체계 획득을 위한 방위사업에 외부 정보유출을 막기 위해 사업명에 ‘익명’을 쓰던 시기가 있었지만 1980년대 해군함정 건조사업을 보면한국형구축함사업단, 군수지원함건조사업단처럼 평문형 사업명이 등장하고, 1990년대 이후 우리말 사업명에 병기된 영문 약칭이 자주 쓰이기 시작했다.
대표적으로 한국형구축함사업에 쓰이는 ‘Korean Destroyer, Experimental’의 약칭인 KDX를 들 수 있다. 
해군은 KDX를 모두 3단계로 나누어 추진했는데, 광개토대왕함으로 대표되는 3200톤급 구축함 3척이 1단계, 4400톤급의 충무공이순신함 등 6척이 2단계, 그리고 이지스구축함인 7600톤급의 세종대왕·율곡이이·서애류성룡함이 3단계 사업으로 건조된 함정들이다.
여기서 사업 추진을 구분하는 ‘단계’는 페이즈(phase)로 표기하고 숫자는 그리스문
자로 표기했다. 따라서 한국형구축함 3단계 사업은 ‘Korean Destroyer eXperimental, phase-Ⅲ’, 곧 KDX-Ⅲ가 된다. 
한때 통례적으로 한국형구축함 하면 영문으로 KDX를 쓰게 되고 함급을 사업단계에 맞춰 KDX-I, KDX-Ⅱ 식으로 표현하곤 했지만 사업명이 아닌 함정 약호로서는 정확한 표기법은 아니다.
▶ 함정 약호에서 ‘X’의 정체
한국형구축함사업에 쓰이는 KDX의 ‘X’는 대체 어떤 의미로 쓰이는 걸까.
KDX뿐만 아니라 호위함사업에 FFX, 대형수송함사업에 LPX처럼 많은 건조사업에 X가 들어간다. 함정 뿐만 아니라 차기전투기사업이 FX로 불리고 또 K2전차를 XK2, K9자주포를 XK9으로 부르는 예가 있듯 무기체계 획득과정 기사를 보면 해당 무기체계에 ‘X’가 붙어 있는 예를 종종 보게 된다.
X는 eXperimental 에서 온 것으로 ‘실험’‘시제(試製)’를 의미하는 ‘기능문자’라고 한다. XK2(전차), XK9(자주포)처럼 무기체계에 이 X가 붙어 있으면 야전에 작전배치된 완성된 제품이 아니라 연구개발 단계에서의 시험용 제품, 즉 시제품을 의미한다.
해당 무기체계를 운용할 소요군 주관으로 작전요구성능(ROC)을 충족하는지를 확인하는 시험평가를 거친 후 합참에서 ‘전투사용 적합’ 판정을 받으면 ‘X’를 떼어내고 K2나 K9처럼 완성된 무기체계의 정식 모델번호로 불리게 된다. 며칠 전 초도비행에 성공한 한국형전투기(KFX) 보라매는 부여된 모델번호가 KF-21이긴 하지만 이제 막 시작된 개발단계의 기체 자체만 놓고보면 KF-21시제기이므로 영문약칭을 XKF-21로 쓰는 게 옳지 않을까 싶다.
함정에서도 X는 하나의 기능문자로서 ‘향후 작전배치를 위해 건조(시험) 중인 함정’을 뜻한다. 따라서 KDX는 한국형구축함으로서 개발(건조)이 진행 중인 함정을 말한다. 다만, 완공되어 해군이 인수, 취역했다해서 X를 떼어내 약호를 ‘KD’로 표기하지는 않는다. 취역 후 약호 부여는 사업명에서 쓰이는 영문약자와는 다른 것이다.
▶ 사업명으로서 '광개토급'
한국형 구축함을 의미하는 또 하나의 이름으로 ‘광개토’급이 있다. 광개토대왕함부터 가장 최근의 서애류성룡함까지, 나아가 향후 건조될 한국형구축함을까지 모두를 아우르는 ‘함종’을 나타내는 용어이다. 3200톤급을 광개토-I급으로, 4400톤급을 광개토-II급으로, 7600톤 이상의 이지스구축함을 광개토-III급으로 세분한다.
하지만 이는 취역 전 건조사업단계의 구축함을 일컬을 때 쓰는 ‘위장형 사업명’으로서 취역한 함정들에 대해서는 호칭되지 않는다. 설명한 바와 같이 한국형 구축함의 함급명으로는 현재 광개토대왕급, 충무공이순신급, 세종대왕급이 존재한다.
광개토대왕함을 건조할 당시 ‘광개토-I급’이란 말이 없었듯 이렇게 위장형 사업명이 등장한 것은 2006년께인데 당시 방위사업청이 관장하는 무기체계 획득사업 대부분에 이같은 사업명이 부여됐다.
예를 들면, 인천함으로 대표되는 유도탄호위함(FFG)을 건조하는 차기호위함사업(FFX)은 한국형호위함 1번함인 ‘울산’함의 함명 따 울산급, 잠수함사업은 1200톤급 1번함인 ‘장보고’함의 이름을 따 ‘장보고급’이라고 정했다. 
‘울산급’‘장보고급’이라는 용어는 1800톤급의 호위함(FF)의 함급 이름과 차기호위함사업 이름으로 동시에 쓰여 일부 혼선이 있을 수 있다.
공군의 중거리 지대공유도무기(KMSAM)의 경우 사업명은 ‘철매-II’ 였으나, 취역한 후의 애칭은 ‘천궁’이며 탄도탄도 타격할 수 있도록 한 성능개량형의 애칭은 천궁-II이다.
▶ 건조 단계를 구분하는 배치
곧 진수식을 가질 최신 한국형 이지스구축함 ‘정조대왕’함을 보면 ‘광개토-III급 배치-II’라는 용어가 나온다.
배치(batch)란 한 번에 또는 일괄 처리되는 집단, 묶음, 양 등을 나타내는 말로 함정 건조에서는 동일한 제원과 동일한 성능을 갖는 함정 그룹을 건조하는 묶음 단위를 의미한다. 배치가 I→II→III으로 갈수록 함형이 발전되고 성능도 개선·향상된다.
따라서 광개토-III급 배치-II는 한국형 이지스구축함이되, 배치-I격인 현재의 세종대왕급 보다 발전된 성능의 함정을 건조하는 ‘한국형구축함 3단계 두번째 건조사업’으로 해석할 수 있다.
건조단계 또는 성능향상 단계를 구분하는 용어로는 페이즈나 배치 외에 이지스 전투체계의 성능 단계를 구분하는 베이스라인(baseline)이나 항공기 등에서처럼 블록(block)이 쓰이기도 하는데 그 범위나 의미가 조금씩 다르다.
과거 포항급 초계함(PCC)이나 울산급 호위함(FF)을 건조할 때는 1차, 2차, 3차 등의 차수로 또는 전기·중기·후기형으로 구분되기는 했지만 배치라는 용어를 쓰지는 않았다. 현재는 유도탄호위함(FFG)을 건조하는 차기호위함(FFX)사업, 잠수함 건조사업에서도 사업단계를 배치로 구분해 추진하고 있다.
▶ 함명과 약호를 잘 쓰려면
함정은 ‘세종대왕함(DDG-991)’이나 ‘충남함(FF-953)’처럼 함명 뒤에 약호와 숫자로 조합해 병기한다. 함정의 명칭과 용어에 익숙하다면 이 자체로 충분하지만 대부분 그렇지 않기 때문에 ‘이지스구축함’ ‘한국형호위함’‘유도탄호위함’ 같은 함종 명칭을 앞에 써서 ‘7600톤급 한국형 (이지스)구축함 세종대왕함(DDG-991)’으로 표기하는 게 일반적이다.  그런데, 자칫 함정 명칭과 관련한 표현은 건조단계나 성능까지 포함하다 보면 점점 길어질 수가 있다.
또 FFG-Ⅱ처럼 약호에 배치(batch) 숫자도 추가하는 예도 있는데 과연 그럴 필요가 있는지 의문이다.
한국형구축함 중 광개토대왕급(3200톤)과 충무공이순신급(4400톤)은 DDH(Destroyer Helicopter)라는 동일한 약호를 쓰지만 건조 단계나 함정 크기가 다르다 해서 굳이 DDH-I급이나 DDH-II급으로 분류할 필요는 없다. DDH-976 형태로 표기하지 DDH-II 976이라고 하지는 않는다. 유도탄호위함의 경우도 사업명 영문약칭으로 FFX-Ⅱ는 가능해도 취역한 함정의 약호로서 FFG-Ⅱ는 적절해 보이지 않는다.
이름과 용어는 간략하고 명확한 것이 좋지 않을까."
https://kookbang.dema.mil.kr/newsWeb/20220714/1/ATCE_CTGR_0080100004/view.do,RnD,"장갑차, 궤도형과 차륜형은 어떻게 다를까",,"최근 육군에서는 트럭과 같은 일반 차량이 아닌 전투차량으로서 바퀴로 구동하는 ‘차륜형’ 전투장비들이 야전부대에 눈에 띄게 배치되고 있다. K806·K808장갑차, K30W 30mm 자주대공포, K877 지휘소용 차량 등이 그것이다.
우리 군은 6·25전쟁기를 통해 미 군원으로 M8 그레이하운드 차륜형 장갑차와 M2·M3계열의 반궤도(half-tracked) 장갑차를 운용하고 1970년대 후반부터 4륜 구동의 KM900장갑차를 운용한 바 있지만 크게 호응을 받지는 못했다.
전투차량은 K200장갑차, 상륙돌격장갑차(KAAV) 등에서 보듯 무한궤도(caterpillar)로 기동하는 ‘궤도형’ 장비들이 주를 이뤄왔다. 최근까지 차륜형 장갑차는 어떻게 관심을 받으며 전력화에 이르렀을까. 또 장갑차에서 차륜형과 궤도형은 각기 어떤 특성으로 어떤 환경에서 주로 운용될까.
■ 궤도형, APC와 IFV 공통으로 많이 쓰여
장갑차는 일반적인 플랫폼 형태로는 주행장치에 따라 궤도로 지면을 미는 방식의 궤도형(Tracked)과 일반 자동차처럼 바퀴를 이용하는 차륜형(Wheeled)으로 구분되고, 임무에 따라서는 병력수송장갑차(APC·Armored Personnel Carrier)와 보병전투장갑차(IFV·Infantry Fighting Vehicle)로 나뉘며 방공, 정찰, 사격지휘, 탄약운반, 의무 등 많은 전문화 차량으로 더 세분된다.
장갑차는 제1차 세계대전 중 부분적으로 활약하기는 했지만 경전차의 등장으로 효율성이 상대적으로 떨어져 관심 밖으로 밀려났다. 제2차세계대전 개전 당시 기갑사단을 주축으로 한 전격전 개념이 도입되면서 병력수송장갑차가 전장에 나타나 정찰 임무에서 효과적으로 활용되자 다시금 중요성을 나타났다.
대전 후에는 세계 각국이 병력수송장갑차가 널리 배치하는 가운데 독일 등에서 장갑차는 전차와 협동작전을 수행할 수 있어야 한다는 ‘탑승전투’ 개념이 정립되고, 이에 부응하는 보병전투장갑차가 1960년대 중반부터 등장하기 시작했다.
반드시 그런 것은 아니지만, 궤도형은 병력수송장갑차와 보병전투장갑차에 공통으로 적용되는 예가 많은 반면, 차륜형은 그동안 병력수송용에 많이 쓰여왔고 보병전투장갑차에 본격 적용된 것은 그리 오래되지 않는다.
■ 美, 신속배치 위해 차륜형 관심
그동안 유럽쪽에서는 궤도형과 차륜형 장갑차를 혼용하는 개념으로 발전시켜온 반면 미국은 생존성을 중시해 궤도형 장갑차에 주력한 경향을 보여왔다.
미국이 차륜형장갑차 개발에 집중한 것은 ‘4일 이내에 전 세계 어느 곳이든 전투태세가 완비된 여단을 전개시킨다’는 전략적 차원의 목표군(Objective Force)을 창설하면서 스트라이커(Stryker) 차륜형 장갑차를 채택하면서부터로 볼 수 있다.
현재 세계적으로 볼 때 장갑차는 병력수송용에서 보병전투용으로, 또 전략·전술적 요구나 지형조건, 경제성 등에 따라 궤도형과 차륜형을 동시에 운용하는 추세를 보인다. 특히 기술 발전에 따라 다양한 장점이 있는 차륜형 장갑차에 무장을 강화해 전투용으로도 배치하는 등 그 운용의 폭이 꾸준히 확대되고 있다.
■ 궤도형과 차륜형, 그 차이점은
장갑차의 플랫폼으로 궤도형과 차륜형 중 어느 것이 더 우수하고 더 적합할까. 이에 대해서는 현재도 논란이 이어지고 있고 정답이 쉽사리 구해지지 않고 있다. 그 차이점, 장단점을 살펴보자.
■ 궤도형, 무장 및 방호력 증대 용이
차륜형과 궤도형의 비교할 때 가장 먼저 하는 것이 전투중량이다. 전투중량이란 단순히 차체와 무장을 합한 무게가 아니라 전투할 때 필요한 전투원, 전투 장비, 물자 등을 모두 포함한 무게를 뜻한다.
궤도형 장갑차는 이 전투중량에 대한 제한이 적기 때문에 적을 공격할 수 있는 무장을 강화하고, 적의 공격으로부터 장비와 인원을 보호할 수 있도록 장갑 등 방호력을 증대시키기가 용이하다는 장점이 있다.
그래서 궤도형 장갑차는 APC일 경우 전투중량이 10~20톤이지만 IFV는 20톤을 훌쩍 넘는다. 국산 K21이 25톤, 최근 호주 수출이 기대되는 한화디펜스의 AS-21 레드백(Redback)이 42톤, 미국의 M2A3브래들리(Bradley)가 27톤이상, 독일의 Marder-1A3는 35톤급이다.
반면 차륜형장갑차는 20톤을 무장을 강화한다 해도 거의 넘지 않는다. 미국의 스트라이커(stryker)가 19.3톤, 러시아의 BTR-90이 20.92톤이다. 일본 96식이 14.7톤, 중국의 WZ551B가 15.8톤이다.
■ 차륜형, 경장갑·경무장에 머물러
병력수송장갑차는 보병을 수송하는 것이 임무여서 경장갑에 중기관총이나 유탄기관총을 장착하는 정도에서 그치고 있다.
반면, 보병전투장갑차는 전투병력을 전장의 필요한 지역으로 방호된 차량을 이용하여 신속하게 이동시키고, 전투병이 하차한 후에는 화력지원을 통해 전술기동력, 생존성 및 치명성을 증대시키는 것이 주임무이므로 더 성능이 뛰어난 장갑으로 차체를 두르고 포탑에 20~40mm 기관포, 나아가 대전차미사일 등을 탑재하고 있다. 보병전투장갑차는 이러한 중무장, 중장갑을 위해 높은 전투중량을 요구하므로 궤도형이 유리하다.
■ 차륜형, 공간 활용성 상대적 불리
장갑차는 주행장치 외에 또하나의 외관상 차이점으로 차륜형의 차체가 궤도형보다 높다는 것이다.
차륜형은 하부에 현수장치를 장착할 차체 공간이 필요해 내부 공간이 협소하고 이 때문에 인원 등을 수용할 수 있는 공간을 확보하기 위해 차체를 높여야 한다. 이는 방호력 측면에서 불리한 점으로 작용한다.
내부적으로 동력 관련 장치를 보면, 궤도형은 변속기에 조향 및 제동장치가 내장되어 있고 구동륜이 2개이므로 동력 전달이 단순한 반면 차륜형은 변속기의 출력이 각 바퀴에 모두 전달될 수 있도록 중간 기어상자, 차동장치 및 허브 등이 있어야 하므로 복잡한 편에 속한다.
■ 차륜형, 도로 기동성은 좋지만...
전투차량의 스피드와 연비만을 본다면, 최대속도 100km/h를 넘나들고 항속거리도 길며 연료 소비량이 훨씬 적게 드는 차륜형이 단연 우월하다. 따라서 차륜형은 전략·전술적으로 궤도형에 비해 높은 기동성을 발휘할 수 있고 공중수송도 용이하다. 소음과 진동도 적어 승차감과 편의성도 좋아 시가지전투나 기지방어용, 수색정찰로 많이 활용되었다.
하지만 평지에서의 일반 주행/기동이 아닌 전투현장에서의 기동이라면 최대속도가 크게 고려될 필요는 없다. 전투현장에서 40km/h의 속도를 낼 수 있다면 차륜형과 궤도형 모두 유사한 기동효과를 낼 수 있다는 보고도 있다.
기동성은 단순히 속도만을 뜻하지 않는다. 견고한 차체와 우수한 현수장치, 높은 출력, 낮은 접지압, 수상운행 능력, 전투중량에 의해 달성된다. 평지나 포장도로가 아닌 요철이 심한 야지(또는 부정지)라면 안정된 현수장치를 갖춘 궤도형의 기동성이 우수하다.
차륜형은 땅(지면)과 접촉하는 부위가 바퀴의 일정 부분에 불과하므로 접지압이 높고, 궤도형은 접지 면적이 넓어 접지압이 낮다. 접지압이 낮다는 것은 진창과 같은 연약한 지반에서 더 용이하게 기동할 수 있음을 의미한다.
이런 이유로 최근 차륜형장갑차는 타이어 기술이 크게 향상돼 펑크가 나도 일정 속도로 일정 시간 계속 달릴 수 있는 전술타이어(run flat)를 장착하면서 타이어 공기압조절장치(CTIS· Central Tire Inflation System)을 적용하고 있다.
이 장치는 조종석에 앉아 있는 조종수가 스위치 조착을 통해 노면 조건에 맞도록 8개의 타이어 공기압을 조절하는 것이다. 진창이나 모래사장과 같은 야지에서는 타이어 공기를 빼서 접지면을 넓혀 탈출하고, 포장도로에서는 타이어 공기압을 주입하여 고속으로 기동하도록 해준다.
한편 궤도형과 차륜형은 구동방식도 다르다. 궤도형은 방향을 바꿀 때(조향) 양쪽 궤도의 속도를 다르게 하면서 그 속도차를 이용해 회전하는데 제자리에서 선회할 수 있다. 반면 차륜형은 일반 차량처럼 핸들(조향장치)를 이용하지만 제자리 선회는 안되고 회전하기 위해서는 일정 범위가 확보되어야 한다.
장애물 극복 면에서 차륜형은 동급의 궤도형 차량에 비해 그 능력이 상대적으로 미흡하다는 평가를 받는다. 그래서 차륜형은 대부분의 자연 및 인공 장애물을 회피해 기동해야 하는 문제를 안고 있으며, 이로 인해 적으로부터 기동 경로를 쉽게 차단 당하면서 공격이 집중될 수 있다는 취약점이 있다.
■ 수상 운행, 궤도추진방식 또는 워터제트 장착
기동 성능 중 반드시 언급되는 것이 도하부대의 지원을 받지 않고 장갑차 자체의 추진능력으로 수상 운행할 수 있느냐 하는 것이다. 대체로 플랫폼의 중량이 18~19톤 정도면 자체적으로 물 위에 떠서(부양) 운행할 수 있다.
전투중량이 18톤이 안되는 국산 K200장갑차(궤도형)와 K808장갑차(차륜형) 모두 자체 수상 도하할 수 있다. 궤도형 K200은 지상에서 주행할 때처럼 궤도를 회전시켜 추진하는 궤도추진방식이며, 차륜형 K808은 보조추진장치 방식으로 워터제트(water jet)를 장착하고 있다.
다만, 전투중량 25톤급의 궤도형 보병전투장갑차인 K21의 경우 수상부양을 돕는 에어백을 장착해 자체 부양한 후 궤도추진방식으로 도하를 한다. 러시아제 궤도형 보병전투장갑차 BMP-Ⅲ의 경우는 워터제트를 장착하고 있다.
최근 보병전투장갑차는 방호력을 강화하는 등으로 전투중량이 증가해 자력에 의한 수상운행 능력을 부여하지는 않는 사례가 늘고 있다.
■  오랜 논란 그러나 정답은 없어
그렇다면 장갑차의 플랫폼으로 궤도형과 차륜형 중에서 어느 것이 더 적합한가.
이 질문에 대한 정답은 오랜 논란에도 불구하고 아직도 정답 내지는 해법을 마련하지 못한 상태이다. 
다만, 미 육군은 궤도형이 오프로드에서의 사용 비율이 60% 이상일 때 전술 및 고속 기동임무 차원에서 지형과 기후에 관계 없이 운용할 수 있는 플랫폼으로 궤도형이 낫다는 결론을 얻었던 것으로 알려져 있다.
무기체계 선진국들은 전투환경의 변화, 기술 발전 등에 따라 전투장갑차 운용 개념도 변하고 있다는 판단 아래, 미래 장갑차 발전계획에서 궤도형에 대해 현상을 유지하면 차륜형에 보다 많은 중점을 두고 개발에 나서는 경향을 보이고 있다.
우리 군도 K808 차륜형장갑차를 기반으로한 대공포장갑차과 지휘소차량에 이어 근접전투간 발생하는 전상자의 적시적 응급처치와 후송을 위해 의무후송차량을 확보하는 사업을 추진하고 있으며 이 같은 추세는 더욱 확대될 전망이다.
장기적 관점에서 방산업체들도 최근 방산 전시전을 통해 전투중량 30톤 이상의 궤도형 보병전투장갑차를 중심으로 한 차세대 기계화전투 무기체계, 40mm CTA포와 수소연료전지동력 등을 채용한 차세대 차륜형장갑차 등 업체 특성을 살린 미래형 전투차량 개발 계획을 소개하고 있다.
분명한 것은 여타의 무기체계들이 그러했듯, 장갑차 역시 향후 전투환경 및 전술운용개념의 변화, 과학기술 발전과 역량 증대, 무기체계 설계 우선순위를 고려해 개발될 것이라는 점이다. ♣"
https://kookbang.dema.mil.kr/newsWeb/20220712/2/ATCE_CTGR_0080100004/view.do,RnD,포병은 사거리를  어떻게 늘려왔을까 (하),,"(상편에서 계속)
포탄의 사거리를 연장하는 세번째 방법으로는 탄이 대기를 뚫고 초고속으로 비행할 때 생겨나는 공기 저항력을 줄이는 것이다. 이를 탄도학적 계수들을 향상키는 방법이라고 한다.
K9자주포는 이 방식을 적용한 항력감소탄(Base Bleed Projectile)을 개발해 최대사거리 40km를 달성할 수 있었고, 최근 여기에 보조로켓추진(RAP) 방식과 결합한 복합연장탄(155mm 사거리연장탄)으로 최대사거리를 54km로 늘리는 데 성공했다.
■ 탄 밑부분 진공 항력이 50%
포탄은 날아갈 때 비행을 저해하는 항력(drag)을 받게 된다. ▲ 탄의 표면과 공기의 마찰에 의해 생성되는 탄체(body) 항력 ▲ 탄체 앞부분의 형상에 의해 생성되는 웨이브(wave·물결) 항력 ▲ 탄이 고속으로 비행할 때 탄 밑 부분(彈底部)의 생겨나는 진공 현상으로 인한 탄저부(base) 항력으로 나뉜다.
대체로 전체 항력에서 탄체 항력은 약 20%, 웨이브항력은 30%, 탄저부 항력은 50%를 차지하는 것으로 알려져 있다.
포탄의 사거리를 연장하기 위해서는 이 세 가지 항력을 최대한 억제하는 것이 중요하다.
탄체항력이나 웨이브항력은 포탄의 형상을 유선형으로 만드는 등 공기역학적인 최적화 설계로 해결하고, 탄저부 항력은 그 원인이 되는 ‘진공’을 없애거나 최소화해야 원하는 비행거리(사거리)를 확보할 수 있다.
탄체항력과 웨이브항력에 의한 공기 저항을 줄여 사거리를 늘리는 위해 1980년대 초, 탄체 형상을 유선형 형태로 설계한 ERSC(Extended Range Sub-Calibre) 및 ERSB(Extended Range sub-Bore) 형태의 포탄 개발이 추진되었으나, 곧 연구가 중단되었다. 탄의 직경이 작아짐에 따라 폭약을 담을 용적량도 작아져 탄 위력이 저하되었기 때문이다.
이후 ERSB의 형태를 최적화한 ERFB탄(Extended Range Full Bore)이 출현하여 M107 일반고폭탄(HE)보다 사거리를 약 50% 연장하는 효과를 본 것으로 알려졌고, 이것이 탄저부 항력 감소 방법과 결합돼 사거리를 획기적으로 증대시켰다.
■  골프공에 딤플이 없다면
스포츠 가운데 공(球)의 비거리를 가장 중요시 하는 종목을 꼽으라면 골프를 빼놓을 수 없다. 골프공을 보면, 작은 홈(dimple·보조개)이 무수히 파여 있다. 무려 350~500개나 된다.
왜 만들었을까.
결론부터 말하자면, 공이 날아갈 때 뒷부분(후미)에 생기는 진공으로 인한 영향을 최소화하기 위함이다. 

딤플이 있는 골프공으로 300야드를 날렸다면, 딤플이 없는 매끄러운 공은 그 절반에 해당하는 150야드 정도만 날아간다고 한다.
왜 일까.
진공은 물질이 전혀 없는 상태, 즉 공기가 거의 없는 상태를 말하는데 그 진공 상태는 무엇인가로 채우려는 힘이 작동하게 되고, 결국 진공은 날아가는 공을 뒤로 잡아당기는 역할을 하게 된다.
그런데 골프공의 딤플은 공의 표면을 따라 흐르는 공기가 딤플 주변에서 작은 회오리와 같은 난기류(Turbulance)를 일으키면서 공기 저항을 분산시키게 된다. 이 때문에 공 후미에서 생겨나는 진공에 의한 효과, 즉 날아가는 공을 반대 방향으로 당기는 효과가 줄어들어 비행속도는 더 빨라지고 비거리는 늘어나게 되는 것이다.
포탄 밑 부분에서 발생한 진공 상태에 의한 항력은 비행 포탄이 받는 전체 공기 항력의 절반에 해당할 만큼 매우 크다. 사거리를 확보하기 위해서는 골프공의 딤플의 역할을 하는 장치가 포탄에도 필요하고, 이것은 곧 항력감소장치(BBU·Base Bleed Unit)이다.
항력감소장치는 제트(jet)나 로켓과는 달리 탄을 직접 추진시키지는 않는다. 대신 탄 발사시 탄 내부 아래에 자리한 항력감소제를 점화·연소시켜 가스를 생성하고, 이 가스가 탄저부의 진공 상태를 채움으로써 저항력을 감소시키는 것이다.
■  남아공, 최대사거리 40km 첫 달성
이 같은 연구, 즉 항력감소장치를 포 내부에 장착한 항력감소탄(Base Bleed Projectile)에 관한 연구는 1960년대 중반부터 스웨덴과 캐나다에서 이미 시작했고, 스웨덴은 1971년 자국 내 특허를 등록하기도 했다.
공산권의 야포 사거리에서 열세를 보였던 나토 등 서방국가들은 1970년대 155mm RAP탄을 개발해 최대사거리를 30km대까지 올린 가운데 남아프리카공화국(남아공)과 스웨덴, 미국 등은 155mm 항력감소탄을 본격적으로 연구하기 시작했다. RAP탄의 위력과 정확도가 기대에 충분히 부응하지 못했던 까닭이다.
1980년대 중반, 최대사거리 40km가 가능한 52구경장 자주포 개발 경쟁이 본격화하면서 사거리 40km용 항력감소탄 개발 경쟁도 치열해졌다. 특히 남아공과 독일 등에서는 탄체를 유선형으로 설계한 ERFB 타입에 항력감소장치를 적용하고, 단위장약 6호까지 사용할 수 있는 포탄(ERFB-BB) 개발에 나선 결과, 남아공이 52구경장 포에서 40km를 상회하는 사거리를 최초로 달성했다.
항력감소탄이 RAP탄보다 인정받은 이유는 사거리 연장 효과 만에 있지는 않다. 항력감소 추진제가 탄 내에서 차지하는 공간이 RAP탄 내에서 로켓추진제가 차지하는 공간의 1/3 수준에 불과한데, 이는 TNT를 더 넣을 수 있다는 것으로 곧 탄 위력이 향상됨을 말해준다. 또 항력감소장치 구조가 비교적 간단하고, 가격도 저렴하다는 점도 장점이다.
■ BB+RAP 방식의 복합형 포탄 개발
항력감소탄의 운용으로 52구경장 포를 통해 사거리 40km를 획득했으나, 사거리를 더 늘리려는 요구와 연구는 계속됐다. 하지만 항력감소탄의 경우 탄 설계상 포구속도(velocity)를 더 높일 수가 없어 사거리를 추가적으로 더 연장할 수는 없었다. 

또 포탄의 무기효과를 높이기 위해서는 사거리 증대 외에 탄 위력과 정확도 향상이 함께 이뤄져야 하는 문제도 해결해야 한다.
정확도를 높이는 방법으로는 탄 발사 후 목표까지의 비행속도를 높여 비행시간을 짧게 해야 한다. 또 탄두(고폭약의 양 혹은 자탄 수)의 위력을 높이기 위해서 추진장치의 크기를 가급적 줄여야 한다.
이런 난제를 어떻게 풀어야 할까.
마침 항력감소장치(BBU)와 보조로켓추진(RAP) 기술을 복합하는 방식(Hybrid Propulsion)으로 두 장치가 상호작용을 이뤄 더 나은 사거리 연장 효과를 이룬다는 연구 보고가 나왔고, 이내 이러한 복합추진탄 개발을 위한 선진국간 치열한 경쟁이 재개되었다.
복합추진탄의 복합추진장치는 크게 로켓추진체, 추력 노즐, 로켓 점화지연장치 및 항력감소 추진제로 구성된다. BBU는 발사 후 바로 작동해야만 최대의 효과를 낼 수 있다. BBU 추진제는 추진장약의 화염에 의해 포강 내에서 점화되지만  포구에서 압력이 급격히 떨어져 소화될 수 있기 때문에 사거리 감소를 방지하기 위해 탄이 포구 이탈 후 수 미터 내에서 재점화시킨다.
BBU는 탄이 비행하는 20~40초 정도 연소하면서 항력을 감소시키는 역할을 한다.

보조로켓은 BBU와는 반대로 탄의 항력이 감소된 시점에 작동시켜야 효과를 얻을 수 있다. 로켓은 점화지연 장치에 의해 발사 후 일정 시간이 경과한 후 후 점화되도록 하는데, 1~2초간 작동하여 추력을 발생시킨다. 로켓 작동은 BBU 연소 중에 일어나며, 이후 두 장치의 상호작용으로 사거리를 증대시킨다.
복합추진탄은 항력감소탄을 먼저 실용화한 남아공이 선제적으로 연구결과를 내놓았다. 남아공은 2000년대 초반에 복합추진탄 VLAP(Velocityenhanced Long range Artillery Projectile) M9703탄을 개발해 45구경장, 약실체적 23리터 포에서 사거리 54km를 달성하였다.
이 탄은 탄 노즈(Nose) 부위가 긴 ERFB 타입으로서 탄체 바깥쪽에는 강내 회전안정익(Nub)가 달려 있고, 탄체 안쪽에는 고폭약과 로켓추진제가 충전되어있는 것과 탄체 후방에 항력감소장치(BBU)가 조립되어 있다.
우리나라도 국방과학연구소가 1999년 K9을 전력화한 직후인 2005년경 ‘장사정탄용 복합추진 기술’을 핵심기술 과제로 연구를 수행하고, 기존 탄의 중량과 형상을 바꾸지 않고도 39구경장 KH197 견인곡사포의 사거리를 40km 이상으로, K9 사거리를 54km로 현재 사거리에서 약 30%(40 -> 54Km) 늘릴 수 있는 노하우를 쌓았음을 보고한 바 있다.
이어 2013년 ‘155mm 사거리연장탄 체계개발’이라는 이름으로 사업이 본궤도에 오른 후 개발과정을 거쳐 2020년 시험평가를 통과했다.
■ 70~100km의 초사정거리 포탄 등장
정밀한 타격으로 치명적인 효과를 거둘 수 무기체계라 할지라도 그 가격이 비싸다면 손쉽게 대량으로 운용하기는 매우 힘들다. 화력지원체계로서 화포는 비록 미사일의 위력에 미치지는 못하지만 가격 대 성능 면에서 가장 효과적으로 화력지원 임무를 수행할 수 있는 수단이다.
이 때문에 남아공은 물론, 미국, 독일, 러시아 중국 등 무기개발 선진국들은 2010년을 전후로 탄의 위력과 정확도를 높이면서 사거리도 증대시키려는 경쟁을 더욱 가속화하여  최근 70km 이상의 사거리를 갖는 ‘초(超) 장사정탄’을 속속 선보이고 있다.
최근의 포병 사거리 연장을 위한 기술들은 보조로켓추진, 또는 램제트 추진과 같이 어느 하나의 특정 방법에 역점을 두기도 하지만 대부분 테일핀(Tail Fin 꼬리날개), 카나드(Canard 귀날개), 윙(Wing) 등에 의한 활공기법과 유도제어기법을 병행하는 등 다양한 방법을 결합하는 방향으로 나아가고 있다.
이러한 결합이 사거리 연장에 유리할 뿐만 아니라, 정확도 향상을 동시에 달성했을 때 무기체계로서 효용가치가 증가하기 때문이다.
최근 대표적인 사례를 보면, 남아공은 2019년 155mm/52구경장, 약실체적 25리터의 G6 자주포로 VLAP M9703탄을 쏘아 사거리 76km를 기록했다. 또 탄체 외형이 다소 다른 VLAP탄 M2005은 PzH2000자주포로 61km의 사거리를 기록했는데, 독일이 개발 중인 60구경장에 향상된 추진장약을 쓸 경우 사거리는 70km 이상이 될 것으로 알려졌다. 전문가들은 남아공이 멀지 않은 시기에 100km이상의 사거리 달성도 가능할 것으로 예상하고 있다.
미군의 경우, 155mm 엑스칼리버(Excalibur)탄의 사거리 연장에 관심을 두는 가운데 2021년 10월 애리조나주 유마(Yuma)시험장에서 개발 중인 XM1299 58구경장 자주포에서 XM1113 보조로켓탄(RAP)으로써 70km 사거리를 달성하였다.
XM1299는 ERCA(Extended Range Cannon Artillery, 사거리 연장포)로서 기존 M109A6 자주포의 무장을 58구경장, 약실체적 27.9리터 크기로 대폭 증대시킨 것으로 70km이상 100km까지 타격할 수 있도록 개발 중인 자주포이다.
이밖에 탄체를 유선형으로 설계하는 방식인 ERSC 타입에 테일핀 활공기법을 결합한 HVP(Hyper Velocity Projectile)탄과 이탈리아의 Vulcano탄, 테일핀에 윙(wing)의 양력을 이용한 활공 기법을 적용해 120km 사거리를 달성할 수 있다는 록히드마틴의 5인치 NGP(Navy Guided Projectile)탄이 주목을 받는 초장사정탄이다.
우리나라 역시 사거리 70km 이상의 초장사정탄을 연구하고 있다. 국방과학연구소는 사거리 100km를 목표로 ‘초장사정 활공유도 곡사포탄’을 응용연구로 진행한 데 이어 2014년 2월 28일 열린 제75회 방위사업추진위원회에서는 사거리 100km급의 ‘155mm 초장사정 활공유도 사거리연장탄’ 개발 계획을 확정한 바 있다.
초장사정탄은 개발 중 기술적 위험성이 무척 높은 것으로 알려져 있으나, 북한의 장사정포인 170mm M1989 자주포와 240mm M1991 방사포의 사거리가 60km 이상임을 고려할 때 70km 이상 거리의 목표를 타격할 수 있는 초장사정탄을 시급히 확보해야 한다는 점이 강조되고 있다."
https://kookbang.dema.mil.kr/newsWeb/20220712/1/ATCE_CTGR_0080100004/view.do,RnD,포병은 사거리를 어떻게 늘려왔을까 (상),,"세계 정상급의 자주포로서 ‘K-방산’을 대표하는  155mm/52 K9자주포 하면 가정 먼저 떠오르는 성능이 최대사거리가 40km에 이른다는 점이다. 하지만 이제 곧 K9의 최대사거리는 54km로 설명되어야 한다. 지난 2020년 11월 성공적으로 개발 시험평가를 마친 ‘155㎜ 사거리 연장탄’이, 계획대로라면 올해 야전 포병부대에 보급되기 때문이다.
K9은 5종의 포탄을 운용한다. 각각은 탄은 적용된 기술과 탄 구조도 다르고, 사격시 상황에 따라 함께 쓰이는 장약도 다르고 사거리도 다르다. 포병 야포의 사거리는 왜, 어떤 기술로, 어떻게 증대시켰고 어떤 전술적 효과를 얻을까.
■ 사거리 증대의 역사
화포의 사거리 발달 과정을 곡사포를 중심으로 보면, 최초의 근대 화포라 할 수 있는 곡사포로 최대사거리 11km급의 프렌치-75(French-75)가 1897년에 등장해 제1차 세계대전에서 연합군 주력 운용됐다.
제2차 세계대전 개전 즈음에는 포의 구경이 커져 미군의 경우 M101A1 105mm 곡사포가 11km, M114 155mm 곡사포가 14.6km, M110 8인치 자주곡사포가 16.8km의 사거리를 보였다.
6·25전쟁 즈음에 사거리 연장의 필요성이 높아져 옛 소련이 M1946으로 최대사거리 27km를 냈다. 자유진영국가 곡사포의 사거리는 1970년대 중반까지 구경 155mm를 기준으로 18km급에 머물다, 나토 국가 요구에 따라 포의 개량 및 신형 포탄 개발과 더불어 30km으로 증대되었다.
사거리 연장 연구는 1987년의 미국·영국·독일·이탈리아의 탄도협정을 계기로 더욱 집중돼 1990년대 중반부터 2000년대 중반까지 여러 자주포에서 최대사거리 40km를 달성했다. 미국은 1994년 차세대 자주포로 크루세이더(Crusader)를 개발하면서 사거리 50km를 목표로 했으나 개발사업 자체를 취소했다.
이후 최근에 이르기까지 세계 각국은 포의 사거리를 늘리려는 연구활동은 꾸준히 지속되어 50km 이상은 물론 100km까지 날아가는 포탄이 계속 연구되고 있고, 또 사거리 증대와 함께 정확도를 높이는 유도형 폭탄도 등장해 실전배치되고 있다.
한편, 북한의 경우 2만 6,100여 문의 포병 전력 가운데 장사정포로서 구경 170mm의 M-1978 자행포(자주포)와 이를 개량한 M1989 자행포를 150여 문 보유하고 있는 것으로 알려져 있다. 이들 자행포는 일반 고폭탄으로 최대 40km, 보조로켓탄(RAP)으로 최대 60km 거리의 목표를 공격할 수 있어 한때 세계에서 가장 긴 사거리를 가진 야포로 인정되기도 했다.
■ 사거리가 늘어나면 어떤 효과가 있을까
？포의 사거리가 늘어난다는 것은 포병의 전투 면적이 넓어지는 장점이 있다. 또 후방에 위치하는 만큼 적의 화력과 기습공격에 최소로 노출됨에 따라 생존성이 더 확보된 상태에서 적 포대를 공격할 수 있다.
하지만 사거리만 늘어난다고 화포 운용에 따른 전술적 효과가 좋아지고 전술적 가치가 증대되는 것은 아니다.
화력무기체계의 무기효과는 사거리와 함께 정확도와 탄두 위력에 의하여 결정되는데 사거리가 늘어나면 정확도와 탄두 위력이 저하되기 마련이다.

왜냐하면 사거리가 늘어날수록 탄이 비행하는 과정에서 바람, 온도 등 외부 환경요소의 영향을 받아 탄의 분산도가 높아진다.
또 사거리 늘리는 이유로 탄의 형상이나 장치 등이 바뀐다면 내부의 폭약이 줄어들 수 있기 때문에 위력이 저하될 수 있다.
■ 사거리를 늘리는 방법은 어떤 것이 있을까
포의 사거리를 늘리는 방법은 크게 세 가지로 설명된다. 하지만 사거리는 어느 한 방법이 단독으로 쓰이기 보다는 대체로 위 방법들을 복합적으로 적용해 증대되고 있다.
▶ 구경장 23 -> 39 -> 52로 확대？
첫째는 구속도(velocity)를 높여 탄을 멀리 보내는 방법인데, 포신을 길게하고 탄을 추진시키는 장약(chage)의 고(高)에너지화하면서 약실의 압력을 높이는 것이다. 포신의 길이(구경장)은 1940년대 23구경장에서 2000년대 이후 52구경장으로 확대되었다.
구경 155mm의 주요 곡사포 구경장과 사거리를 살펴보자. 탄으로는 1959년부터 보급된 M107 일반고폭탄(HE·High Explosive)이 자유진영국가에서 표준형으로 인정받고 있다.
TNT 5.95kg를 포함 전체 무게 43.2kg, 신관 포함 길이 689mm이다. 39구경장 포신으로 최대사거리 18km를 달성하는 것으로 생산업체는 설명하고 있다.
1942년부터 운용된 M114A1 견인포는 23구경장(3m 56cm, 전체길이 3m79cm)의 포신으로서  포구속도 564m/s를 보이며 탄을 최대 14.6km까지만 날려보냈다. 1963년에 나온 23구경장 M109자주포도 마찬가지.
한동안 변화가 크게 없던 155mm 곡사포의 사거리는 포신의 길이가 6m4cm가 되는 39구경장이 장착되면서 M107을 18km 이상으로 쏘아보냈다.
미국은 M109자주포의 주포를 39구경장 포로 발전시킨 M109A1을 통해 일반고폭탄 최대사거리 18km를 달성했으며, 1977년 이후  FH70(영국 독일 이탈리아), M198(미국), FH77(스웨덴) 등의 견인포가 22km 이상을 사거리를 보유했다. (이들 견인포는 당시 개발된 보조로켓포탄으로 최대사거리를 30km까지 확대했다.)
1990년대 후반 이후에는 구경장 확대와 신형 탄약 개발로 사거리를 연장시켰다. 포신이 52구경장(8m 6cm)늘어나면서 920m/s 이상의 포구속도가 가능해짐으로써 항력감소탄으로 최대사거리 40km를 달성했다. 최근에도 포신의 길이를 62~68구경장으로 늘려 사거리를 더 연장하려는 연구가 계속되고 있다.
▶ 보조추진장치로 탄 비행 가속시켜
사거리 연장 두 번째 방법은 보조추진장치를 탄의 내부에 장착, 포탄이 포구를 떠난 뒤 초기 비행단계에서 보조추진장치를 점화시켜 탄의 비행을 가속함으로써 사거리를 연장하는 것이다.
보조로켓포탄(RAP·Rocket Assisted Projectile)이 대표적으로 제2차 세계대전 당시 독일이 슈트룸티거(Sturmtiger)의 주포용으로 쓰인 직경 380mm 포탄의 미부(尾部)에 고체연료 로켓모터를 부착한 것이 최초의 RAP탄 이다.
이 보조로켓 원리가 새롭게 적용된 대표적인 탄이 M549A1(HE-RAP·High Explosive  Rocket Assisted Projectile)이다. 2.9kg의 로켓모터와 TNT 6.8kg을 포함한 전체 무게가 43.6kg, 길이 876mm로서 로켓모터의 추진에 힘입어 39구경장 견인포로 최대 사거리 약 30km들 달성했다. 18km의 M107 일반고폭탄에 비하면 비약적인 증가가 아닐 수 없다.
39구경장 가운데 견인포로서 M198(미국), FH70, M198(미국), FH77이 대표적이다. 하지만 같은 구경이라 하더라도 자주포인 M109A2와 이를 국산화한 K55는 RAP탄으로도 최대사거리는 24km 정도에 머물렀다.
RAP탄은 일반 고포탄에 비해 사거리가 훨씬 길지만 로켓장치가 차지하는 공간만큼 작약을 충진하지 못해 그만큼 탄의 효력을 저하시키는 단점이 있다.
보조추진포탄의 또하나 방식인 램제트 추진탄이다. 155㎜ 포탄 내부에 대기 중 산소를 흡입해 연소시키는 방식의 램제트 엔진을 장착한 것이다. 산화제를 적재하지 않으므로 그 대신 많은 연료를 적재할 수 있어 사거리 연장에 유리하다.
원리적으로 보면, 발사 즉시 초속 900ｍ의 힘으로 램제트 엔진을 작동시킨다. 이어 추력을 약 14초간 유지하면서 포탄을 항력을 적게 받는 높은 고도로 추진시킴으로써 사거리를 획기적으로 증대시키는 탄약이다. 1980년대 이후 꾸준히 연구가 계속되고 있다.
남아프리카공화국의 Somchem사는 2000년 이전에 155mm 고체연료 램제트탄으로 70km를 달성한 기록을 갖고 있었지만 RAP과 항력감소(BB) 기술을 복합한 VLAP탄에 주력하고 있다.
현재는 2018년 파리 유로사토리(Eurosatory)에서 155mm 램제트탄 모델 모형을 공개한 바 있는 노르웨이의 방산기업인 나모(Nammo)가 이 분야에서 주목을 받고 있다. 나모는 2020년 155mm 램제트 포탄을 52구경장 포로 사격했을 때 150km 달성이 가능하다고 소개한 바 있으나 실현 여부는 확인되지 않았고, 이후 미국의 보잉과 BAE 시스템스와 합작으로 계속 개발 중이다. 보잉은 39구경장포에서 최초로 발사할 예정이고, 목표사거리는 70km로 알려져 있다.
<하편으로 계속>"
https://kookbang.dema.mil.kr/newsWeb/20220706/1/ATCE_CTGR_0080100001/view.do,RnD,[K9 34회·끝]  터키형 자주포 화력시범 대성공,,"MTU 엔진의 한국 판매 문제가 수 개월이 지나도록 해결되지 않는 가운데서도 국방과학연구소·삼성테크윈의 연구개발진이 터키(‘튀르키예’ 이전의 국가명)에 파견돼 시제품 제작·조립을 지원했다.
이렇듯 터키의 자주포사업이 한국·터키 정부에 의해 강력히 추진되고 있음을 파악한 독일 정부는 마침내 2000년이 저물어가는 12월15일 MTU회사의 엔진을 터키 자주포용으로 한국에 수출하도록 승인했다. 국방부를 비롯한 정부 차원의 노력으로 주효한 것이다.
""그때까지 외교적인 문제가 될 수 있는 부분도 실무선에서 책임지기로 각오한 점 등 어려움이 적지 않았는데, 정말 10년 묵은 체증이 내려가는 기분이었습니다.""
김응천 해병중령에게는 그때 큰 한숨을 쉬던 표정이 남아 있는 듯 했다. ‘무(無)에서 유(有)를 창조한다’. 그는 힘이 부칠 때마다 이 해병대 정신을 떠올렸다. 그런 정신으로 추진한 K9 자주포 수출 성사에 그는 만족해하며 보람찬 미소를 보여주었다.
2000년 12월30일, 6개월 만에 터키형 자주포 시제품이 완성됐다.
""우리는 이미 개발해 보았기 때문에 짧은 기간에 시제품을 완성할 수 있었습니다. 당시 터키 기술자들은 K9에 대해 한가지라도 더 알기 위해 서투른 영어로 진지하게 많은 질문을 해왔어요. 과거 기술정보 습득을 위해 선진국에 나갔을 때 내가 저런 모습으로 물어보았을 텐데 이제는 가르쳐 주는 입장이 됐구나 라고 생각하니 감회가 새롭고 한편으로 뿌듯함을 느꼈습니다.""(이종효 선임연구원)
터키는 터키형 자주포를 한국의 K9 자주포의 수출 명칭인 천둥(thunder)과 형제의 의미를 갖도록 폭풍(storm)이라는 뜻의 터키어 프트나(firtina)로 명명했다.
국방과학연구소는 K9 자주포의 시험평가 기준과 절차서를 영문화해 터키에 제공했다. 이어 동계·사격·하계시험이 한국 측의 기술지원 아래 터키포병학교 주관으로 실시토록 계획됐으며 1월 말부터 2월 초순까지 동계시험이 추진됐다. 동계시험 장소인 사르카므쉬는 터키 동부 산악지역. 해발 약 2100ｍ에 한겨울에는 영하 40도 이하까지 떨어지고 겨우내 눈으로 덮이는 곳이다.
""터키 측은 눈 위에서의 기동시험을 가장 중요하고 어렵게 생각했습니다. 터키군의 경험과 지형상 그랬던 것인데 우리는 한국 스키장에서 시험을 거쳤기 때문에 자신 있었습니다. 예상대로 시제품의 기동에는 아무런 문제가 없었습니다.""(삼성테크윈 전진모 차장)
터키에 파견돼 시험평가 기간 중 기술지원을 담당한 한국 연구개발진은 한국에서의 시험평가 경험을 바탕으로 시험에 대해 조언하고 시험간 발생하는 문제점을 현지에서 즉각 해소, 한국 기술력에 대한 신뢰를 두텁게 했다.

특히 시험평가 중 터키 운용병의 실수로 이송기가 파손되는 사고가 발생, 시험이 중단될 위기에 처하기도 했다.
그러나 이때 한국 기술지원팀은 부품을 공수, 단 5일 만에 복구했다. 한국 특유의 신속성과 터키 자주포사업에 대한 한국의 지대한 관심을 보여주면서 수출에 지장을 줄 수 있는 사고마저 수출 성사에 플러스로 작용하는 계기가 되도록 했다.
시험기간 중 터키군 총사령관 크브르크올루 대장이 방문했다. 총사령관은 1㎞ 떨어진 곳에 드럼통을 세워놓고 사격하라고 지시했다. 그 의도가 의아스러웠지만 드럼통은 포탄에 그대로 관통됐다. 총사령관은 대단히 만족스러워하며 지상군사령관에게 터키형 자주포를 포함, 지상화력 장비를 모두 동원해 국민들에게 화력시범을 보이라고 지시했다.
시험평가 중인 자주포로 전 국민 앞에서 화력시범이라니? K9 터키형 자주포의 성능을 믿어 의심치 않지만 시험평가단은 염려스럽지 않을 수 없었다. 그렇게 총사령관이 내린 화력시범 지시의 속내를 아직 알 수 없는 상황에서 터키형 자주포는 터키 중남부에 위치한 카라프나르 사격시험장으로 이동, 2001년 3월10일부터 23일까지 사격시험을 실시했다.
""카라프나르 시험장은 지상에서 직접관측으로 40㎞ 사거리 및 분산도 확인이 가능한 시험장이었습니다. 우리가 바다에 사격하면서 겪는 어려움을 생각할 때 참 부러운 사격장이었습니다. 시험기간 중 최대사거리·발사속도·분산도 등 사격 관련 기본성능을 확인했는데 모두 기준을 충족했습니다.""(이진영 책임연구원)
2001년 3월28일 시범사격의 성공적 실시에 이어 낮기온이 40도를 웃도는 터키 동남부 디야로바카르 지역에서 하계시험을 실시한 후인 2001년 5월12일, 화력시범의 날이 마침내 밝아왔다.

터키 대통령을 비롯한 국회의장과 전 장관·국회의원 등 3000여 명이 참석한 가운데 화력시범이 시작됐다.
특이한 점은 이때 나눠 준 모자 정면에 바로 K9 터키형 로고가 새겨져 있었다는 것이다. 메모지도 그랬다. 우리 측 관계자들은 대한민국이 자랑스러우며, 이 수출사업에 기여하고 있다는 사실에 큰 긍지를 느꼈다.
화력시범은 터키 전역에 TV로 생중계됐다. 터키군이 보유하고 있는 전 지상화기가 차례차례 화력시범을 보였다.

이윽고 이날의 하이라이트인 K9 터키형 자주포가 등장했다. 날렵한 기동시범에 이어 혹시나 하는 우려를 일소하듯 급속사격, 최대발사속도 및 최대사거리 사격까지 완벽하게 사격을 마쳤다. 대통령을 포함한 모든 인사가 기립, 성공적인 화력시범에 참가한 장병들에게 박수를 보냈다.
화력시범 성공이 갖는 의미는 매우 크다. 삼성테크윈 해외영업팀장 김하섭 상무는 터키에 2001년 2월 불어닥친 외환위기를 우려하고 있었다.
이로 인해 터키의 군사비 감축 여론이 들끓었고 이에 따라 군사비를 삭감하게 되면 자주포사업이 수포로 돌아가지 않을까 걱정했던 것이다. 그러나 그는 시범이 성공하자 속으로 이제는 됐구나 하고 쾌재를 불렀다.
""화력시범은 국민과 정치지도자들에게 군이 추진하는 전력증강사업에 대한 신뢰감을 심어주는 데 기여했다고 생각됩니다. 외환위기에도 불구하고 이후 군사비 감축 여론이 수그러들기 시작했거든요. 그때 시범장에서의 자주포 모습, 벅찬 감정, 감격스러운 장면이 시간이 많이 지난 지금도 어제처럼 생생합니다.""(당시 주터키 국방무관 고현수 대령)
화력시범·시험평가가 성공리에 끝나자 2001년 7월 터키 지상군사령부와 삼성테크윈이 터키 자주포 1차 생산 24문에 대한 공급계약을 6500만 달러(850억 원)에 체결했다. 우리 방위산업 사상 최대의 수출이 성사된 것이다. 2011년까지 350문 이상 10억 달러(1조3000억 원) 이상의 수출이 예상된다.
현재 터키와는 K9 자주포용 탄약 기술 이전 및 수출 협상이 진행 중에 있다. 또 개발 중인 탄약운반장갑차도 협의 중이어서 대터키 방산협력 규모는 더욱 커질 전망이다. 터키가 북대서양조약기구(NATO)·중앙아시아에서 차지하는 위상을 감안할 때 추가 수출도 기대할 수 있다.
일찍이 KH179 견인곡사포를 개발한 직후인 1983년 화포자동화 구상에서부터 대(對)터키 수출이 이뤄지기까지 근 20년, 그리고 터키에 진출하기까지 그 힘들고 어려운 연구개발의 험로를 걸어온 국방과학연구소와 방산업체 연구진은 이제 그동안 묻어두었던 소감을 쏟아낼 만도 한데 정작 ""보람과 자부심을 느낀다""는 등 짤막한 몇 마디 뿐이다.
K9이 성공적으로 개발될 수 있었던 요소는 무엇일까. 미래 전장환경을 내다보고 최초 설정한 연구 방향을 개발 완료 때까지 유지했던 점, 역량 있는 사업책임자 등을 개발단계에 따라 적시에 임명해 사업을 이끌어간 점, 많은 연구원들이 체계종합·무장·탄약·사격통제·기동체계 등 관련 분야의 기술개발을 지속적으로 수행하며 발전시켜온 점, 특히 힘든 고비를 극복할 수 있었던 투철한 사명감을 들 수 있을 것이다.
명품은 어느 한두 명의 힘에 의해, 그리고 하루 이틀에 만들어지는 것이 아님을 알 수 있다. 31회에서 설명했듯 전력화가 한 해만 늦어졌어도 K9이 명품으로 인정받을 수 있는 시기를 놓칠 수도 있었다.
K9은 포병의 전폭적인 신뢰 속에 현재 전방 포병부대에 속속 실전배치되고 최근 육군이 K9의 통상 명칭을 천둥으로 정했다는 소식, 그리고 국방과학연구소 연구원들은 K9의 성과에 안주하지 않고 또다른 명품을 위해 각자의 전문분야에서 촌각을 아끼며 연구에 매진하고 있음을 전하며 우리의 명품 155㎜ 자주곡사포 K9의 연재를 마친다."
https://kookbang.dema.mil.kr/newsWeb/20220620/1/ATCE_CTGR_0080100001/view.do,RnD,[K9 33회] 터키型 자주포 공동 개발,,"독일과 터키 지상군사령부 사이에 진행되던 독일의 PzH2000 자주포 공동생산 계획이 1999년 독일 국내 문제로 중단되는 상황이 벌어졌다.
물실호기(勿失好機). 국방부는 K9의 터키 수출에 상당한 가능성이 있다고 판단, 군사외교 역량을 더욱 강화했다.

조성태(육군대장 예편·2021년 별세) 국방부 장관의 터키 방문이 그해 11월17일에 이뤄졌다. 19일까지의 방문 중 양국 국방장관회담이 터키 군부 고위층이 배석한 가운데 열렸다.
조 장관은 군사·교육협력에 관한 협정과 함께 방산협력 및 방산품 품질보증 협력에 관한 양해각서(MOU)를 체결, 양국 간 방산협력의 토대를 다졌다.

참석자들이 K9 자주포를 소개하는 비디오를 시청하는 가운데 조 장관은 K9 자주포의 공동생산이 이뤄질 경우 한국 국방부의 공식적 보증을 약속했다.
터키 지상군사령부는 12월1일 K9 자주포의 성능과 방산 능력을 실제 확인할 실사단을 한국에 파견할 의향이 있다고 전해온 데 이어 12월12일 기술기획부장(아크차이 준장)을 단장으로 한 실사단이 내한했다.

아크차이 준장 등 터키 실사단은 방한 때까지만해도 한국의 K9 자주포 개발을 반신반의하고 있었다.
그러나 이들은 일주일 간 토의와 국방과학연구소 종합시험장에서의 K9 사격시범, 삼성테크윈·삼성탈레스·위아·풍산 등의 생산시설 견학을 마친 후 성능 신뢰는 물론 우리의 기술력과 방산 기반에 놀라고 부러워했다.
특히 K9 사격시범 관람 후 상호 인사 및 소개하는 자리에서 아크차이 준장은 국방과학연구소 연구진에 연방 ""한국의 세계적 성능의 자주포 개발을 축하한다""며 K9에 대한 좋은 인상을 간접적으로 표시했다.
실사단은 터키로 돌아가 터키 지상군사령부에 한국과 기술협력할 것을 건의했다. 이로 인해 당시 터키 실사단은 그들의 자주포 사업과 관련, 이스라엘을 방문키로 한 계획을 취소한 것으로 알려졌다.
터키는 2000년 2월 K9의 기술이전 공동생산 추진과 관련, 기술평가단을 파견해줄 것을 한국 측에 요청했다. 이에 국방부는 국방과학연구소 자주포체계팀장 김동수(육군대령 예편·작고)박사를 단장으로 국방부·업체 등 11명의 기술평가단을 구성, 2월19일 파견했다.
기술평가단은 터키의 1010창(한국의 종합정비창에 해당하지만 정비뿐만 아니라 개발도 함)을 시작으로 MKEK(터키의 국영 방산 그룹)·ASELSAN(전자회사) 등을 방문, 자주포 관련 터키의 방산 수준을 조사하고 양국의 관심사항 및 터키형 자주포 공동개발에 대한 기본 방안을 협의했다.
""향후 계획 수립을 위한 일정·협력 방법 등 협의된 기본 내용과 방향은 터키가 한국의 K9 자주포 주요 구성품을 도입하고 한국의 기술지원으로 터키형 자주포를 공동개발하는 것이었습니다.""(김동수 기술평가단장)
2월16일 기본방안을 터키 측과 합의한 기술평가단은 이튿날 이스탄불을 문화탐방하면서 과거 보스포루스 해협을 지키던 오스만제국의 토푸카푸 성에 올랐다. 그곳에는 마침 당시 사용하던 대포가 놓여 있었는데, 토푸카푸란 대포와 문이라는 터키어의 합성어.
김동수 대령은 갑자기 무슨 생각에서인지 ""우리는 토푸카푸 회원이다. 우리가 희생과 협조로 노력하면 K9 수출은 반드시 성공할 수 있다. 앞으로 인사할 때는 토푸하고 카푸로 받자""고 제안했다. 김응천 중령은 ""이것이 기술평가단장으로서 사업의 성공을 위해 책임·단결을 유도하는 결정적 리더십이었다""고 술회했다.
기술평가단이 귀국 후 작성한 보고서를 토대로 국방부는 한국 측의 양해각서안을 작성해 터키에 보내고 터키 측은 수정안을 작성, 보내오는 등 국방부와 터키 지상군사령부는 3차에 걸친 협상을 가진 뒤 5월 양해각서 체결을 눈앞에 두게 됐다.
마침내 5월4일. 터키 지상군사령관 아테쉬 육군대장이 한국을 방문, 박용옥 국방부차관과 터키 자주포 협력에 관한 양해각서를 체결(8일)했다.
주요 내용은 한국이 K9 자주포 구성품을 국방부가 지정하는 주계약업체(삼성테크윈)를 통해 터키에 공급하고 정부 기술자료를 무상 지원하는 조건으로 터키 측으로부터 2011년까지 350문 이상의 물량을 보장받는 것이었다.
""터키 지상군사령부와 K9 자주포 수출 협상은 우리와 혈맹국이면서 상호 방산협력이 체결된 우방국이었기 때문에 항상 우호적인 분위기 속에서 진행됐습니다. 양해각서에도 터키 자국용 자주포 획득에는 한국 내 획득과 같은 수준을 적용했고 터키가 해외로 수출할 경우 기술료를 한국에 지불키로 했습니다.""(당시 국방부 우국석 국제협력과장)
그런데 바로 그날 뜻밖의 통고가 날아와 K9 관계자들을 당혹케 했다. 독일 정부가 K9 자주포용인 독일의 MTU 엔진에 대한 대터키 수출을 승인할 수 없다고 통보해온 것이다.
한국·터키 양해각서가 체결되기 전 독일의 MTU사(社)는 터키 수출용으로 한국 삼성테크윈에 엔진을 공급하겠다고 약속했으나 독일 정부의 수출 불승인에 그들도 어쩔 수 없었다. 이것은 독자개발 자주포를 최초로 수출하려는 우리의 희망에 찬물을 끼얹는 격이 되고 말았다.
K9 수출은 이제 엔진 문제를 해결해야만 하는 당면과제를 안게 됐고 이것은 심각한 위기였다. 국방부는 MTU 엔진의 수출허가 획득을 위해 청와대·총리실·외교통상부·산업자원부·국가정보원 등 지원 가능한 모든 기관·부서의 협조를 강구했다.
방산업체는 업체대로 최대한의 방법을 동원했다. 2000년 말까지 터키 자주포 시제 1문을 성공적으로 개발하고, 독일 MTU 엔진의 대터키 수출허가를 받아야 하는 상황. 어느 누구도 그때 K9의 수출 성공을 보장할 수 없었다.
여기서 국방과학연구소·삼성테크윈의 연구개발진은 기술적 자신감 속에 카드 한 장을 꺼내 들었다. MTU 엔진을 대체키로 하고 실용개발시 검토했던 영국 퍼킨스 사의 엔진을 탑재할 것을 결심한 것이다.
""어려운 문제였습니다. 터키는 우리가 전력화하는 자주포에 퍼킨스 엔진을 탑재한다면 터키 자주포에도 적용하겠다고 하면서 이를 받아들였습니다. 그리고 독일 MTU 사에도 통보했지요. 하지만 이럴 경우 약 6개월의 수출 지연과 K9 자주포에 퍼킨스 엔진 탑재에 따른 설계변경을 해야 했습니다.""(김동수 박사)
국방부는 마지막으로 독일 국방부에 터키 자주포용으로 쓰일 MTU 엔진의 한국 수출을 금지할 경우 K9 자주포·터키 자주포에 타 엔진을 사용할 것임은 물론 한국·독일이 진행할 각종 협력 사업에 부정적으로 작용할 것임을 내용으로 한 최후 서한을 보냈다.
한국과 터키의 협력은 이같은 장애에도 멈추지 않았다. 터키는 2000년 6월20일 한국과 시제 1문용으로 K9 자주포 구성품을 도입하는 계약(335만 달러)을 체결했다. 이어 터키 기술연수생 10여 명이 삼성테크윈에서 기술연수를 받기 시작했으며 7~8월 중 공급할 구성품들이 터키로 보내졌다."
https://kookbang.dema.mil.kr/newsWeb/20220617/1/ATCE_CTGR_0080100001/view.do,RnD,"[K9 32회]  K9자주포,   터키와 첫 수출 성사",,"1991년 10월 해군사관학교 46기 순항훈련분대는 한국 해군 사상 처음 인도양·홍해·수에즈 운하를 거쳐 지중해로 들어가 유럽 대륙에 발을 디뎠다.
유럽 첫 기항지가 바로 터키 이스탄불. 보스포루스 해협으로 들어설 때 한국 해군을 환영하는 예포가 울려 퍼졌다.
폭넓은 강 같은 해협의 한 가운데 함정을 투묘(投錨)한 채 하룻밤을 보내고 이튿날 아침 해사 생도들이 선착장에 상륙했을 때 귀를 의심했다. 터키인 누군가 발음은 부정확하지만 우리 민요 ‘아리랑’을 애절히 부르고 있었던 것이다.
조그마한 도시에서 택시기사를 하는 이 터키인은 TV방송에서 한국해군이 방문한다는 뉴스를 듣고 무려 500㎞가 넘는 거리를 달려왔다고 했다. 그는 6·25전쟁 참전용사였다. 살아 있는 동안 한국의 함정이 터키를 방문하게 될 줄은 생각도 못했다는 그는 한국이 자랑스럽다고 말했다.
그만이 아니라 사실 터키의 참전군인들은 자신들이 피로써 지킨 대한민국이 세계의 경제강국으로 부상한 데 대단한 자부심을 갖고 있었다.
1999년 터키인들은 이제 한국에 우정과 보은의 정을 피부로 느꼈다. 엄청난 지진의 재앙이 터키의 한 도시를 강타했을 때 먼 형제의 나라 한국에서 따스한 위문의 손길이 전해온 것이다. 그리고 한국이 독자개발한 155㎜ 자주포 K9이 터키에 기술 이전 등 좋은 조건으로 수출되자 터키인들은 이 또한 자신들에 대한 한국의 보답으로 여겼다.
지리적으로 유럽과 아시아를 연결하는 지중해변의 교통·전략 요충지에 위치하고 있는 터키는 14세기에서 20세기 초반까지 600여 년 동안 중동지역·동유럽을 지배한 오스만 제국의 후예로 자존심이 강한 민족이다. 언어는 우리와 같은 우랄 -알타이어족에 속하며 산악지형과 삼면이 바다로 둘러싸인 반도국가라는 점 등이 우리와 유사하다.
이러한 터키에 K9 자주포체계가 우리나라 방위산업 사상 단일 품목으로 최대 규모인 10억 달러의 수출 계약이 체결되기까지 일련의 과정은 국방부·육군·국방과학연구소·삼성테크윈이 공동으로 이룩한, 개발 과정 못지않은 또 하나의 작품이자 드라마였다.
무기체계 수출이란 성능과 가격뿐만 아니라 정치·외교 등 여러 면에서 고려되는 요소가 맞아떨어져야 가능하기 때문에 K9 연구개발진으로서는 초기에 사실 큰 기대를 갖지 않았던 게 사실이다.
K9의 대(對)터키 수출이 최초 제기된 것은 국내 전력화 생산계약이 체결된 직후인 1999년 3월19일 터키 수도 앙카라에서 개최된 제3차 한국·터키 방산협력공동위원회에 참석한 문일섭(文一燮·육사23기·전 국방부차관·소장 예편) 국방부 획득실장에 의해서였다.
회의에서 터키 측에 기술이전 공동생산을 제의한 문실장은 곧바로 주(駐)터키 국방무관 고현수(高賢秀·육사33기·준장 예편)대령에게 4월 중 K9에 대한 대(對)터키 설명회를 할 수 있도록 성사시키라고 지시하는 한편 삼성테크윈 측에도 이에 대한 준비를 해줄 것을 요청했다.
고현수 대령. 그는 우리 군 장교로는 최초로 1985년 터키 지휘참모대학에서 2년 동안 수학하며 터키의 군사학과 언어·문화를 익히며 두터운 휴먼 인프라를 구축하고 있었다.
당시 그와 함께 수학한 동기생들이 당시 대령에서 소장에 이르는 고급 장교층을 형성하고 있고 교관들은 대부분 터키군의 영향력 있는 장군들로 포진해 있다.
그는 1988년 서울 올림픽이 개최됐을 때 터키 지원반장으로 활동했고, 한국을 방문하는 터키 주요 인사들의 통역을 도맡는 등 터키의 언어·문화에 정통한 능력을 발휘했다.

육군노도부대 대대장으로 재임 중이던 1991년 팀스피리트 한미연합훈련에는 대대를 이끌고 미2사단 배속부대로 참가, 탁월한 지휘력으로 미군을 감탄케 해 미국이 특별한 공적이 있는 자국군 및 외국군에게 수여하는 공로훈장(Legion of Merit)을 받은 바 있다.
그는 문 실장의 지시를 받은 후 K9의 대터키 수출작전에서도 뛰어난 역량을 발휘하게 된다.

""일이 되려면 거기에는 꼭 적합한 인재가 있게 마련인데 바로 그 인재가 고현수 대령이었다""는 국방과학연구소 안충호 책임연구원의 말처럼 그는 K9 자주포의 터키 수출작전에 중요한 교두보(橋頭堡)였다.
고 대령에게 떨어진 첫 번째 과제는 K9 설명회. 당시 형편을 보면, 이는 정상적인 절차와 경로로 개최하려면 3개월 이상 소요되는 일이었다. 이미 외국방산업체들의 설명회가 6월까지 계획돼 있었던 것이다.
고 대령은 지휘참모대학 동기생·교관 등 인맥의 도움을 받아 설명회가 4월 중에 개최되도록 주선했다.
4월29일 오창석 삼성테크윈 전무를 주축으로 한 해외영업팀이 터키 국방부를 방문해 K9 자주포 설명회를 가졌다. 이때 참석한 터키 측 관계자 20여 명 가운데 샬리 방산차관보를 비롯한 기술국장·대외협력국장 등 고위급은 이례적이었고, 그들은 K9에 지대한 관심을 표명했다.
그러나 후속적인 조치들이 이루어지지 않고 있었다. 당시 터키 지상군사령부 주관으로 독일과 PzH2000 자주포의 기술이전 공동생산을 추진 중이어서 우리의 협력사업 추진은 불투명한 상황이었기 때문이다.
그런데 터키는 1999년 8월17일 이즈미트 지역에 지진에 의한 대참사가 발생, 어려움에 처하게 됐다. 김동신(金東信·전 국방부장관) 육군참모총장은 이때(8월27일) 터키를 방문, 외국군 장성으로는 처음 지진 현장을 찾았다. 김 총장은 참혹한 현장에서 우리 군 장병들이 정성껏 모은 성금에 개인 여비를 보태 터키 지상군사령관(우리의 육군참모총장 격) 아틸라 아테쉬 대장에게 전달했다.
이 모습은 터키 언론매체를 통해 터키 전역에 생방송으로 보도됐다. ‘혈맹’ 한국의 우정이 터키 국민들의 심금을 울렸다. 김 총장은 아테쉬 대장과 가진 공식 회담에서 우리 K9 자주포의 우수성과 함께 터키와의 공동생산 가능성을 설명했다. 우리 국방부도 지진사태와 관련, 터키를 돕기로 결정하고 군·방산업체에서 성금을 모아 전달했다. 국방부 국제협력과 김응천(金應天·해사34기) 해병중령이 말하듯 당시 국방부는 K9을 해외에 수출하기 위해 장관 이하 관계자들이 군사외교 역량을 집중하고 있었다.
한국에 대한 터키의 분위기는 사뭇 긍정적이었다. 국방무관 고 대령은 1999년 10월4일 아테쉬 대장을 면담했다. 무관으로서 지상군사령관을 면담하기란 하늘의 별따기와 같은 터라 지상군사령관을 역임한 쾌살 장군의 도움을 받았다.

아테쉬 대장은 주(駐)독일무관을 4년 역임하고 동기생 중 가장 빨리 진급해온 인물로 독일 대부라고 일컬어질 만큼 터키에서도 알아주는 독일통이었다.
고 대령은 한국에서 보내온 K9 설명자료를 일주일 동안 밤을 새우다시피 하며 터키어로 번역, 아테쉬 대장에게 제시했다. 고 대령은 K9 자주포에 대한 실사팀을 한국에 보내 그 결과를 보고 받은 후 한국과 방산협력 여부를 판단하면 어떻겠느냐고 건의했다.
""면담 시간은 원래 20분이 계획돼 있었는데 질문이 많아 50분이 걸렸습니다. 주로 독일의 MTU 엔진 도입 가능성에 대해 물었습니다. 이것에 대한 문제는 나중에 알게 됐지만 그 분은 이미 어려운 문제의 핵심을 알고 있었던 것입니다. 그가 조성태(趙成台·2021년 별세)장관의 터키 방문일정을 물은 뒤 그때 보자고 말했을 때 앞이 훤히 트이는 느낌을 받았고, 그때의 성취감은 지금 생각해도 짜릿합니다.""(고현수 대령)"
https://kookbang.dema.mil.kr/newsWeb/20220607/2/ATCE_CTGR_0080100001/view.do,RnD,[K9 31회]  K9이 제때 완성되지 못했다면?,,"1998년 10월12일, XK9 신형 155㎜ 자주곡사포는 합동참모본부 무기체계심의회에서 ‘전투사용가(可)’ 판정을 받음과 동시에 시제품을 의미하는 X(experimental)를 떼어내고 ‘155㎜ 자주곡사포 K9’으로 명명됐다. 사용군이 획득하는 표준품으로 위상이 바뀐 것이다.
그러나 연구개발은 여기서 끝나지 않는다. K9이 야전에 배치될 수 있도록 전력화를 위한 후속조치를 취해야 한다. 이를 위해 연구개발진은 1997년 7월부터 국방과학연구소 내부적으로 전력화 추진팀을 구성하고 있었다.
송기천·유재봉 선임연구원이 중심이 돼 국방부·국방품질관리소·업체 등 관련기관과 K9의 규격화를 시작했으며 김석재·채재욱 선임연구원 등은 명칭과 재고번호를 부여해 보급·운용이 가능케 하는 목록화를 국방조달본부와 함께 진행하고 있었다.
""규격화는 제품생산에 필요한 자료입니다. 규격화 추진팀은 이것을 미리 준비하고 있다가 ‘전투사용가’ 판정이 나자 바로 그날 규격제정 건의서를 작성, 국방부에 제출했습니다. 전력화 시기를 고려할 때 하루라도 지체할 수가 없었습니다.""(유재봉 선임연구원)
규격제정은 1998년 10월29일 국방부 군수품표준화심의회(규격심의)에서 심의위원들의 동의를 얻어 통과됐다. 당시 심의위원장은 국방부 획득개발관 이원형(육사26기·국방품질관리소장 역임)장군이었다. 그는 이렇게 규격제정을 선포했다.
""70년대부터 국과연이 우리의 무기체계 개발을 위해 10년 이상 노력한 결과 이번에 개발자들이 진정 우리 것이라고 할 수 있는 장비를 개발했습니다. 다소 미비한 면도 있을 것이라고 생각합니다. 그러나 이제 관련기관과 부서는 우리 무기라는 애착을 갖고 보완·생산해 좋은 무기가 되도록 적극적으로 지원합시다. 그동안 개발에 심혈을 기울인 연구개발진의 노고에 다시 한번 감사드립니다. 이제 이의가 없으면 곡사포·중간형·자주식 155㎜·K9건의 규격이 통과됐습니다.""
연구개발진은 양산과 품질보증에 필요한 기술자료를 국방품질관리소에 통보했다. 또 양산계약에 필요한 조달 관련자료도 조달본부에 통보했다.
이어 1998년 12월11일 국과연 연구진은 창원에 위치한 기동시험장에서 국방부·합참·육군·관련업체 관계관들이 참석한 가운데 K9 개발완료회의를 개최했다.

그리고 조달본부가 12월22일 체계조립업체인 삼성테크윈과 1999~2000년에 배치할 155㎜ 자주포 K9의 물량에 대한 생산계약을 체결했다.
이로써 연구개발진은 개발 초기에 약속한 전력화 시기를 지켰다. 국과연이 주도한 신형 155㎜ 자주곡사포 연구개발사업 10여 년의 대장정은 계획된 일정을 9일 앞두고 막을 내린 것이다.
1999년에 들어 국과연 연구진은 생산업체에 초도생산과정과 국방품질관리소의 품질보증활동을 위해 기술지원을 해나갔다.
5월에 국과연이 국방개혁 5개년 계획에 부응하는 국방과학기술 연구개발의 구심체 역할로 첨단기술개발과 정보화를 구현하기 위해 조직을 개편했다.

조직 개편에 따라 자주포부는 자주포팀 2개 팀이 1개팀으로 축소됐다. 자주포부장에 김평수 책임연구원, 자주포팀장에 김현배 책임연구원이 보임됐다.
그런데 꽃게잡이철로 들어선 6월, 서해상에 전례 없는 긴장이 고조됐다. 이른바 연평해전이 벌어진 것이다. 연평도 근해의 북방한계선을 넘어온 북한 경비정과 우리 해군 간의 밀고 밀치는 공방이 거듭됐다.
마침내 15일 오전 북한 경비정·어뢰정이 북방한계선 2.5㎞ 지점까지 침범하면서 또다시 우리 해군의 고속정과 충돌을 빚었다. 수세에 몰린 북한 경비정이 25㎜ 기관포로 선제사격을 가해 오면서 14분간 진행된 치열한 교전 결과 우리 해군의 완벽한 승리로 끝났다.

그러나 이 연평해전에서 패배한 북한 군부는 천배만배의 보복을 공언하면서 함포·해안포 실사격훈련, 기계화부대 기동훈련·공군훈련을 강화하는 등 보복 준비에 절치부심했다.
연평해전은 종료됐으나 이 해역에서의 군사적 대결상태는 은연중 계속되고 있었다.

이같은 상황에서 군 수뇌부는 육군이 획득하려던 K9 자주포를 해군(해병대)으로 전환배치할 것을 결정했다.
지상화력장비인 자주포가 크지도 않은 섬에서 어떤 효용이 있을까. 연평도에서 북한의 해주까지는 약 32㎞. K9의 최대 사거리 40㎞의 의미는 여기서 곧바로 찾을 수 있을 것이다.
""기동시험장 부장으로 있으면서 기동시험을 수행해 K9과는 친숙한 상황에서 자주포부장으로 부임했습니다. 마침 서해상에 긴장이 고조된 상황이어서 초도생산이 잘되고 최초 배치부대에서 운용이 가능토록 전력화에 최선을 다했습니다.""(김평수 사업책임자)
국과연은 K9이 연평도에 최초 배치되는 점을 고려해 포대운용 적합성을 세밀히 검토하는 등 적극적인 기술지원을 폈다. 그해 말 최초로 생산된 K9은 많은 사람의 관심 속에 삼성테크윈 공장에서 출고식 행사를 가진 뒤 해군 상륙함에 실려 첫 배치됐다.
그즈음 국과연 자주포체계팀 안충호 책임연구원과 삼성테크윈 해외영업팀 이호구 부장에게는 K9을 해외에 널리 홍보하는 것도 중요한 일이었다.

K9의 해외용 명칭으로 천둥이라는 뜻의 선더(Thunder)를 붙이고 포병분야에 국제적인 지명도가 높은 크리스토퍼 포스(Christopher F. Foss)기자에게 해외홍보용 자료를 보냈다.
""K9이 무기체계로 선정된 후 국제 방산 관련 잡지·신문들이 K9 기사를 게재하기 시작했어요. 그런데 잘못된 부분, 특히 K9이 국제적으로 신뢰성을 받기 어려운 부분이 많았습니다. 국제사회에 당당히 한국이 독자적으로 개발했다는 것을 인정받아야 한다고 생각했습니다.""(안충호 책임연구원)
포스 기자는 권위 있는 영국의 군사전문지 ‘International Defense Review’ 2000년 3월호에 한국이 실전배치한 K9 자주포 기사를 실었다. 한국군이 배치한 52구경장 자주포는 아시아 최초이고, 세계적으로는 독일이 1998년 배치한 PzH2000 자주포에 이어 두 번째라며 K9 자주포의 발사 장면과 함께 실었다.
기사는 K9 개발에 10년이 걸렸으며 선행 및 실용개발과정에서 1만8000㎞의 주행시험과 함께 1만2000발의 사격이 수행돼 신뢰성이 입증됐다는 등 개발과정·성능을 4쪽에 걸쳐 소개함으로써 무기체계에 관심있는 세계인을 놀라게 했다. 이는 국제적으로 K9 자주포의 우수성을 널리 알리는 계기가 됐을 뿐만 아니라 무기시장 진출을 앞당기는 계기가 됐다.
‘新자주포’ 사업이 제때에 완수되지 못하고 사업기간이 연장됐다면 어찌되었을까.
1998년 10월 개발을 성공리에 마치지 못했다면 그해 말 불어닥친 외환위기의 영향을 받아 고가장비인 K9의 전력화를 위한 양산 결정이 계획대로 이뤄지지 못했을 것이다.
또 독일의 기술지원을 받아 자국의 자주포 개발을 추진하던 터키 육군에 개발상 문제가 생긴 시점이 바로 1998년 말이었다. 이때 K9 개발이 끝나지 않았다면 터키가 제3국의 파트너를 찾을 때 한국의 우선순위는 훨씬 떨어졌을 것이며 어쩌면 실제 수출이 불가능했을 것이다.
특히 연평해전 이후 국가적 위기상황에서 K9을 유효 적절하게 활용할 수 없었을 것이며, 따라서 K9의 우수성에 대한 공인은 뒤로 미뤄졌을 것이다."
https://kookbang.dema.mil.kr/newsWeb/20220607/1/ATCE_CTGR_0080100001/view.do,RnD,[K9 30회] 안타까운 사고...개발 성공으로 승화,,"1997년 12월5일 오후 2시, 안흥종합시험장 신자포 전용사격시험장. 날씨는 비교적 따뜻한 편이었다. 모두가 미소 띤 얼굴로 인사를 나누며 시험에 나섰지만 이날이 신자포 개발 전 기간을 통해 가장 가슴 아프고 안타까운 날로 기억될 줄은 누구도 생각하지 못했다.
실용시제 1호기는 오전에 최대발사속도 기술시험 32발을 포함, 총사격 424발을 완수한 후 포신을 바다로 향한 채 공역이 해제(해상과 공중으로 사격해도 가능한)되기를 기다리고 있었다. 그 모습은 마치 그 옛날 대륙을 질주하던 고구려 기마병을 연상케 했다.
오후 2시30분. 안전통제실로부터 사격을 준비하라는 연락이 왔다. 최대발사속도 시험을 하기 위해 18발의 비활성 포탄과 단위장약 3호를 자주포 내부에 실었다.
그리고 선행시제 개발 및 시험평가 때부터 팀워크를 다져온 포반장 국과연 강신천 선임연구원, 사수 삼성테크윈 정동수 대리, 부사수 국과연 조기호 기술원, 탄약수 삼성테크윈 안병철 대리가 차례로 탑승했다. 이들은 그동안 사격 때마다 장비의 이상 유무 판단과 점검을 완벽에 가깝게 수행해왔다.
오후 2시47분. 안흥종합시험장 사격통제원인 김태인 기술원의 통제에 따라 첫 발이 발사되고 9초 후 2번탄이 발사됐다. 3번탄이 덜컹하고 장전되고 이어 단위장약이 장전됐다. 그런데 발사 시간이 지나도 사격이 되지 않았다. 



느낌이란 순간적으로 와 닿는 것인지 방호벽 뒤에 대기 중이던 연구개발진에 문득 불길한 예감이 들었다. 곧바로 신자포를 향해 고개를 내미는 순간 신자포 후문에 약간의 불빛이 비쳤다.
삼성테크윈 박승근 과장이 소화기를 들고 뛰어갈 때 작은 불꽃은 점점 거세져 신자포 뒷문으로 불길이 뻗쳐올랐다. 내부 뒷문에 가까이 있던 안병철 대리가 제일 먼저 탈출해 망연히 신자포를 바라보고 있었다. 부사수 조기술원은 등에 불이 붙은 채 탈출, 땅에 몸을 굴렸다. 세 번째로 나온 강신천 선임연구원은 손등에 심한 화상을 입었다.
""불은 자주포 내에서 계속 타고 있었고, 사수석에 앉았던 정동수 대리가 잠시 후 화염을 뚫고 나왔는데, 심한 화상을 입은 상태였어요. 사람의 정신력이란 게 대단한 것이 그 상황에서도 내 목소리를 알아듣고 ‘다른 사람들은 다친 데 없느냐’고 묻고는 고통으로 신음하기 시작했습니다. 이것이 그와 제가 나눈 마지막 대화였습니다.""(삼성테크윈 박승근 과장)
환자는 비상 연락을 받고 출동한 삼성테크윈 운항사업부 헬기 편으로 삼성서울병원으로 급히 후송됐다. 강신천 선임연구원은 2도 화상, 조기호 기술원은 3도 화상을 입고 3개월 간 치료를 받았다. 그러나 연구개발진 모두의 염원에도 불구하고 정동수 대리는 약 한 달 후 34세의 나이에 부인과 어린 아들을 남겨 놓고 세상을 떠나고 말았다.
""장례식 날 정대리 무덤 앞에서 모두 서로 껴안고 울었습니다. 산을 내려오면서 서로 말은 안했지만 정대리가 함께했던 신자포 개발은 꼭 우리 손으로 성공시켜 먼저 간 정대리의 몫을 다해야 한다고 각자 다짐했을 겁니다. 그리고 마침내 우리는 이렇게 해냈습니다.""(삼성테크윈 한삼수 전 공장장)
신형자주포의 화재사고 과정은 이러했다. 포탄과 단위장약 3호가 차례로 장전됐다. 그런데 포신의 폐쇄기가 닫히지 않았는데 적치대의 포탄이 이송기로 옮겨지면서 포탄 위치가 왼쪽으로 약간 기울게 놓였다.
포반장 강신천 선임연구원이 사격중지 명령을 내리고 이송기의 포탄 상태를 확인하려고 했다.

이때 바로 직전에 발사된 2번탄 장약이 완전히 연소되지 않은 채 포신 안에 작은 불씨로 남아 3번탄으로 장전된 단위장약에 옮겨 붙어 포미 쪽으로 화염이 나왔다. 그리고 이 화염이 자주포 내부에 놓여 있던 단위장약으로 번지면서 화재가 발생한 것이다.
국방과학연구소 비상보안실 정경동 실장을 위원장으로 한 10명의 화재사고 조사위원회는 단위장약이 완전 연소되지 않고 남아 있던 작은 불씨, 추진장약 장전에 이어 폐쇄기를 닫아야 하는 안전조치 미흡이 화재 원인으로 결론 내렸다.
화재 원인이 규명되자 국과연은 안전조치에 미흡했던 사격통제 책임관에게 연구소 차원에서 징계조치했다. 또 김종규 박사를 비롯한 13명의 장비 복구팀은 3개월 내에 장비 복구 계획과 단위장약에 대해서도 불씨가 남지 않도록 개선 방안을 수립했다.
그러나 사고 여파는 사업기간 연장 검토로 이어졌다. 실용개발로 계획된 2년의 기간 중 남아 있는 1년 안에 사고와 관련한 분야를 보완하고 또 계획된 시험일정과 사업종결 처리 등의 일을 감안하면 6개월 내지 1년 정도의 사업기간 연장이 필요하다는 것이었다.

이 문제를 두고 연장해야 한다는 의견과 계획된 기간 내에 끝내야 한다는 의견이 대립하기도 했다.
바둑에서는 장고 끝에 악수가 나온다고 하지만 사업책임자 김종규 부장은 숙고에 숙고를 거듭하지 않을 수 없었다.

종합된 의견과 김박사의 결론은 군과의 전력화 약속을 지켜야 한다는 것이었다. 또 정동수 대리의 희생을 ‘개발 성공’이라는 값진 결실로 승화하는 것만이 연구진이 해야 할 과제라는 주장에 누구도 이의를 달지 않았다.
이같은 연구개발진의 의욕은 군에도 전해졌다. 실용시험평가는 군이 주도적으로 수행토록 돼 있어 시험평가 기관이 ‘운용시험을 모든 안전조건이 갖춰질 때까지 유보한다’고 결정해도 연구진으로서는 이의를 제기하기 어려운 상황이었다.
마침 시험평가를 주관한 육군교육사령부 시험평가단의 이상학(작고·육사26기·준장 예편) 단장은 ""시험평가 중 사고가 발생할 수도 있다. 안타깝지만 시험을 계속할 수 있는 방안을 수립하라""고 시험평가 주무 장교에게 지시했다.
연구진은 이에 종합군수지원요소(ILS) 시험을 받고 있던 실용시제 2호를 사격 및 야전 운용시험평가용으로 전환했다. ILS 시험은 시험순서를 조정, 시제 1호가 복구되는 시기로 3개월 늦췄다.
연구개발진은 다시 각오를 다졌다. 어렵겠지만 해야 한다. 언제는 조건이 좋은 상태였는가. 연구개발진은 무서운 저력을 발휘했다. 휴식은 생각조차 하지 않았다. 3개월 이 채 안돼 시제 1호가 복구돼 시험평가에 투입됐다. 단위장약도 개선해 사격시험용으로 적용됐다.
1998년 3월 시제 신자포 시험평가는 정상궤도에 올라 시험이 진행됐다.
안흥 종합시험장에서 사격시험, 야전에서 야전운용적합시험, 국과연 창원 기동시험장에서 기동시험과 내구도시험이 진행됐다.
1998년 5월 사업책임자 김종규 박사는 또 한번 고심해야 했다. 이번에는 지속발사속도시험을 앞두고 누구를 포반장으로 선임해야 할 것인가 하는 문제였다. 마땅한 적임자가 없었다.

그렇다고 강신천 선임연구원에게 부탁할 수도 없었다. 그는 화재사고로 손등과 몸 여러 곳에 화상을 입고 치료를 받았으며 퇴원 후에도 손등에 상처가 남아 있었다. 또 심리적으로도 매우 어려운 상태였다.
김 박사가 그렇게 고민하던 어느 날, 그는 뜻밖의 방문을 받았다. 강선임연구원이 찾아온 것이다. ""지속발사속도 등 몇 가지 남아 있는 시험에 그전처럼 자주포에 탑승해 시험을 주도하겠다며 허락해달라는 것이었지요. 가슴이 찡하고 눈물이 핑 돌았습니다.""(김종규 박사)
강신천 선임연구원이 책임감과 사명감으로 사격시험을 계속하겠노라고 자청한 데 이어 안흥 종합시험장의 조기호 기술원도 화상이 완치되자 화력시험에 다시 참여했다. 이들의 참여 속에 지속발사속도·최대사거리·분산도 등 시험이 계획대로 진행됐다.
연구진은 운용시험으로 작전운용능력의 적합성, 운용조작 편의성 및 안전성, 기존 무기체계와의 상호 운용 적합성, 야전운용·전술적 운용능력·전력화지원요소 등을 포함한 전반적인 시험평가를 실시했다. 그 기간 중 사격시험은 4100여 발이 발사됐고 1만3800㎞의 주행시험을 가졌다.
실용운용시험을 수행한 군단 포병여단장 김태영(국방부장관 역임) 장군은 시험을 마치면서 연구개발진에 일일이 악수를 청하며 ""사거리 40㎞급의 신자포는 우리 포병의 긍지를 살리는 역사적인 일이며 꼭 전력화할 수 있도록 최선을 다해 주기 바란다""며 신자포의 필요성을 강조했다.

시험부대장의 이 말 한마디는 연구개발진이 시험을 수행하면서 겪은 온갖 어려움을 잊고 연구개발 후속조치를 하는 데 충분한 힘이 됐다.
이윽고 98년 10월2일 육군은 신형 155㎜ 자주포 XK9의 운용시험평가를 합동참모본부에 보고하면서 ‘전투장비 사용가(可)’를 건의했다.

10일 후 합참은 무기체계심의회에서 기상여건으로 실시하지 못한 동계 강설기동시험을 실시한 후 결과를 보고할 것을 조건으로 ‘전투장비 사용가’를 의결했다.
연구개발진은 전투장비사용가 판정에 붙은 단서 조항을 해결해야만 했다.
1998년의 겨울은 유난히 눈이 오지 않은 해였다.

적설량이 충분해야만 실시할 수 있는 동계 강설기동시험을 야전에서 수행할 수는 없었다. 이듬해 2월까지 기다려도 눈이 충분히 오지 않았다. 하늘의 무심함을 탓하고 싶은 심정이었다.
결국 연구진은 스키장을 빌려 시험하기로 계획하고 전국의 스키장을 조사했다.
그러나 스키장은 50톤에 가까운 중량을 수용하기 곤란하다며 거절했다. 연구진은 홍천에 있는 ‘대명비발디’ 스키장을 방문, 국가적 안보에 기여한다는 차원에서 협조해달라고 요청했다.
다행히 대명비발디 측은 3월2일부터 5일간 오후 11시부터 이튿날 오전 5시까지 스키장의 야간 조명등을 켜고 시험할 수 있도록 해주었다. 스키장 관리인들은 연구진과 시험평가 장교의 요청에 따라 눈을 정리하는 등 연구진과 함께 동참해주었다.
시험은 모든 시험항목을 만족시켰다. 이로써 연구진은 연구개발과 시험평가에 필요한 모든 시험을 완료했다.
5일간의 시험을 마친 뒤 연구진은 조명등을 사용한 전기세라도 됐으면 좋겠다고 사례했지만 대명비발디 측은 ""국가안보를 위해 썼다고 생각하겠다""며 극구 사양했다.
비발디 스키장에는 그 후 국과연 소장이 국방연구개발사업의 헌신적 지원에 답하는 뜻으로 감사장을 전달했다."
https://kookbang.dema.mil.kr/newsWeb/20220607/3/ATCE_CTGR_0080100001/view.do,RnD,[K9 29회]  ROC 수정… 전투중량 2톤 증가,,"선행운용 시험평가에는 주한 미2사단의 포병대장 등 포병 관계관들이 신자포 선행시제 사격시험을 참관하고 내부를 살펴보기도 했다. 그들은 자신들이 보유하고 있는 M109A6 팰러딘 자주포보다 성능이 우수하다며 감탄했다.
시범사격 후 작전운용성능(ROC)에 대한 수정이 진행됐다. 시험평가 중 여러 부서 관계자들이 수정해야 할 내용을 파악하고 있었기 때문에 모든 것이 순조로웠다.
전투중량은 엔진 교체와 방호력 증대에 따라 2톤을 증가하고 사격지휘가 가능한 데이터 통신장치를 적용토록 했으며, 발전적인 방향에서 부적절한 사항을 삭제하는 것 등이 수정 내용이었다.
이렇게 ROC 수정을 검토하다 보면 일부에서 개발이 어려우니까 요구성능을 완화하려는 것이 아닌가 하는 의혹도 생기게 마련이다. 전투중량 증가 부분이 실제 그러했다. 이 부분은 당시 육군본부 무기체계과장인 양치규(梁致奎·육사29기·방위사업청장 역임)대령에 의해 명쾌하게 해소됐다.
양 대령은 ""수정 내용을 면밀히 검토한 결과 완벽한 성능 발휘를 위해서는 전투중량 증가가 불가피하고 전투중량이 증가해도 한국적 작전환경에 충분히 적응할 수 있다고 판단되며 세계 정상급 자주포로 조금도 손색이 없다""고 주장했다. 양대령의 주장은 ROC 수정에 관여한 관계관들의 동의를 얻는 데 충분히 설득력이 있었다.
ROC 수정이 결정되자 국방과학연구소는 선행시험평가에서 도출된 보완 사항과 함께 야전운용 적합성에 중점을 둔 실용체계 개발계획서를 작성, 국방부에 제출했다. 선행개발에서 기술적으로 입증된 성능을 야전에서 지속적으로 발휘할 수 있도록 내구도 시험을 강화해 튼튼하고 신뢰성이 좋도록 개발해야 한다는 데 중점을 둔 것이다.
이때 연구진은 알게 모르게 심각한 고민에 싸여 있었다. 사업책임자 김종규 부장은 속이 시커멓게 타들어갈 정도였다. 고민은 다름아닌 실용시제 개발·시험평가·규격화 및 양산 준비를 2년 내에 완료해야 한다는 것이었다.
연구진이 선행개발시험을 진행하면서 설계 변경, 개선해야 할 모든 기술적 문제점을 수 차례 토의하고 분야별 세부 설계작업에 미리 착수한 것도 하루라도 앞당기기 위함이었다.
1996년 11월13일. 연구진은 실용개발을 위한 상세 설계 검토회의를 가졌다. 이때 당시 배문한(裵文漢·육사20기·육군수도군단장 역임) 연구소장이 예고 없이 회의에 참석했다. 배소장은 ""어떤 어려움이 있더라도 2년 내에 개발이 끝날 수 있도록 최선을 다해 줄 것""을 당부했다.
""제 기억으로는 국과연 소장이 설계회의에 직접 참석해 문제점을 파악하고 연구원들을 격려한 예가 없었습니다. 이것은 신자포에 대한 안팎의 관심이 지대했다는 것을 말해줍니다. 연구개발진 또한 시험평가 기간 내내 군이 신자포를 간절히 원하고 있다는 것을 피부로 느끼고 있었고…. 기술 분석 검토와 회의를 통해 중지를 모으고 노력한 결과 2년이라는 최단기간에 실용 개발해내겠다는 출사표를 낼 수 있었습니다.""(김종규 사업책임자)
신형자주포 실용개발이 진행 중이던 1997년 6월18일 김영삼 대통령이 김동진 국방부장관을 비롯한 과학기술처장관·합참의장 등과 함께 국방과학연구소를 방문, 연구소 업무보고를 받은 뒤 신형자주포를 관람했다.
김영삼 대통령은 자주국방을 위한 연구개발에 전념하고 있는 연구원들의 노고를 격려하고 ""한 나라의 방위력은 국가의 총체적 능력에 따라 좌우되며, 세계 각국은 첨단 정보체계 및 최신무기 개발에 총력을 기울이고 있는 만큼 우리도 스스로 독자적인 핵심 무기체계를 개발할 수 있는 능력을 갖춰야 한다""며 ""따라서 국방과학연구소는 이런 중차대한 국가적 사명을 깊이 인식, 연구개발에 가일층 노력해 줄 것""을 당부했다.
실용 시제품은 연구개발진이 총력을 기울인 끝에 사업 승인 후 8개월 만인 1997년 7월 말 완성됐다.
계획대로 신자포 2문과 내구도 시험차량 1대가 8월부터 시험평가에 들어갔다. 8~9월은 삼성테크윈 창원공장에서 포신구동·탄약장전·사격통제기능 등에 관한 일반적인 성능시험을 거쳤다.
10월 들어 실용시제 1, 2호는 화력성능 시험을 하기 위해 안흥종합시험장으로, 내구도 시험 차량은 창원기동시험장으로 이동해 본격적인 시험평가에 들어갔다.
1997년 12월5일 오후 2시 안흥종합시험장 신자포 전용사격시험장. 날씨는 비교적 따뜻한 편이었다. 모두가 미소 띤 얼굴로 인사를 나누며 시험에 임했지만 이날이 신자포 개발 전 기간을 통해 가장 가슴 아프고 안타까운 날로 기억될 줄은 누구도 생각하지 못했다."
https://kookbang.dema.mil.kr/newsWeb/20220602/2/ATCE_CTGR_0080100001/view.do,RnD,[K9 27회]  주장비·ILS 요소 동시 개발,,"종합군수지원(ILS: Integrated Logistics Support)은 전력화 지원 요소 가운데 일부로 장비 가치를 경제적·효율적으로 계속 유지(정비·보급·운용)하기 위해 개발하는 중요한 분야다. 그래서 종합군수지원 요소는 주장비와 동시에 개발해 야전 배치 때 함께 제공되고 운용 기간 중 야전운용 자료를 수집·분석, 최신화해야 한다.
신형자주포의 ILS는 탐색개발단계에서 ILS 계획서를 작성한 후 선행개발단계에서 국방과학연구소의 강양구 팀장을 중심으로 목상균(군수지원 분석), 김석재·오세준·채재욱 선임연구원(이상 11개 요소 개발)과 삼성테크윈 김종득 부장의 ILS팀이 공동 개발했다.
국과연 개발팀은 국내에 ILS 개념을 처음 도입한 K1 전차사업을 수행한 연구원들이었으나 삼성테크윈은 신자포 사업을 위해 신입사원을 선발했다.

국과연 개발팀은 먼저 K1 전차사업을 통해 습득한 지식과 경험을 삼성테크윈의 젊은 신입사원들에게 교육하면서 ILS 개발업무 절차를 수립해 나갔다.
그러나 당시 K1 전차사업을 통해 개발 경험을 쌓았다고는 하지만 K1 전차의 ILS 개발은 야전에 배치된 후 수행됐다. 따라서 주 장비 연구개발과 동시에 ILS를 개발하는 것은 신자포가 최초가 되는 셈이다.
""처음 하는 일에 대한 두려움에 앞서 개척정신과 도전의식으로 투지를 모았지요. 그런데 개발절차 수립이라는 첫발을 내딛는 자체가 쉽지 않았어요. 개발절차가 국과연 내에서도 사업별로 통일되지 않아 다소 혼란스러웠던거죠. 외국의 연구개발 사례와 국내 여건을 고려해 개발절차를 수립했습니다.""(김석재 선임연구원)
연구진은 먼저 신자포 설계단계부터 ILS 요소가 반영되도록 챙겨나갔다. 무기체계 설계자는 성능을 충족시켜야 한다는 관점에서 우선 설계하므로 ILS 개발자는 설계된 장비가 야전에서 쉽게 정비할 수 있는지, 보급 측면의 요소는 제대로 고려돼 있는지, 사용자가 용이하고 안전하게 운용할 수 있는지 등을 검토해 설계에 반영토록 한 것이다.
선행개발을 시작한 지 얼마 지나지 않아 군은 개발팀에게 우리나라의 정비 및 보급교범은 그 순서가 사업마다 제각기 다르다며 신자포 사업에서 원칙과 표준을 수립해달라고 요구해왔다.
개발팀은 외국의 교범을 면밀히 검토한 후 기능그룹부호(Functional Group Codes)를 적용, 이 순서에 의해 정비·보급교범 목차를 구성해 나갔다.
군수지원 분석은 ILS 관리에 적용되는 분석기법으로서 운용·유지비용의 최소화, 전투준비태세 향상 등 ILS 고유의 목적을 달성하기 위한 객관적인 분석 도구라고 할 수 있다.
여기에 쓰이는 소프트웨어로는 LOADERS가 대표적이다. 지금은 꽤 유명해진 군수지원 분석용 소프트웨어지만 신자포 사업에 적용하기까지는 개발팀의 많은 고민이 뒤따랐다.
""신자포 ILS 개발은 군수지원 분석을 기초로 개발됩니다. 그런데 군수지원 분석용 소프트웨어를 K-1 전차사업을 통해 검증된 LSA-ADP 시스템으로 할 것인지, 미래를 고려해 개발 중인 LOADERS를 적용해야 할지 많은 고민을 했습니다.""(목상균 선임연구원)
개발팀은 LOADERS를 선택했다. 개발 중인 LOADERS를 삼성테크윈에 설치하고 LOADERS를 개발한 연구원들과 함께 LOADERS의 입·출력 기능, 규격과의 차이점 분석 등을 점검하고 나타난 문제점을 보완하며 군수지원 분석을 수행했다.
신자포의 고장난 부분을 탐지하고 정비 후 성능검사를 수행하는 시험장비는 오세준 선임연구원이 삼성테크윈과 함께 개발했다.
""시험장비를 개발하기 위해서는 시험 대상이 되는 신자포가 있어야 하지 않습니까. 그런데 신자포도 개발 중이었으니까 연구진은 낮에는 시험장비를 개발하면서 밤에는 신자포가 개발 진행된 만큼까지만 점검해야 했습니다. 밤낮을 따로 구분할 수 없었지요.""(삼성테크윈 김종기 대리)
시험장비도 제대로 작동하는지 알기 위해 역시 시험을 해야 한다. 멀쩡한 신자포에 인위적인 고장을 만들어 놓고 시험장비로 그 고장을 탐지해야 했다. 그러다 보니 정비에 별도의 시간이 소요돼 일정에 차질을 빚었다.
체계팀은 신자포를 점검할 시간을 할애할 수가 없었다. 결국 ILS 개발팀은 모의 고장삽입 장비를 별도로 제작, 이 장비를 통해 고장을 탐지해가며 시험장비를 개발했다.
현재 배치된 K9의 시험장비는 부대·야전 정비 때 쓰이는 것이 각각 다르다. 부대정비 때의 경우 K9의 내부 전자장비는 자체진단(built-in test)기능에 따라 자주포 자체에서 고장 부위를 진단하지만 전기장치는 별도의 시험장비로 점검한다.
또 야전정비에서는 고장난 구성품에서 고장 원인이 되는 하부 구성품(회로카드조립체 등)을 탐지하고 성능을 검사하는 전기·전자장비를 통합한 시험장비로 점검한다.

무기체계의 기술교범 역시 장비 전력화와 함께 제작, 야전부대에 배부돼야 한다.
기술교범은 그동안 수십 권의 책으로 제작돼 왔다. 그러나 K9 자주포의 기술교범은 책자로 된 교범 외에 전자식 기술교범이 있다는 사실에 주목해야 한다.
전자식 기술교범은 오세준 선임연구원이 시험장비를 개발하면서 처음 구상했다. 고장이 탐지되면 정비교범과 보급교범을 자연스럽게 연결, 정비를 쉽게 할 수 있도록 시험장비 컴퓨터에 기술교범을 넣어 보겠다는 생각을 한 것이다.
""대용량의 노트북 컴퓨터가 없다는 것이 문제였어요. 하지만 의지가 있으면 방법도 있다고, 우연히 기차 안에서 누군가 읽고 버린 신문을 뒤적이다가 ‘586급 군용 노트북 개발’이라는 큰 제목이 눈에 번쩍 띄었습니다. 대전에 도착하자마자 제작회사인 서울 스탠다드(주)에 연락, 1대를 대여받았습니다.""(오세준 선임연구원)
기술교범을 개발하기 위해 연구진은 관련 업체와 함께 먼저 기술교범 데이터베이스를 구축하는 등 혼신의 노력을 기울여 전자식 기술교범을 국내 최초로 개발했다. 이를 계기로 전자식 기술교범의 표준 소프트웨어 개발이 이어졌고 지난 1월 K1A1전차의 전자식 기술교범도 선보일 수 있었다.
신자포의 ILS에 대한 시험평가는 개발 중에 이미 시작됐다. 개발이 완료된 후에 개선할 경우 원점에서 다시 시작해야 하는 손실을 막기 위해 계획단계부터 군과 긴밀히 협조해 진행했다.
이에 따라 개발 중에 갖는 검토회의(in process review)도 보통 개발업체 공장에서 수행하던 것을 육군의 요구로 야전정비 실무부대에서 실제 정비요원·관계자들이 참여한 가운데 다섯 차례 실시하기도 했다.

운용시험 평가인 확증활동도 군 정비부대가 선정한 요원들이 평가요원들의 참관 속에 직접 작업을 수행하면서 수정 보완 사항들을 모두 처리했다.
""신자포는 무기체계 개발과 동시에 군수지원 요소를 개발한 최초의 연구개발 장비로 체계적인 업무절차를 적용했고, 군 요구사항을 최대 반영한 장비로 타 무기체계의 ILS 개발에 모범이 된다고 자부합니다.""(강양구 책임연구원)"
https://kookbang.dema.mil.kr/newsWeb/20220602/1/ATCE_CTGR_0080100001/view.do,RnD,[K9 28회]  신자포  공개시범사격....급속사격은 못했지만···,,"""전방 추위는 상상을 초월했습니다. 오리털 파카에 내복·양말 두 겹에 등산화로 완전무장했지만 탄착 관측을 위해 OP에 올라가는 날은 완전히 동태가 되는 줄 알았습니다. 지금 추위와 싸우고 있는 전방 고지의 장병들이 새삼 떠오릅니다.""(남석현 선임연구원)
연구개발도 일종의 치열한 전투다. 땡볕을 피할 그늘도 없는 사격장에서, 영하 20도가 넘는 전방 고지에서 개발장비의 운용성과 개선점들을 찾는 모습은 실전, 바로 그것이다. 그곳에 안락한 연구 조건이 있을 리 없지만 더 좋은 장비를 개발하려는 연구진은 그같은 악조건을 마다하지 않았다.
신형자주포가 극한적 환경에서 정상적으로 운용 가능한지 시험하기 위해 선행개발 기간 중 전용시험설비를 건설했다.
신자포를 시험 설비에 넣고 16곳에 온도계와 난방 장치를 설치해 영상 50도까지 높였다. 39시간이나 걸렸다. 신자포 전체가 이 온도로 올라가도록 29시간 동안 유지시켰다. 이어 시동을 걸어 시험 설비 밖으로 나간 뒤 5발의 사격을 실시했다.
이번에는 질소가스가 팽창하며 기화열로 주위 온도를 내리는 원리를 적용해 온도를 영하 32도까지 내렸다. 35시간이 걸렸고 22시간을 유지시켰다.

승무원들은 질소가스로 인한 호흡 장애를 극복하기 위해 산소호흡기를 쓴 후 자주포를 몰고 나와 5발을 사격했다. 성에가 하얗게 자주포 전체에 엉켜 붙었지만 사격은 정상적으로 이루어졌다.
신자포는 사격통제장치, 포·포탑구동장치, 위치확인장치, 무전기 등과 같은 다양한 전자장치가 서로 연결되어 작동된다. 전자장치가 작동할 때는 전자파가 방출되어 다른 전자장비에 오작동을 유발할 수 있다. 설계부터 전자파가 발생하지 않도록 해야 하고 반대로 외부에서 전자파가 들어오더라도 오작동하지 않아야 한다.
자주포체계팀 임종광 박사, 전자파 전문실의 이응주·김응조 박사와 간종만·권준혁 선임연구원, 전자파시험장의 조재수·김승수 기술원으로 구성된 전자파 대책연구팀은 창원에 위치한 전자파 시험장에서 체계전자파와 관련한 기술 및 운용시험을 통합, 실시했다.
신자포에서 발생하는 전자파 방사량 측정 결과 합격이고, 자주포 내부 전자장비 간 상호 간섭현상 시험 결과도 양호했다. 외부에서 자주포를 향해 전자파를 쏜 후 정상작동 여부를 확인하는 시험 역시 합격이었다.
""전자파 실험실이 생기고 설계에서부터 구성품들, 체계조립, 그리고 시험에 이르기까지 체계적으로 전자파 대책이 수립되도록 개발된 장비는 신자포가 처음이었습니다.""(이응주 팀장)
창원의 기동시험장에서는 환경 적응시험으로 2시간 동안 240㎜에 달하는 강우량에 노출시킨 후 정상 작동 여부를 확인한 것을 비롯해 기동성능으로 60% 경사로 등판, 장애물 극복 능력(도섭 및 수직장애물·참호 통과), 항속거리, 주행속도, 조향능력·제동성능 등이 시험되었으며 또한 내구도 주행시험이 실시됐다.
야전에서의 운용시험은 국방과학연구소와 업체 지원을 받아 군이 주도적으로 시험했다. 화포방렬, 사격통제, 자주포 조종수를 비롯한 승무원별 조작 편의성 등을 평가했다. 기존 무기체계와의 상호 운용 적합성은 전술적 사격·직접조준사격·영거리사격·정밀기록사격 등으로 확인했다.
전력화 때 필요한 교리 발전·포반원의 편성·교육훈련분야도 점검됐다.

연구진은 이같은 시험평가 기간 중 겪은 고충을 해소하기 위해 전혀 의도하지 않은 장비도 개발했다. 많은 연구개발진이 경험했듯 사격 후 수입봉으로 8ｍ나 되는 포신을 청소하는 것이 쉬운 일이 아니어서 훗날 자동 포구 청소기를 개발하는 동기가 되기도 했던 것이다.
또 좀 더 완벽한 자주포로 개발하기 위해 개선 요구 사항을 많이 도출해야 했다. 장비를 운용하는 병사들과 많은 대화를 가진 이유도 여기에 있다.
체계종합팀장 김동수 박사는 개선 요구 사항을 제안하는 병사에게 1건당 통닭 한 마리의 상품을 걸기도 했다.
처음에 병사들은 이런 연구진의 제안에 의아해했지만 적극 참여했다. 그 결과 직접사격 및 영거리 사격용 사거리 카드 부착과 같은 연구진이 미처 생각하지 못한 것이 반영될 수 있었다.
8개월에 걸친 선행시험평가 결과 54개 항목 중 기준 충족이 36개였고 기준 미충족과 일부 미흡은 7개·11개 항목으로 나타났다. 이중 작전운용성능(ROC) 보완 및 수정은 5개 항목으로 전체적인 면에서 볼 때 만족스러운 수준이었다.
선행시험평가를 끝내고 실용체계개발계획을 세우면서 국과연은 시범사격 계획안을 수립했다. 온갖 가혹한 시험을 거친 선행시제품으로 공개 시범사격을 한다는 것이 무리일 수도 있다는 반대 의견이 적지 않았다. 그러나 선행시험평가 후 작전요구 성능을 대부분 충족시킨 상태, 이제는 개발 성공 확률이 높아 공개하는 것이 좋겠다는 의견이 우세했고 그것은 곧 연구진의 자신감이었다.
1996년 6월11일 안흥종합시험장. 오후 들어 해무가 다소 가시기는 했으나 시계가 썩 좋은 편은 아니었다. 이양호 국방부장관과 김동진 합참의장·윤용남 육군참모총장을 비롯한 군 고위 장성과 언론사 기자 및 방산업체 관계자들이 자리를 함께한 가운데 공개 시범사격이 실시됐다.
사업추진 현황 보고에 이어 시범사격이 진행됐다. 정지 상태에서 30초 이내에, 기동시 60초 이내에 각각 초탄이 발사됐다. 우레와 같은 박수가 터져 나왔다. 최대사거리 40㎞ 시범이 이어지고 다시 1분 이내에 6발의 사격이 끝나자 박수 소리는 더 길게 이어졌다.
마지막으로 15초 이내에 3발을 발사하는 급속사격이 준비되었다.

그런데 이게 어찌된 일인가. 카운트다운이 끝나도 발사되지 않는 것이다. 만약의 사태에 대비, 대기시킨 시제2호가 사격 위치에 등장했다. 다시 카운트다운이 시작되었다. 연구진의 심장은 쿵쾅거리는데, 웬일인지 또 발사되지 않았다.
""장비 고장으로 시범사격을 종료하겠습니다. 죄송합니다""라는 통제실의 방송이 나왔다.

연구진은 리허설 때는 이상 없이 작동하던 자주포가 하필 결정적 순간에, 그것도 2대가 동시에 고장났을까 하며 원망과 당혹감으로 몸둘 바를 몰라 했다.
서둘러 원인을 분석해보니 일부 부품의 단순한 접촉 불량이었다. 무기는 고장 없이 신뢰성 있게 항상 작동해야 한다는 점과 충격 누적이 주는 영향에 대한 고려 등이 중요하다는 사실을 새삼 깨닫는 계기치고는 다소 값이 비쌌다.
후덕한 성품의 이양호 장관은 다과회장에서 ""선행개발품을 가지고 이 정도의 우수한 성능과 화력시범을 보인 연구개발진의 노력을 치하한다""며 격려의 말을 아끼지 않으며 머쓱해 하는 연구개발진에 새로운 용기를 불어넣어 주었다.
이날 시범사격을 지켜본 국내 언론매체도 따뜻한 시선을 보내주었다. 신자포의 개발 내용과 성능상의 우수성을 크게 보도하고 또 서울에서 발행되는 영자 신문에도 비중 있게 다뤄짐으로써 국내외의 관련자는 물론 해외 전문가들, 특히 수출 예상국가들의 관심을 끌기 시작했다."
https://kookbang.dema.mil.kr/newsWeb/20220523/2/ATCE_CTGR_0080100001/view.do,RnD,[K9 26회]  선행 시제품 첫 시험평가 성공,,"‘구슬이 서 말이라도 꿰어야 보배다’. 이 속담은 무기체계 개발에 있어 체계종합을 하는 체계팀의 역할을 잘 표현한 말이다. 체계종합은 바로 그 구슬을 꿰는 작업이자 또 하나의 핵심기술이다.
체계종합은 김동수 박사를 중심으로 신민재 박사(체계분석)·이진영 책임연구원(체계결합)·송기천 선임연구원(형상관리) 등 12명이 수행했다.

하드웨어 측면에서 보면 무장·포탑·사격통제장치 등 무기체계의 주요 구성품들을 연구개발하는 각 전문팀은 체계(종합)팀의 요구사양에 따라 구성품, 즉 ‘구슬’을 만든다. 체계팀은 전문팀에서 만들어 온 구성품을 꿰어 완성체계, 즉 ‘보배’로 만드는 것이다.
구슬을 꿰는 작업과정을 살펴보면 설계 단계에서는 구성품 간 인터페이스 조정·통제, 시제 제작단계에서는 체계조립 절차서를 작성해 구성품 간 인터페이스 시험·가(假)조립 연동시험·체계조립·실내기술시험 및 최종 수락시험을 통해 체계종합이 완성된다.
""체계조립과정에서 가장 신경을 쓴 부분은 정렬(alignment)이었습니다. 자주포의 포신 방향과 자주포의 위치 및 포의 자세를 감지하는 위치 확인 장치의 기준 방향을 기하학적으로 일치시키는 것인데 수포와 추선(錘線)을 이용, 정밀하게 작업하는 점이 중요했습니다.""(이진영 책임연구원)
삼성테크윈(현 한화디펜스) 창원공장에서 수행됐다. 낮에는 기계가 돌아가는 진동 등으로 인해 수포와 추선이 미세하게 흔들려 공장가동이 모두 끝난 심야에 작업을 해야 했다. 작업 위치 또한 0.1밀(mil)이라는 정확도를 갖는 정밀 측량 장비로 측정했다. 이곳에서 정렬한 후 그 오차를 확인·보정하는 과정을 거친다.
체계조립이 끝나면 크기·중량·무게 중심점 등 자주포의 일반 제원을 측정하고 사격 및 기동기능 등과 관련된 성능을 점검한다. 선행 시제품은 이같은 과정을 거쳐 시험평가를 받을 준비를 갖췄다.
1995년 9월5일 오후. 안흥종합시험장은 그 어느 때와 비교할 수 없을 만큼 긴장감이 휘돌았다. 선행 시제품으로 완성된 신형자주포가 처음으로 시험평가를 받는 날이었던 것이다.

신자포는 웅장하면서 당당한 모습으로 다섯 번째 사격을 기다리고 있었다.
100ｍ 가량 떨어진 방호벽 뒤에서는 국방과학연구소·관련 방산업체 연구·기술진 수백 명이 삼삼오오 이야기를 주고받더니 어느 틈에 숨죽인 채 신자포만 응시할 뿐이었다.
이윽고 짧지 않은 거리임에도 연구·기술진의 귀에 다섯 번째 포탄이 덜컹하고 장전되는 소리와 폐쇄기가 철컥하고 닫히는 소리가 들려왔다.
""안전실, 제2사격장 5번탄 사격준비 끝""이라는 사격통제 담당 김태인 기술원(안흥 종합시험장 사격통제원)의 보고에 이어 해상의 탄착지역을 확인한 안전실로부터의 ""제2사격장, 사격하세요""라는 지시가 스피커를 통해 들려왔다.
""제2사격장 5번탄 사격 10초 전, 열! 아홉!…"" 카운트다운이 시작됐다.
모두의 심장 박동이 점점 빨라졌다. 이 순간이 이날 시험의 하이라이트. 마지막 사격이기 때문이 아니다. 다섯 번째 사격에 적용된 포탄 장약이 보통 사격 때 쓰이는 최고장약보다 15% 약실압력이 크게 발생하도록 만든 장약이라는 사실을 잘 알고 있었다. 장비에 손상을 줄 위험이 가장 높았던 것이다.
""물론 설계과정에서 안전을 충분히 고려하기는 했지만 그래도 혹시 부족한 부분은 없는가 하는 염려가 없을 수 없습니다. 마치 수험생이 1차, 2차 시험에 합격하고 마지막 면접시험에서 순번을 기다리는 그 심정, 아니 그보다 더했어요. 이번만 통과하면 되는데 하는 간절함이 온 몸에 꽉 차 있었습니다.""(신민재 박사)
시험사격을 지휘하는 김현배 자주포체계관리팀장은 신경이 곤두서 머리카락이 쭈뼛 선 듯한 느낌마저 들었다. ""그 사격 장비에 손상이 없어야 본격적인 시험평가에 안심하고 들어갈 수 있고, 만약 장비에 손상이 발생하면 다시 개발해야 하는 상황을 맞게 됩니다. 사업 전체의 분수령이 될 수 있는 중요한 순간이었지요. 지금이야 웃으면서 말할 수 있지만 그때 연구진에는 큰 압박감과 함께 두려움·초조함, 그리고 긴장감이 팽배하지 않을 수 없었습니다.""
""…둘! 하나! 발사!"" 연구·기술진은 폭음에 순간적으로 눈을 깜박였다. 신자포 주위에는 포연과 함께 흙먼지가 자욱했다. 그리고 이내 사격 전 그 늠름한 모습 그대로의 신자포가 눈에 들어왔다. 안도의 숨을 길게 내쉬며 굳은 악수로 서로의 어깨를 두드려주었다.
이로써 선행개발 시제품에 대한 시험평가가 계속될 수 있었다.
선행시험 평가는 개발장비의 기술적 도달 수준과 사용 군(軍)이 제시한 작전요구능력(ROC) 충족여부를 확인, 전투용 장비로 계속 개발할 것인지를 판단하기 위해 평가하는 과정이다.
자주포가 갖춰야 할 기본적인 일반성능·화력성능·기동성능과 승무원의 임무 수행이 가능한지를 확인하는 인체공학적합성, 자주포가 극한적인 환경에서도 운용이 가능한지를 확인하는 환경시험, 내구 및 신뢰성 시험 등을 시험계획서에 의해 검증하게 된다. 여기서 기술적 측면의 평가인 기술시험은 국방과학연구소가, ROC 충족 여부 및 전술적 운용 측면의 평가인 운용시험은 사용 군이 각각 주관한다.
사업책임자 김종규 박사(1995년 3월 김호권 박사에 이어 보임됐다), 육군 교육사령부의 시험평가단 송인성 대령을 비롯해 육군·국방과학연구소·국방품질관리소·방산업체 요원들로 편성된 시험평가단은 1996년 4월까지 국방과학연구소의 안흥종합시험장과 창원 기동시험장·전방 포병부대 등을 수없이 오가며 시험평가를 진행했다.
시험평가 기간 단축과 효율성을 위해 많은 항목을 동시 또는 통합해 실시하기도 했다.
이 기간 중 어려운 부분은 장약이 자연발화하는 온도까지 분당 2발씩 지속사격을 하는 것이었다.

포탄은 뇌관을 연소시켜 발사된다. 그러나 지속사격을 하다 보면 발사 때마다 포신에 전달되는 열이 계속 증가하기 때문에 어느 온도에 이르면 장약이 뇌관에 의하지 않고도 발사될 수 있다.
이때 사거리에 변화가 생겨 대단히 위험한 상황을 초래할 수 있다. 때문에 장약의 자연발화가 일어날 수 있는 온도까지의 지속발사속도시험은 대단히 중요한 것이었다.

1차, 2차 지속사격시험은 시험 중 무장에 고장이 발생해 중단됐다. 1996년 4월10일 실시한 3차는 장비를 철저히 점검, 성공적으로 실시했다.
사격을 끝낸 포반장 강신천 선임연구원, 부사수 박준성 연구원, 사수 이응남 기술원, 탄약수 삼성테크윈 안병철 주임 등은 안전을 위해 입었던 방탄복을 벗었다. 옷이 흥건하게 젖은 그들의 모습에 모든 사람은 일제히 환호를 보냈다.
""안흥종합시험장에서 화포사격을 담당하면서 수만 발을 쏘았을 것""이라는 이응남 기술원은 ""이렇게 센 장약(6호)으로 1시간도 안돼 78발까지 사격해보기는 처음""이라며 고개를 흔들기도 했다.

그런데 이날 체계팀의 연구원들이 남달리 걱정한 것이 있었다.
""장비도 철저히 점검했고 고속경비정들도 탄착 수역에 배치해 어선들의 접근을 통제했는데, 혹시나 하고 조마조마했습니다. 왜냐하면 장비에 고장이 발생하거나 탄착 수역으로 어선이 들어오면 즉각 시험을 중지해야 하고, 일정도 다음으로 미뤄야 했으니까요.""
■ 미니해설
왜 K9을 신형자주포라 불렀나
155㎜ 자주곡사포 K9을 부를 때 차기세대 자주포라 하지 않고 신형자주포라고 호칭한다.
차기세대 자주포라면 기존의 자주포와 비교해 세계적으로 기술적·운용적인 면에서 획기적인 변화가 있어야 한다.
즉 탄 추진 방식이 다른 액체추진포·전자열포를 장착, 개발했다면 차기세대 자주포라 할 수 있다.

그러나 액체추진포·전자열포 등은 세계적으로 아직 체계로 개발, 전력화할 수 있는 수준에 이르지 못하고 있다.
K9은 육군의 신규 전력 소요 제기에 따라 기존에 축적된 기술을 바탕으로 독자 모델을 개발한 것으로 사거리 증대 및 자동화를 달성했으므로 신형자주포라고 지칭했다. 이는 ‘개량’과는 또 다르다. 기존 자주포의 일부만 변경해 성능을 향상시킬 경우 이를 개량이라고 한다."
https://kookbang.dema.mil.kr/newsWeb/20220524/2/ATCE_CTGR_0080100002/view.do,RnD,"[천마 8회]  삼성전자, 탐지추적분야에 '120억 원' 과감한 투자",,"""천마가 크로탈(Crotale)-NG 의 한국형이라고요?"" 일부 마니아층에서 천마를 프랑스의 크로탈-NG의 한국형으로 보는 것은 개발과정에서 크로탈-NG를 개발한 톰슨-CSF사(현재 탈레스)가 참여했기 때문이다. 외관의 유사성에 비추어 그들 기술이 대부분 적용됐을 것이라고 추측하는 것이다.
그러나 기술도입이 일부 분야에 있다 해서 전체 체계를 ‘모방’으로 보는 것은 옳지 않다. 천마가 크로탈-NG보다 나으면 나았지 못할 것 없다는 것이 연구개발진의 자부심이다.
천마 개발에는 국과연의 연구진 외에 과학기술원을 비롯한 국내외 11개 연구 및 학교기관이 참여해 56건의 연구과제를 위탁 수행했고, 전체 29개 품목에 대해 13개 업체가 선정돼 품목별 세부설계와 제작업무를 담당했다. 해외 참여업체로는 프랑스의 톰슨-CSF가 대표적이다.
천마의 눈 역할을 하는 탐지·추적장치 분야는 표적의 거리·방위·형태·속도 등을 전달하는 탐지레이더, 표적 및 유도탄의 추적기능 및 유도기능을 맡는 추적레이더, 레이더 통제콘솔 등으로 구성돼 있다.
이 분야는 국내 기술기반이 전반적으로 취약해 해외로부터의 기술도입이 불가피했다. 톰슨-CSF가 이 분야의 국내 개발을 담당한 삼성전자(현 삼성탈레스)와 함께 천마 개발에 참여한 계기가 여기에 있다.
""10년을 준비해 30년을 쓸 중요한 무기체계를 개발하는 겁니다. 특히 천마의 눈 역할을 할 탐지·추적장치 분야는 작전요구성능(ROC)에 적당히 부합하는 기술이 아니라 최첨단의 기술이 중요했기에 신중에 신중을 기해야 했고, 또 업체간 경쟁을 유도해 가격 인하 효과와 기술이전의 극대화를 꾀해야만 했습니다.""(박양배 박사)
연구진은 1987년 초 탐지·추적장치와 관련해 도입 제안요구서(RFP)를 8개국 16개사에 발송, 1987년 말 5개 업체로부터 제안서를 접수했다. 기술검토와 실사 끝에 톰슨-CSF와 스웨덴의 에릭슨사 등 2개 업체를 1차로 선정했다. 한 해 동안의 위탁연구 결과를 바탕으로 체계개발에 많은 기술력을 보유한 톰슨-CSF의 기종을 선정했다.
이 과정에서 그들은 기술료를 내리고 이 분야의 70%라는 파격적인 기술이전 조건을 제시했다. 여기에는 국과연이 제3국을 통해 독자적으로 탐지기술을 확보할 가능성이 높다는 외국 전문지의 보도도 한몫 했다.
""무기체계 시장에는 이른바 ‘스텝 인(step-in)전법’이란 것이 있습니다. 일단 조건을 좋게 제시해 사업권을 따내면서 ‘발을 들여놓게’ 한 후 양산시기 등 ‘발을 뺄 수 없는’ 결정적인 때에 가격을 엄청나게 올려 부르는 예를 두고 하는 말입니다. 계약을 앞두고 경계하지 않을 수 없었습니다."" (백홍열 박사)
천마개발사업단장 박양배 박사와 백홍열 박사는 계약조건을 유리하게 이끌어 내기 위해 노심초사했다. 훗날 가격인상 요인이 있다면 그것은 ‘물가상승률’ 만큼뿐이었다. 톰슨-CSF가 국영기업체라는 사실에 주목해 기술료 인상 때에는 양국 정부가 개입, 조정토록 하고 수출도 반대하지 못하도록 하는 조항을 넣는 등 최대한 유리한 입장에서 양해각서를 체결(1989년)했다. 특히 서브 체계간 기술 연동이 불가피한 점을 이용, 관련 기술개발에 절로 도움이 되게끔 한 것은 이 계약의 백미(白眉)로 꼽힌다.
""톰슨-CSF가 그렇게 적극적으로 나선 데에는 어쩌면 우리 국과연이 천마 개발에 독자적으로 성공하지 못할 것이라는 계산이 있었을 겁니다. 훗날 체계를 본격 개발하면서 알게 된 것이지만 크로탈-NG는 추적·탐지분야에서 첨단을 이뤘던 반면 미사일 분야에서는 완벽하지 못했고 이를 해결하는 데 2년이 걸렸다고 합니다. 그들은 이를 극비에 부치고 있었고 우리도 같은 경우를 경험하지 않겠느냐, 그렇다면 개발 성공을 위해 그들과 또 다른 기술도입 계약을 맺어야 하지 않겠느냐, 이런 생각을 가졌겠지요."" (정덕조 책임연구원)
체계 개발이 본궤도에 오르면서 톰슨-CSF는 국과연 연구진의 탁월한 기술력과 그 저력에 감탄해야 했다. 그들이 옆에서 지켜본 어떤 분야의 상황은 기술적 완성이 불가능해 보였지만 어느 틈에 그들이 상상할 수 없었던 방법을 개발, 적용시키고 있었던 것이다.
한편 톰슨-CSF의 기술적 파트너인 당시 삼성전자는 탐지·추적레이더 분야의 기술도입에 따른 국산화를 위해 120억 원이라는 거액을 과감히 투입하고 국과연은 체계 연성동 확인과 시험평가·규격화 등에 최대한 지원했다.
그 결과 국산화에 성공, 지난해(2001년) 11월8일 삼성탈레스의 이름으로 양산 1호기를 선보였다. 국산화율 64%로서 독자적인 설계 및 생산능력을 갖췄다는 평가를 받고 있다."
https://kookbang.dema.mil.kr/newsWeb/20220524/3/ATCE_CTGR_0080100002/view.do,RnD,[천마 7회]  천마는 신화 속 戰馬의 상징,,"천마는 우리의 신화 속에 날개를 단 백마로서 하늘과 인간을 이어주는 존재로 나타난다. 타는 이가 장수면 용마가 되고, 신선이나 고매한 인품을 지닌 사람이면 날개 없는 백마가 된다. 천마가 나타나면 사람들은 외경스러움을 느낀다.
서양에도 페가수스(Pegasus)라는 천마가 있다. 그리스신화에 나오는 페가수스는 제우스가 뇌전(雷電)을 쓸 때 우레와 번개를 나르는 말로, 역시 전마(戰馬)의 상징이다.
이렇듯 신비스러운 능력을 지닌 천마가 한국형 단거리 지대공 유도무기체계의 이름으로 정해진 것은 89년 초. 국과연 직원을 대상으로 실시한 공모에서 선임연구원이던 김기용씨(현 미국 거주)가 제안한 ‘천마’를 선정한 것이다.
영문이름으로 초기에는 페가수스를 썼으나 현재는 우리말 영문표기법에 따라 ‘chunma’라고 쓰고, 다만 외국인의 이해를 돕기 위해 페가수스를 병기하기도 한다.
이즈음 4인방의 일원인 체계실장 백홍열 박사는 3, 4일을 아무 일도 않고 생각에만 몰두했다. 백박사는 필요한 말만 가려하는, 말을 아끼는 편에 속하지만 연구진에 활기를 불어넣는 일에도 소홀하지 않아 그의 침묵은 드문 일이었다.
그는 사업책임자 박양배 박사가 삼고초려(三顧草廬) 끝에 참여시킬 만큼 국과연 내에서 손꼽히던 인재. 전공한 분야에만 정통한 것이 아니라 미사일 체계를 구성하는 각 분야에 대해서도 깊이 있는 식견과 이해력을 지녔다는 평가를 받고 있었다.
그는 ""체계실장이 실제적인 기술연구를 하는 것도 아니고, 연구논문 한 편 쓸 수 있는 시간적 여유 없는 보직이라 썩 내키지는 않았지만 천마사업에 발을 디디면서 내심 ‘제대로된 체계(시스템) 설계를 해보자’는 의욕을 가졌었다""고 말했다.
백곰이나 현무가 전략적 개발사업으로 규모가 컸지만, 여러 분야가 이렇게 복합되는 체계는 천마가 처음이었다.
천마라는 종합적인 체계가 전투사단이고 구성요소가 되는 하부 체계(분야)를 연대 또는 포병대대 등의 예하 부대라 할 때, 그는 참모장 겸 작전참모였다. 예하 부대의 특성에 맞게 규모와 전투계획 및 일정을 단계별로 조정하고 관리하는 임무를 수행해야 했다.
선행연구 결과에 따라 개발방향이 정립된 시점에서 그가 이때 우선 해야 할 일은 예하 부대별 전투력과 수집정보를 종합, 작전요구성능(ROC)과 개발방향에 부응하는 개발계획서라는 구체적인 전투시행계획 및 절차를 수립하는 것이었다.
그의 침묵은 바로 이것을 위한 몰입이었다. 침묵을 깨고 계획서를 제시했을 때 내용은 일단 총론적이었지만 구체적인 점에 연구진은 놀랐다. 점차 각 분야에서 올린 계획이 더해지면서 10권의 바인더에 달하는 방대한 분량으로 확대되었다.
국과연은 1989년 6월 1일 연구진을 ‘천마사업단’(사업책임자 겸 단장 박양배 박사)으로 편성하고 대통령으로부터 사업 재가를 받았다. 이어 7월 1일 선행개발단계에 돌입, 백홍열 박사를 중심으로 작성된 개발계획서에 따라 1994년 9월까지 분야별로 규격을 확정하고 설계 및 제작을 한 후 각 체계를 조립 완성해 종합적인 시험평가를 성공적으로 수행했다.
최초 백 박사의 개발계획서는 개발 진척도에 따라 얼마든지 수정될 수 있는 여지가 많았지만 선행개발이 끝나갈 무렵 한 연구원은 이렇게 탄성을 터트렸다. ""누가 만든 건지 정말 기가 막히게 잘 들어맞았네."" 백박사는 그만큼 앞을 내다보는 안목이 뛰어났다. 연구진은 그를 천마의 제갈량, 또는 장자방으로 여겼다."
https://kookbang.dema.mil.kr/newsWeb/20220524/4/ATCE_CTGR_0080100002/view.do,RnD,[천마 6회]  우월하고 의욕적인 ROC...수정 불가피,,"천마 연구진의 선행(탐색)연구는 합동참모본부가 1985년 11월 제기해 온 군요구 운용능력(ROC)의 분석과 재정립 그리고 실현 가능한 ROC로 구체화하면서 동시에 개발가능성을 검토하고 그 개발 방안을 수립하는 단계인 것으로 볼 수 있다. 따라서 연구진이 정립하는 개발방향은 이 ROC와 몇몇 부분에서 차이를 보여 이 부분의 수정을 필요로 했다.
전회에 잠시 언급한 바 있는 천마에 대한 군요구 운용능력(ROC) 사항을 좀 더 살펴보면, 형태상으로 현재의 천마와 유사하지만 내용에 있어서는 미사일의 복합유도방식뿐만 아니라 광학추적장치(Electro Optical Tracking System), 대공 및 대전차 공격을 위한 이중 목적의 탄두를 적시하고 있었다. 또한 유효사거리와 탐지거리도 각각 10㎞ , 20㎞ 이상을 요구하고 있었다.
이는 스위스의 ADATS, 프랑스의 Crotale-NG, 독일·프랑스 합작의 Roland 등 당시 첨단으로 꼽히던 단거리 지대공 유도무기들의 모든 장점을 포함하는 것이었으며, ROC상의 사거리와 탐지능력 역시 유도무기체계를 능가하는 수준이었다. 사업책임자 박양배 박사는 “상당히 `의욕적'인 요구 조건이었다”고 말했다.
ROC를 수정한다 해서 이것이 유사 무기체계에 비해 시기적으로 또는 성능면에서 뒤떨어지는 무기체계로 개발하려는 것으로 인식하면 곤란하다. 무기체계는 연구개발진의 역량 못지 않게, 예산 등 개발환경과 개발 후 직접적으로 운용되는 작전환경 또한 중요하다. 개발하고도 쓰지 못하는 예가 없지 않는데, 해룡이 바로 그 실례이며 자주대공포 비호의 경우는 우수한 성능에도 불구하고 양산가가 높아 전력화가 늦춰진 경우에 속한다.
“신뢰성이 높고, 야전에서 효율적으로 쓸 수 있는 무기체계를 개발하려 했다”는 박양배 박사의 말은 성능면에서 야전부대가 충분히 `우수하다'고 신뢰할 수 있어야 하고, 나아가 우리나라의 지형적, 기상적 특성에 맞는 무기체계 즉 `한국형'이어야 한다는 것이다. 평균적으로 우수하다는 성능이 어느 곳에서나 최상으로 발휘되는 것은 아니다.
박 박사가 ROC상의 일부 요구가 `의욕적'이라고 표현한 데에는 미래지향적이긴 하지만 적용기술과 작전성이 충분히 부합하지 않는다는 의미를 담고 있다. 연구진이 정립한 개발방향과 적용기술은 당시나 지금이나 여전히 첨단이고 체계의 우수한 성능을 보장하고 있다.
연구진은 87년 12월 마침내 합참을 비롯해 육군본부·육군교육사령부·육군방공학교에 ROC 수정 건의안을 제출했다. 연구진은 여기에서 미사일 복합유도방식이 많은 장점을 가지고 있으나 이 방식을 채택하고 있는 유사 무기체계가 없다는 점과 미사일의 소형화·경량화가 어렵다는 점, 복합구성에 따른 신뢰도 저하 등을 지적했다.
또한 광학추적장치 역시 기후조건에 따라 추적 성능이 달라지기 때문에 우리나라와 같은 지형과 기상조건에서는 전천후 작전능력 유지가 곤란한 점을 들어 추적 레이더로 채택해 줄 것을 요청했다. 특히 미사일 이중탄두의 경우, 추적장치를 추적레이더로 정할 경우 대전차 작전이 어려우므로 대전차 임무 삭제가 필요하다고 건의했다.
이에 따라 교육사령부는 1988년 4월 ROC 수정안을 제기하고 이에 대한 검토를 의뢰해 왔다. 한 달 뒤 연구진은 검토요청에 대한 수정내용을 국방부 방위산업국·합참·육군본부·교육사령부에 재차 제출, 그해 8월 국방부로부터 합참 검토 결과를 근거로 ROC를 수정, 개발할 것을 승인받았다.
사실 ROC를 수정하는 것은 당연한 과정이지만 절차상 번거롭고 매우 까다로운 일이다. 박양배 박사는 10년이 훨씬 지난 지금 “기술적인 차이점, 성능 보장 등을 충분히 설명해 소요군의 반발이나 큰 애로는 없었다”고 술회하지만 관련 기관, 관계관 등을 설득하는 일에 상당한 노력을 기울여야 했던 것 또한 틀림없는 사실이다."
https://kookbang.dema.mil.kr/newsWeb/20220524/1/ATCE_CTGR_0080100002/view.do,RnD,[천마 5회]  미사일의 소형화와 유도방식 두고  '숙고',,"천마를 구성하는 장비·장치는 20여 가지나 되지만 개발의 핵심은 역시 미사일 분야. 기초 연구가 진행 중이던 1986년, 연구진의 주된 고민거리이자 난제는 어떻게 하면 이 미사일을 1문의 체계에 8발을 탑재 가능하도록 작고 가볍게 설계·제작하느냐에 있었다.
유도조종장치를 비롯해 신관·탄두·추진기관·구동장치·지령수신기·날개 등으로 구성된 미사일을 제한된 크기와 무게 이내로 소형화·경량화 하는 것에 천마의 성패가 달려 있었다 해도 결코 과언이 아닐 만큼 중요했다.
이 소형화·경량화의 첫 번째 관문이 미사일의 유도방식이다. 천마와 같은 사거리 10㎞급의 단거리 지대공 유도무기의 유도방식은 대부분 지상에서 유도 명령을 전송하는 지령유도방식과 유도탄에 부착된 탐색기의 정보에 따라 자체 유도되는 호밍(homing)유도방식으로 구분된다.
천마에서 발사되는 미사일의 초기 설계 개념은 국과연이 개발 시도한 바 있는 짐발형 적외선 탐색기를 부착하는 것이었다. 이는 탐색기가 포착 가능한 거리 이내의 근거리 표적에 대해서는 발사 전 포착(Lock on before Launch)개념을, 그 이상의 원거리 표적에 대해서는 발사 후 포착(Lock on after Launch)개념을 도입한 것으로중기유도는 시선지령유도방식을, 종말유도는 적외선 호밍유도방식을 사용하는 복합방식이었다.
그러나 연구진은 이 방식이 천마에는 적합하지 않다고 판단했다. 탐색기를 부착한 미사일을 8발이나 탑재 가능토록 소형화한다는 것이 거의 불가능했기 때문이다. 탐색기를 부착한다면 그 크기와 적외선 돔(IR Dome)이 비행하는 미사일의 항력을 증대시켜 결국 미사일을 더 크게 만들어야 하는 것이었다.
사업책임자 박양배 박사는 1987년 선행연구 단계에 돌입하면서 유도방식을 둘러싼 연구원들의 고민부터 해결했다. 천마 미사일의 유도방식을 확정하는 과정에서 현재와 같은 시선지령유도방식(CLOC)에 의한 단일유도방식쪽으로 방향타를 잡는다는 결단을 내린 것이다.
""당시 탐색기를 부착하는 복합유도방식을 배제한다는 것은 군의 작전요구능력(ROC)에 어긋나는 ‘큰일’이었지만 미사일 분야의 소형화·경량화가 중요한만큼, CLOC의 선택은 불가피하고 시급한 결정이었습니다."" (정덕조 책임연구원)
이와 함께 박양배 박사와 연구진은 미사일 외에 사격통제장치와 발사터렛 등은 그 동안 축적한 기술과 기초연구 결과를 바탕으로 국내 개발이 가능하다고 판단, 독자 개발 방식으로 확정했다. 다만 국내에서의 개발 경험이 적고 기술이 미흡한 탐지추적장치는 기술 이전에 의한 국산화를 목표로 해외 기술을 도입키로 했다.
박양배 박사는 충분치 않은 예산에도 불구하고 체계조립용 시제 2조와 함께 환경시험용 시제 1조를 별도로 제작키로 했다. 이것은 타 사업들이 체계조립용 시제를 1조만 제작함으로써 겪었던 기술적·사업적 문제점을 교훈 삼아 내린 결정이었다."
https://kookbang.dema.mil.kr/newsWeb/20220517/2/ATCE_CTGR_0080100004/view.do,RnD,총탄·포탄·미사일 '유효사거리'는 어떻게 다를까,,"익히 알고 계시다시피 K9자주포의 최대 사거리는 40km이고, K2 소총은 유효사거리가 460m(KM193탄) 또는 600m(K100탄)입니다. K2전차는 사거리에 대해 잘 있지는 않아 보이는데요.
최대사거리나 유효사거리의 그 뜻이나 쓰임이 어떻게 다를까요?
또 설정 기준은 같을까요?
먼저 ‘사거리’(射距離 Range)에 대해 알아보면,『국방과학기술용어사전』에서는 ‘화포 등의 발사 위치에서 탄착점까지의 직거리’라면서 유효 사거리, 최대 사거리가 있다고 말합니다.
또 유효사거리는 ‘어떤 무기가 평균 50%의 확률로 표적을 명중시킬 수 있는 거리, 어떤 무기가 적에게 피해를 줄 수 있을 것으로 예상되는 최대의 사거리, 사수가 목표물을 조준 사격하여 적을 무력화시킬 수 있는 사거리’로 정의하여 설명하고 있습니다.
▶
소화기
소총이나 기관총, 이런 유형에서는 최대 사거리와 유효 사거리가 모두 나와 있습니다만 유효 사거리에 의미를 두고 있습니다. 잘 조준 사격된 탄자가 날아가 원하는 효과를 얻을 수 있는 거리가 유효 사거리입니다. 탄자가 M1 헬멧을 관통할 수 있는 운동에너지를 기준으로 거리를 산출합니다.
K2 소총은 K100탄을 사용하면 최대사거리 3,300m, 유효사거리 600m이고 KM193탄을 쓰면 최대사거리 2,653m 유효사거리 460m라고 나와 있지만 탄약 타격 효과를 기대할 수 없는 최대사거리는 사실 별 의미 없습니다.
K14 저격소총의 경우 유효사거리는 800m로서 ‘1.0 MOA @ 300m’ 이라는 세계적 기준의 명중률도 함께 설명되곤 합니다. 1MOA는 100야드(91.4m)에서 1인치(2.54cm) 지름의 표적을 명중시킬 수 있다는 걸 의미합니다.
그런데 유효사거리 설명 중 ‘평균 50%의 확률로 표적을 명중시킬 수 있는 거리’라고 설명하는 부분에서 ‘왜 명중률이 50%이어야 하는지’에 대한 근거가 무엇인지 분명하지 않다고 합니다.
▶
곡사화기
야포나 박격포와 같은 곡사화기는 발사된 포탄의 폭발에 의해 타격 효과를 얻으므로 사거리와 관계없이, 즉 10km든 30km든 동일한 효과가 나타납니다. 유효사거리 기준이 따로 있을 수 없고, 최대 사거리가 곧 유효사거리가 되는 셈입니다.
사거리는 최소 및 최대 사거리로 구분되는데 최소사거리는 포탄을 최대 고각 및 최소 장약으로 사격할 수 있는 거리,최대사거리는 포탄을 45도 고각(부근)에서 포가 허용 가능한 탄약의 최대 장약으로 사격할 수 있는 거리가 되겠습니다.
K9자주포는 최대사거리가 약 40km로 총포류에서는 우리 군이 보유한 총포류 중 가장 먼 거리에 타격 효과를 줍니다만, 빠른 발사속도와 자동장전장치를 이용해 1문의 자주포로 3발의 포탄을 한곳에 동시에 탄착시키는 TOT(Time on Target)사격이 가능하다는 사실을 돌아볼 필요가 있습니다.
각각의 탄은 탄도가 다르고 비행시간도 시간도 다르지만 탄착지에서 동일한 폭발 효과를 가지므로 타격 효과를 더욱 증대시킵니다.
▶
방공무기
적의 항공기나 미사일(유도무기)의 공격으로부터 방어하는 방공무기에는 대공포와 미사일이 있죠. 대공포는 탄이 포구를 떠난 뒤의 잔류 속도, 미사일은 명중률을 기준으로 유효사거리를 정합니다.
이에 따르면 20mm 발칸과 같은 대공포는 탄의 잔류속도가 마하 1을 유지하는 거리이며, 대공 미사일은 평균 50% 확률로 표적을 명중시킬 수 있는 거리라고 합니다. 대전차무기도 평균 50% 확률로 표적을 명중시킬 수 있는 거리를 유효사거리로 삼는다고 하네요.
▶
전차·장갑차
전차와 장갑차의 경우에는 특별히 유효사거리에 대한 기준은 없습니다. 대신 화력 성능을 표적 조건(고정·이동)과 사거리를 기준으로 한 명중률과 관통력으로 표현합니다. 균질압연강판(RHA·Rolled Homogeneous Armour)을 몇 mm 뚫는다고 소개되곤 합니다. 그러나 정확한 수치는 ‘비밀’급에 해당 되죠. 방호력도 마찬가지고요. 가장 궁금한 항목이긴 합니다.
이상에서 무기체계 유형별로 표적으로 삼는 목표물에 따라 유효사거리, 최대사거리, 또 그 설정 기준이 각기 다름을 알 수 있습니다. 살상 또는 파괴, 무력화 등 원하는 타격 효과 또한 다르겠지요. 정확도가 몇 %인지는 객관화가 필요하겠지만 유효사거리든 최대사거리든, 탄을 특성을 잘 파악하고 정확하게 조준하여 사격해 타격 효과를 극대화하는 것은 기본인 것 같습니다."
https://kookbang.dema.mil.kr/newsWeb/20220523/2/ATCE_CTGR_0080100004/view.do,RnD,"K1/K2전차, 한반도 지형에 강하다는 이유_유기압현수장치(3)",,"■ 같은 유기압 현수장치라 해도.....
유기압현수장치(HSU·Hhydropneumatic Suspension Unit)는 이를 적용한 장비에 진동 및 충격량 흡수, 안정된 기동성과 승차감 향상 등의 효과를 공통적으로 주기는 하지만, 당연하게도 장치의 개발기술이나 장착 조건에 따라 기능도, 효과도 다르게 나타난다.
K1/K2전차와 K9자주포의 유기압현수장치를 장착하고는 있지만 동일하지는 않다. K1은 토션바(torsion bar)와 유기압식이 복합된 형태이고, K9은 유기압식으로만 제작된 현수장치(HSU)이지만 자세제어(Kneeling system)’라는 부가기능이 포함하고 있지 않다.
K2는, HSU와 원리는 같지만 스프링 및 감쇠장치를 로드암 내부에 장치해 구조와 기능상 한 단계 더 향상된 암내장형 현수장치(ISU·In-arm Suspension Unit)라는 반능동형(semi-active) 현수장치를 적용하고 있다.
또 K1은 전차의 바퀴가 되는 6개의 기동륜 중 전방과 후방에 해당하는 1·2·6번에 유기압현수장치를 3·4·5번에는 토션바를 각각 적용하는 복합형 현수장치로 설계 제작됐다. 이런 이유로 K1의 자세는 전방과 후방의 높낮이만 조절 가능하다.
반면 K2는 전 기동륜에 ISU를 적용해 전후방은 물론 좌우 측방의 자세도 제어할 수 있다. K2가 K1이나 K9보다 더 신속하고 안정된 기동성을 발휘하면서 자세도 전술 상황에 맞게 더 다양하고 효과적으로 제어할 수 있게 된 것이다.
■ 자세제어 기능이란
그렇다면 자세제어는 어떤 원리로 어떻게 이뤄지는 것일까. 육군본부 기획관리참모부가 발간한 『지상무기체계원리』에는 다음과 같이 설명하고 있다.
<그림1>은 유기압현수장치의 원리를 보여준다. 그림의 유기압현수장치는 질소가스로 충진된 상부실린더와 작동유로 충진된 하부실린더로 구성된다. 상부실린더는 질소 가스의 압축성으로 얻어지는 스프링 작용에 의해 주행간 충격을 완화한다.
하부실린더에는 작동유가 충진되어 오리피스(orifice 管)를 통과하는 유체(작동유)의 작용으로 상하 진동을 흡수한다. 결과적으로 가스와 유체에 의한 이중완충효과를 얻게 되는데, 차체 양쪽의 6개 보기륜은 주행시 지표면 압력과 궤도 정렬을 유지하면서 지면의 진동·충격을 흡수함으로써 주행성이 안정되고 승차감이 좋게 된다.
<그림2>는 암내장형 현수장치의 자세제어 원리를 보여준다. 차체의 높낮이는 작동 피스톤과 축압 피스톤 사이에 있는 작동유의 양을 인위적으로 늘리고 줄이는 것으로 조절한다.
작동유의 변화량만큼 차체 높이가 변하는 것으로, 궤도 보기륜 위치에 따라 각각의 높이를 조절하여 원하는 자세를 이루게 된다. 

궤도 앞부분 현수장치의 작동유를 줄여서 보기륜을 내리고, 동시에 뒷부분 현수장치의 작동유를 늘려 보기륜을 올리면 전차의 차체는 전방으로 최대한 숙이게 된다.
이와 반대로 하면 차체 전방은 올라가고, 후방을 내려오게 된다. 자세제어를 전체적으로 ‘Kneeling System’으로 표현하는데 이렇게 전후방 자세를 ‘kneeling’(무릎꿇기)이라고 한다. 경사면에서도 차체의 평형을 유지시킬 수 있다. 이는 좌·우측 현수장치의 높낮이를 다르게 하여 기울기를 제어하면 가능해진다. 물론 차체 전체를 일정 높이로 균등하게 더 올리거나(standing) 더 낮출(sitting) 수 있다.
■ 저각 사격은 전술적으로 어떤 효과가...
전차의 주포는 차체와 분리된 포탑의 회전을 통해 수평적으로 360°도 전방위로, 수직으로는 포신을 위아래로 움직여 일정 각도 범위 내에서 사격을 한다.
주포 작동 범위 또는 고저(상·하향) 앙각 등으로도 표현되는 수직 사격 가능 범위는 전차별로 차이가 있어 프랑스 르끌레어(Leclarc)가 -8~+15도, 독일 레오파드2A6가 -9~20도, 미국 M1A2이 -10~+20도,  러시아의 T-80 -5~+14도, 이스라엘 메르카바Ⅳ가 -8~+20인 것으로 알려져 있다.
K2의 수직사격범위 역시 대체로 이 범주에 속한다. 하지만 한때 ‘산악이 많아 전차전이 수행될 수 없다’는 말까지 있었던 한국 지형에서 볼 때, 일반적인 주포의 수직적 상향·하향 사격 범위로는 적의 공격을 충분히 효과적으로 방어하는데 무엇인가 부족하고 제한적이다.
예를 들어 고지에서 적 전차를 보고 하향 사격을 해야 하는 경우 사격 저각이 충분히 낮지 않다면 차체를 위로 더 드러내야 하므로 그만큼 피탐 및 피탄의 위험이 높아진다. 사격 거리에도 영향을 받는다. 하향 각도가 낮을 수록 자신에게 더 가깝게 근접해 위협을 주는 적 전차를 공격할 수 있다.
예를 들어 100m 고지에서 -5도의 하향사격이라면 1000m 이상 거리의 목표물을 공격할 수 있는 반면 -10도로 하향사격하는 전차는 600m 거리의 목표도 타격할 수 있다.
따라서 유기압현수장치의 자세제어 효과로써 주포의 발사각을 수직 상하로 더 확장할 수 있다는 것은 ‘한국형’ 전술상황에 특히 부합하는 매력 포인트가 아닐 수 없다.
■ K2가 어떻게 적 헬기를 공격할 수 있냐면...
K2에 적용된 암내장형 현수장치(ISU)의 자세제어가 주는 전술 효과로는 공중에서 전차를 위협하는 적 헬기에 대한 공격도 가능하게 하는 점도 들 수 있다.
공중에서 빠르게 기동하는 헬기를 잡는다니 의아해 할 수도 있겠지만 K2는 바로 자세제어 기능과 다목적 성형작약탄(HEAT-MP, High Explosive Anti Tank- Multipurpose)의 근접식 신관 덕분에 전차로서는 드물게 헬기의 공격에 대응할 수 있는 능력을 보유하고 있다.
물론 빠르게 비행하는 헬기를 미사일이 아닌 전차탄으로 직격해 격추하기는 사실상 불가능할 정도로 매우 어렵다.
하지만 헬파이어(Hellfire)와 같이 사격 후에도 계속적인 조준이 필요 없는 이른바 발사 후 망각(Fire&Forget)형 대전차미사일이 아닌 토우(TOW)와 같은 2세대형 대전차미사일이나 로켓 등을 쏘는 헬기라면 사정은 달라진다. 왜냐하면 그런 헬기는 사격 후에도 목표물을 계속 조준하기 위해 20초 가량 제자리비행을 해야 하기 때문이다.
이런 경우 탄이 표적의 일정 거리에 근접하면 자동으로 폭발되도록 하는 근접식 신관이 포함된 신형 다목적 성형작약탄이 매우 효과적인 공격법이 된다. 탄두가 목표인 헬기의 7m에 근접하면 자동으로 폭발하여 파편 효과로 적 헬기에 격추 또는 임무 수행이 곤란하게 할 정도의 심각한 타격을 주게 된다.
적 헬기가 5km 정도의 거리에 있다고 가정하자. K2는 신속하고 정확한 사격제원 산출, 자동장전으로 초탄사격과 재사격 모두 7초 이내에 이뤄진다. 탄의 포구속도는 1400m/s 이상이므로 5km 비행에는 3~4초면 충분하다. 그렇다면 포착에서 발사 후 격추까지 몇 초면 될까.
전차포의 고각 발사범위가 문제일 수 있지만 K2의 ISU는 자세제어 기능으로, 차체 후미 부분을 내려서 주포의 발사각을 4~5도 더 높임으로써 전차포의 대공 공격범위를 넓혀주게 된다.
그 외에, 보기륜을 모두 높이면 전체 지상고가 올라가 기준 높이보다 더 높은 수직장애물과 수답 지역을 용이하게 극복할 수 있다. 또 보기륜을 모두 낮추면 지상고와 함께 차체 높이도 낮아짐으로써 적으로부터의 관측과 공격피해 면적이 줄어드는 동시에 평지 주행 기동력이 좋아진다.
■ 미래의 현수장치는
향후 미래의 전차와 장갑차 등에 적용될 현수장치는 반능동형에 충격흡수시스템 내로 제어밸브를 통해 에너지(유압)을 넣거나 뺄수 있는 포스 액츄에이터(force actuator)가 추가된 능동형(active) 현수장치로 발전할 것으로 전망된다. 구조가 복잡하고 값이 비싸다는 단점이 따른다.
그럼에도 불구하고 능동형은 주행시 노면에서 전달되는 진동을 더 효과적으로 흡수하여 가혹한 야지 주행 조건에서도 조종수 등 승무원이 전투수행에 지장을 받지 않을 만큼 빼어난 승차감을 제공하고, 나아가 차량에 탑재된 각종 고가의 정밀 전자장비의 성능 발휘를 보장해주는 장점이 있다. 향후 능동형 현수장치에 한국 고유의 지형적· 전술적 특성이 어떻게 접목되는지도 기대된다."
https://kookbang.dema.mil.kr/newsWeb/20220523/1/ATCE_CTGR_0080100004/view.do,RnD,K1전차가 한국형으로 불린 이유_유기압현수장치(2),,"K1/K2전차가 ‘한국형’인 특별한 이유
유기압현수장치와 전차의 자세제어
K9의 현수장치를 통해 유기압 현수장치(HSU) 원리와 효과에 대해 알아보았다. 이런 HSU는 토션바와 함께 된 복합형이긴 하지만 K1전차에 먼저 적용되었고, K1전차가 한국형전차로 불리는 특징있는 기능을 제공해주었다.
육군은 6·25전쟁을 거치면서 전차에 대항할 수 있는 최상의 장비는 전차라는 사실을 절실히 느꼈다. 정전 후 미국으로부터 전차를 지원받으면서 전력을 강화했지만, 부품 하나하나 미국에게서 계속 제공받아야 했고, 무엇보다도 전술 교리에서도 미군의 교리를 적용하다 보니 야전에서 운용간 한국적인 지형과 작전환경에 맞지 않은 부분이 적지 않았다.
때문에 육군은 1970년대 중반 국산 전차를 개발하겠다는 의지와 목표를 세울 때부터 제원과 성능에 ‘한국적 특성’을 크게 고려했었다.
전차는 화력과 기동력, 방호력이라는 전술적 특징을 갖는다. 이 3가지 요소는 서로 조화롭게 시스템 내에 복합되기 마련이지만, 전쟁의 양상과 나라 마다의 환경 및 전술, 개발기술 수준에 따라 약간씩 그 우선 순위나 중점이 다르게 나타난다.
K1/K1A1이나 K2 등 국산 전차는 어떤 요소에 더 많은 중점을 두고 개발했을까. 한마디로 단언하기 어렵다. 하지만 입체고속기동전에서 우위를 차지할 수 있어야 전차의 전술적 가치를 달성하는 것이라는 관점에서 3요소 중 ‘기동력’을 우선 꼽지 않을 수 없고 실제로 설계단계부터 그런 의미가 확실히 읽히는 부분이 있다.
미국의 M1에이브럼스(Abrams) 전차 개발을 주도했고, K1전차의 개발에도 깊이 관여한 필립 레트(Philip Lett) 박사는 ‘K1전차는 한반도 산악지형 조건과 한국군 병사들의 신체 조건에 부합하도록 인간공학적 적합성을 고려하여 설계되었으며, 기동성이 뛰어나고 특수장갑이 장착된 성공적인 작품’이라며 ‘한국은 자유세계 다섯 번째의 자국 고유(indegerous) 모델의 전차 생산국’이라고 ‘International Defense Review’ 등에 소개했던 것으로 알려져 있다.
여기에서 K1이 대한민국 고유의 전차이자 한국형이라고 불릴 수 있는 의미 있는 말을 찾아볼 수 있다. ‘산악지형 조건 부합’ ‘뛰어난 기동성’이 그것이다.
1970년대 중반, 우리나라는 국산 전차 개발을 목표로 세웠지만 주력전차(MBT·Main Battle Tank)의 설계·개발·생산의 경험이 없었던 국내 연구개발 및 산업계의 기술 수준으로는 독자적으로 고유의 주력전차를 개발한다는 것이 불가능했다.
이에 외국 협력회사로 크라이슬러(제너럴 다이나믹스에 합병)를 선정, 그들의 제품인 M1의 프로토타입인 XM1(M1 시제)을 기반으로 K1을 개발했다. 따라서 K1은 M1과 외형 등 여러 면에서 유사하거나 공통점을 가지고 있고, 그런 이유로 일부에서는 ‘리틀 M1’이라고 부르기도 했다.
하지만 자세히 살펴보면 곳곳에서 차이점을 발견할 수 있다. 먼저 전투중량 면에서 XM1은 55톤, K1은 51톤이며, 높이는 K1이 12cm가량 더 낮다. 또 K1은 M1에는 없는 일부 관측 및 조준 성능을 보유했으며, 기동성을 높이기 위해 M1이 채택한 고강도 토션바(torsion bar) 시스템이 아닌 아닌 고강도 토션바와 유기압(hydropneumatic) 시스템을 복합한 현수장치(suspension)를 장착했다.
특히 이 복합형 현수장치에는 당시 레오파드2A6나 메르카바Ⅳ, M1 등 세계 각국의 주요 전차에서는 보기 힘든 ‘자세제어(Kneeling system)’ 기능을 부가시킨 점이 눈에 띈다. 이점이 K1전차가 ‘한국형’으로 불리는 큰 이유 가운데 하나이다.
K1에서 보인 한국형적인 특징은 K2로도 이어진다. M1이 M1A2로 개량되어 60톤이 넘는 중량을 가지게 됐지만 한국 전차는 K1이 K1A1로 거듭 나고 K2 신형 전차가 나와도 전투중량이 55톤을 넘지 않는다. 높이와 폭에서도 큰 변화가 없다. 역시 한국 내에서의 지형 특성과 도로, 수송 수단 등을 고려한 까닭이다."
https://kookbang.dema.mil.kr/newsWeb/20220523/1/ATCE_CTGR_0080100001/view.do,RnD,[K9 25회]  탄도·사격통제 독자개발 … 완전 국산화,,"""신형 자주포 K-9에 이르러 명실상부하게 화포의 독자개발을 이루었다고 말할 수 있습니다.""
안충호 책임연구원이 이렇게 말하는 데에는 탄도분야까지 독자적으로 개발했기 때문이다.
KM114A2는 1970년대 미국의 기술자료를 이용해 모방 개발한 것이고, 1980년대 초 KH179 155㎜ 견인포는 우리 손으로 개발했지만 미국의 M198·M109A2의 탄도를 그대로 적용함으로써 ‘완벽’하게 독자개발했다고 하기에는 다소 미흡한 상태였던 것이다.
탄도(彈道)란 포탄이 중력(重力)·항력(抗力)·양력(揚力) 등의 영향을 받으며 날아가는 궤적이다. 탄약이 포신 내에서 일어나는 현상을 다루는 강내(腔內)탄도, 포구(砲口)에서 표적까지 포탄이 비행하는 과정을 다루는 강외(腔外)탄도로 구분된다.
강내탄도 연구는 탄도연구팀장인 이원백 책임연구원이 맡았다. 사격 시 탄의 이동 속도와 압력을 계산하는 전산 프로그램을 개발, 강내탄도 해석(simulation)에 활용했다. 하지만 추진제 형상·중량, 장약 구성, 약실 체적·형상, 포강 형상, 포신 길이, 탄 중량, 탄저 형상 등 영향을 주는 요소가 많아 불확실성이 워낙 많은 분야. 해석 결과가 실험 결과와 잘 맞지 않아 애로가 컸다.
강외탄도 연구는 포구를 떠난 포탄의 이동 궤적을 추적해 포병이 화포의 사격제원을 산출하는 자료(사표·탄도 프로그램)를 개발하는 것이다. 실내 실험자료와 경험적 요소를 반영해 이론적 방정식을 만들고 실사격 시험에서 얻은 결과로 방정식을 보완한다.
이런 보완과정을 수없이 반복해 사표와 탄도프로그램을 만드는데, 계산량이 많고 복잡하기 이를 데 없다.

탄도연구팀은 초기 이 강외탄도분야를 1988년 미국이 항력감소장치포탄 M864를 전력화하면서 개발한 강외 탄도 프로그램을 구입해 보완하려고 미국 측 탄도연구실과 사전 접촉을 가졌다.
""미국 측은 이때 ‘미국의 탄과 사격지휘 체계를 도입하면 지원할 수 있다’고 당연(?)하면서도 냉정한 반응을 보였어요. 그즈음 강태형 책임연구원이 미국 탄도연구실에서 연수 중이었는데, 장차 항력감소장치 관련 프로그램을 개발해야 하니까 미리 관심을 갖고 파악했으면 좋겠다고 주문했었지요.""(이원백 팀장)
1년 6개월의 연수를 마치고 돌아온 강 책임연구원이 밤낮없이 프로그램 개발에 매달리는 가운데 실내시험자료의 대표적인 공력설계·해석은 안성호 박사가 맡았다.
자료는 주로 풍동실험(인위적인 바람으로 탄 주위의 공기 흐름과 저항 등을 측정)으로 얻어진다.
대부분 국방과학연구소 내에서 실험했지만 포탄이 수만 번 회전하면서 생기는 매그너스(Magnus·투수가 회전시켜 던진 볼이 커브를 일으키는 현상이 한 예) 특성은 설비 부족으로 미국에서 실험했다.
이렇게 사거리 예측이 가능하고 각종 제원을 산출해낼 수 있는 한국형 강외탄도 프로그램이 개발되자 강책임연구원은 실사격에서 나타난 실제 값과 기상자료를 입력, 방대한 자료(사표 및 제원 산출 입력용)를 구축했다.
김재호 박사도 제원 산출 입력용 곡사포탄 탄도방정식을 이용해 실시간 정확한 계산이 가능한 소프트웨어를 개발했다. 사표를 사용하는 약식의 탄도기상통보는 물론 고도별 기상 측정값이 그대로 반영된 ‘계산기기상통보’라는 기상정보를 사용, 보다 더 정확하게 사격제원을 산출할 수 있는 특징을 갖고 있다. 세계에서 유일한 것이다.
K9은 수동식(기계광학식)과 자동식(전자식 Automatic Fire Control System) 사격통제 장치로 구성돼 있다.
수동식은 기존 자주포의 것을 거의 그대로 적용한 반면 자동사격통제 장치는 1991년부터 이상국(팀장)박사를 비롯, 이종효·선선구·백인철·박규철·박준성 선임연구원 등 12명으로 구성된 사통연구팀이 국내 독자개발했다.
개발 결과부터 설명하면 AFCS는 크게 시스템 통제기, 전시기, 탄도 프로그램이 내장된 사격제어기, 통신처리기 및 전원조절기로 구성돼 있으며 운용병과 K9 간의 인터페이스(연동 Man-Machine Interface) 역할을 한다.
즉 위치확인장치, 포·포탑구동장치, 탄 이송장치, 격발장치, 포신온도센서, 무전기 등 각종 전자제어장치를 상호 연동시켜 자동화를 달성함으로써 운용병들에게 사격과 관련한 정보를 보여주고 사수가 지시한 명령을 관련 장치에 전달, 임무를 수행하는 것이다.
이러한 역할을 수행하기 위해 AFCS는 탄도 프로그램과 포구초속측정기를 이용해 자체적으로 사격제원 계산은 물론 BTCS(포병사격지휘체계 Battalion Tactical Command System)와 연계해 데이터 및 음성통신으로 사격명령을 수신하고 포반의 상황을 보고한다.
또한 위치확인 장치와 연동해 화포의 위치 및 자세한 정보를 획득하며, 포를 자동방렬하는 구동명령을 내린다. 그리고 포신 잠금장치·탄 이송장치·장전장치 및 포신온도센서와 연동해 운용상태를 자동 인지함으로써 사격준비 완료 및 사격안전 여부를 알려주고 격발장치와 연동해 사수에 의한 자동격발이 가능케 한다.
이같은 AFCS에 힘입어 K9은 현재 어떠한 운용 상황 하에서도 외부 장치의 도움 없이 30초 이내(정지 때) 초탄 발사, 3발의 탄을 표적에 동시에 탄착시키는 단독 TOT(Time on Target 동시탄착)사격, 포대(자주포 6문)가 한 개 이상의 표적을 분할해 사격할 수 있는 ‘포대 다중임무’ 수행능력 등 특유의 성능을 자랑하고 있다.
그러나 여타 분야도 그러했듯 AFCS 개발 노정 역시 결코 순탄치 않았다.
M109A6·PzH2000·AS-90 등 당시 배치 또는 개발 중이던 자주포의 자동사격통제장치를 다각도로 탐구하는 것으로 연구를 시작했으나 자국의 방위기술 보호를 위해 기술 유출을 극히 꺼리는 상태에서 연구진은 성능기준서(fact sheets)와 단편적인 팸플릿만을 확보할 수 있었다. 다만 연구진에는 30㎜ 자주대공포 비호체계의 개발을 통해 축적한 기술이 있다는 것이 위안 아닌 위안이었다.
여기에 과학자적인 도전의식을 더해 연구의 실마리를 풀어나갔다. 기존의 포술 교리와 향후 포술 발전 방향을 신자포에 적용하기 위해 포병학교 교관 및 야전부대의 운용관들과 수 차례 토론을 가졌다.
이렇게 사통설계를 구체화하면서 연구진은 AFCS의 각 구성품은 가능한 한 동일한 하드웨어 모듈을 사용하는 공통 모듈 개념을 도입했다. 또 신뢰성 향상을 위해 주요 부품과 통신 채널들을 2중화했으며 소프트웨어도 기억장치를 교체하는 방법이 아닌 외부 포트를 통해 다운로드하는 새로운 방식을 적용했다.
""구성품 단위의 성능과 종합했을 때 성능이 구현되는지를 확인하기 위해 시뮬레이터를 개발, 실험과 보완을 수없이 거듭했습니다. 무엇보다 포병 관계관들에게 신자포의 전술운용 및 사격 모의 장면을 보여주고 조언도 들으며, 요구사항들을 미리 반영했습니다. 그 결과 시행착오도 줄이고 또 더 완벽하게 개발할 수 있었습니다.""(이상국 박사)"
https://kookbang.dema.mil.kr/newsWeb/20220516/2/ATCE_CTGR_0080100001/view.do,RnD,[K9 24회] 新자주포 포탄 독자개발 성공,,"""엇! 저게 뭐야?""
1992년 봄 안흥종합시험장. 국내 개발 추진장약의 첫 실사격시험을 지켜보던 연구진은 비명을 지르듯 외쳤다. ""쾅""하는 굉음과 함께 후방으로 포물선을 그리며 수십ｍ를 날아가는 흰 물체를 본 것이다.
모두 방호벽에서 일제히 달려나왔다. 시험사격용 포의 격발기가 파손된 상태였다. 누군가 10여ｍ 떨어진 곳에서 종이뭉치를 가져왔다. 흰 물체는 장비를 닦기 위해 포 근처에 놓아둔 두루마리 화장지였음이 확인됐다.
도대체 어찌된 영문일까.
추진장약은 약실 안에서 연소하며 가스를 발생시켜 그 팽창력으로 포탄을 날려 보내는 역할을 한다. 기존 155㎜ 곡사포용 추진장약은 그동안 미국의 것을 모방 개발, 사용해왔다. 약포형으로 종류도 약포 색깔에 따라 다양하다. 백색장약 5호로 사격할 경우 6, 7호는 버려야 하는 단점이 있지만 국제적 호환성이 중요하기 때문에 굳이 독자 개발할 필요는 없다.
1989년 신형자주포 개발계획 수립 당시 전혀 새로운 체계의 신자포용 추진장약을 필요로 한 자주포체계팀은 (주)한화가 박격포용이지만 소진(燒盡) 탄피 제작기술을 확보한 사실을 확인하고 기존의 복잡한 약포장약체계 단순화, 잔여장약의 재사용은 물론 발사속도 증대에도 유리한 단위장약을 독자 개발, 적용키로 했다.
이를 위해 단위장약개발팀이 팀장 김형식 박사를 비롯해 장대성 책임연구원·이정환 박사·이홍석 선임연구원, (주)한화 여수공장의 기술진 등으로 구성됐다. 1992년 봄에 가진 첫 시험에서 격발기 파손은 그동안 성능이 입증된 모방 개발 장약만을 시험평가해 온 시험장에서는 하나의 사건이었다.
원인은 사격 때 생긴 5만psi(1만psi는 1㎠에 703㎏이 작용하는 힘)의 차압(差壓). 생소한 현상이었다. 안흥종합시험장 한충원 책임연구원은 미국 연수 중 입수한 자료에 의거 ""차압은 자동차 엔진의 노킹 현상과 같은 것으로 압력이 포탄을 밀어내는 방향으로 발생하지 않고 반대방향으로 높아진 현상""이라며 치명적인 결과를 초래한다고 했다.
실례로 미국의 155㎜ 자주포로 수행된 이스라엘의 단위장약 시험에서 차압으로 인해 승무원 2명이 희생된 바 있다.
안전도가 확보되는 적정 차압은 3000p si 수준. 개발팀은 강내탄도 코드로 추진제 형상을 설계하고 밀폐폭파시험(closed bomb test)으로 성능을 확인하였으며 화포 시뮬레이터를 제작, 연소과정을 고속카메라로 촬영·분석하는 등 이론적으로 연소 특성을 해석했다.
실사격 시험 중에는 차압으로 격발장치가 수없이 손상됐다. 화약연구실 김성호 책임연구원의 도움을 받아 원격 격발 장치를 개발하는 등 갖은 방법을 다 기울였다.
1996년 말 차압이 최소화된 6호 단위장약이 일단 개발됐다. 그러나 포구속도의 약실 압력이 무장설계치인 5만3000psi보다 5000psi가 높다는 사실이 연구원들을 괴롭혔다.
추진제 형상을 바꿔 약실 압력을 조절키로 했다. 새끼손가락 한마디 만한 추진제의 작은 알갱이들은 마치 연탄과 유사한 구멍이 뚫려 있는데 이 구멍의 수와 모양을 바꾸는 것이다.
""미국의 추진제가 보통 7공(孔) 형상인데 비해 독일의 것은 19공입니다. 사진으로 확인했지만 설계 제원은 알 수 없었지요. 7공 형태에서 개선을 시도하다가 1997년에 19공으로 방향을 틀었지요. 수많은 시험을 거쳐 98년 실용 개발단계에 들어서야 5만3000psi 이하에서 40㎞의 사거리 달성이 가능한 포구속도를 얻을 수 있었습니다.""(김형식 박사)
이것으로 개발이 완료됐을까. 또 하나의 시련이 잠재해 있었고 그것은 훗날 운용시험 중에 큰 아픔으로 나타나게 된다.
한편 최대 사거리 확보에 또 하나의 중요한 요소가 포탄이다. 기존 보조로켓포탄(RAP·Rocket Assisted Projectile)은 로켓 노즐을 갖추고 그 안에서 추진제를 태워 사거리를 늘린다. 이에 비해 신자포의 사거리 연장탄은 항력 감소장치(Base Bleed)가 달린, 즉 탄 비행 때 탄체 밑부분에 생기는 공기저항을 항력 감소 추진제 연소를 통해 감소시키는 탄이다.
포탄연구팀(개념연구 이성호·탐색개발 최병두·체계개발 홍종태 팀장)은 유병도·정명지 책임연구원, 이종철·윤상용(이상 포탄체계)선임연구원, 황준식·김창기(이상 항력 감소장치) 박사, 조용찬 선임연구원(탄체)으로 구성됐다.
황 박사는 먼저 항력 감소장치 분야 전문가인 미국 펜실베이니아 주립대학의 쿠오 박사를 찾아가 공동연구를 제안했다.
그러나 쿠오 박사가 35만 달러의 연구비를 요구하는 데다 미국도 40㎞용은 개발이 안된 상태여서 공동연구보다 국내 독자 개발의 길을 택했다.

황·김 박사는 탄저부 항력 감소장치 작동 개념 및 연소현상을 파악하는 등 (선행)개발에 나섰지만 곧 난제에 부닥쳤다.
""포탄 비행시간에 맞춰 30초 이상의 연소시간을 확보해야 했는데, 포탄의 회전이 없는 지상실험에서는 성공했지만 분당 수만 번을 회전하는 비행 중에는 연소시간이 13초에 불과했어요. 그렇게 급격히 연소시간이 짧아지는 원인 규명이 잘 안돼 고전했습니다."" (황준식 박사)
연구진은 최초 에어모터에 의한 회전시험 장비를 제작했으나 진동이 심하고 회전도 2000rpm 정도밖에 오르지 않아 전기모터로 구동하는 회전시험 장비를 개발, 1만5000rpm 까지 회전시키며 연소시험을 실시했다.
그 결과 알루미늄 분말이 연소속도를 증대시킨다는 사실을 파악, 문제 해결과 함께 사거리 연장기술을 확보할 수 있었다.
그러나 이것만으로 최대 사거리를 만족시킬 수 없었다.
35% 이상의 사거리 연장효과를 실현할 수 있도록 연소속도(시간)·압력지수·산화제 함량 등의 주요 설계변수를 최적화할 수 있는 탄저부 항력 감소장치 소프트웨어 개발이 필요했는데 김박사가 이를 개발, 설계변수를 최적화해 항력 감소장치를 개발했다.
당시 신자포용 포탄은 기존 포탄보다 길고 날씬하면서 작은 날개(너브) 4개가 달린 탄이다. 그런데 선행개발 운용시험에서 매우 중요한 문제가 대두됐다. 탄 날개가 자동 이송장치에 장애가 되고 발사 때 포열강선을 파손시킬 뿐만 아니라 날개의 제작과 부착이 매우 어렵다는 것이다.
홍종태 박사는 날개를 없애면서 공기저항을 최소로 받도록 탄체를 유선형으로 바꿨다. 그 결과 최대 사거리 40㎞를 상회했으나 40㎞에서 낙하 때 탄 분산도가 기존탄보다 2~3배가 넘었다. 탄체 하부의 회전탄대(포열의 강선을 타고 탄을 회전시키는 역할)를 수정하면 해결되리라고 보았다.
하지만 산 넘어 산. 이번에는 탄체 일부가 깨지며 날아가는 현상이 발생했다. 초속 925ｍ로 포구를 이탈하는 탄에서 깨져 나가는 물질을 촬영, 확인하는 자체가 어려웠다. 거듭된 시험 속에 탄체 뒷부분이 파손돼 항력감소 추진제도 깨진다는 결론을 얻었다.
최종적으로 조용찬 선임연구원이 ‘보조탄대’를 부착하는 아이디어를 창출해 개발함으로써 탄 분산도를 최소화하는 효과를 거뒀다. 이로써 K9용 포탄의 독자 개발에 성공할 수 있었다."
https://kookbang.dema.mil.kr/newsWeb/20220516/2/ATCE_CTGR_0080100002/view.do,RnD,[천마 4회]  전문개발부서 유능한 인재 불러모아 개발팀 구성,,"""천마사업은 개발이 비교적 수월하게 순조롭게 진행된 사업입니다.""
국방과학연구소의 많은 연구원은 이 말에 동의한다. 여기서 수월했다거나 순조로웠다는 것은 천마의 기술적 난이도가 높지 않았다는 뜻이 아니다. 요구되는 기술력은 오히려 고난도의 것이었다.
천마 관련 연구원들은 개발과정에서 나타난 수많은 기술적 고비를 단합된 힘, 뜨거운 열정으로 절묘하게 극복했으며, 개발일정을 앞당겼다. 수월했다는 것은 바로 이 같은 의미이다.

물론 국과연이 현무·해룡 개발에 성공함으로써 미사일 개발역량을 한 단계 끌어올린 것은 사실이고 천마개발에 대한 연구 의욕도 높았던 것 역시 사실이다.
그러나 의외로 천마사업에 선뜻 자진 참여하려는 연구원은 기대에 미치질 못했다. 단순히 도전의식 부족 운운할 것은 아니다. 그만큼 천마개발의 사업적 위험도가 높았던 것이다. 그래서인지 천마사업을 이끌어갈 ‘사업책임자’ 선임도 순조롭지 않았다.
해룡사업을 마무리짓는 가운데 1986년 6월부터 천마사업의 체계실장을 겸하던 박양배(육사22기·전 부소장)박사는 뜻밖에도 국과연 박덕호 소장에 의해 탐색연구단계의 천마사업책임자로 임명되었다.
박 박사는 1979년 육군사관학교 교수를 마치고 국과연으로 전입, 백곰·현무 등 미사일사업에 잇달아 참여한 유도조종분야의 권위자로 연구원들 사이에 명망이 높았다.
사업책임자 임명이 달가운 인사명령은 아니었다. 그 역시 이 땅의 군인으로, 과학자로 태어나 자주국방에 기여할 ‘작품’에 대한 ‘욕심’이 없을 리 없었지만 위험성 높은 천마만큼은 고사하고 싶었던 것이 솔직한 심정이었다.
그러나 인사명령은 거부할 수도, 피할 수도, 번복될 수도 없다는 것을 익히 알고 있었다. 명령을 받아들이고 한시라도 빨리 나름대로 사업을 계획하는 것이 현명한 것이었다. 얼마 안 있어 박 소장은 사업구상에 머리를 싸매고 있는 박 박사를 보고 한마디 툭 던졌다. ""인사에 항의해올 줄 알았는데, 오지 않더군.""
이즈음 국과연 연구원들 사이에 소위 ‘4인방’으로 주목을 받던 인물들이 있었다. 지상장비분야의 안승열 책임연구원, 미사일 체계종합을 맡은 백홍열 박사, 설계개발의 진정석 책임연구원, 사업관리의 민영기 박사 등이 바로 그들.
틈틈이 낚시와 바둑 등 취미를 함께하며 휴식을 갖는 모습이 의아스럽게 보일 만큼 각기 독특한 개성의 소유자였던 이들은 뜨거운 연구 열정과 이들만의 의기투합으로 다른 연구과제를 담당하는 연구원들의 부러움을 자아내기도 했다.
박 박사는 이들을 중심으로 연구인력을 확충하는 일에 착수했다.
비록 기술적 가능성을 점검하는 선행(탐색)연구단계지만 유도탄을 비롯해 사격통제장치, 탑재차량에 이르기까지 18개 분야가 복합된 무기체계를 개발하는데 10명도 채 안되는 당시의 인력을 보강하는 것은 가장 시급한 문제였다.
마침 이 당시엔 국과연에 ‘대형’이라고 할 프로젝트가 아직 없었다. K9 자주포 개발사업이나 KT1 기본훈련기사업도 아직 본궤도에 오르지 못한 상태였던 것. 국과연 내 유능한 인재들을 불러모을 수 있는 좋은 기회였다. 타 연구과제에서 인력을 ‘빼와야’ 하는만큼 쉬울 리 없었지만 박 박사는 엄청난 추진력과 설득력을 보였다.
훗날 사업총괄을 맡은 정덕조(鄭德朝·49)박사의 경우 1년 뒤에나 합류토록 해보겠다는 종합시험단측의 의사를 꺾고 6개월 만에 참여시키기도 했다. 선행개발 전까지 연구인력은 이런 식으로 확보되었다. 국과연 연구원들은 천마개발팀을 두고 ‘박양배 박사와 4인방’ 또는 예부터 전해져 오는 국과연의 지명을 따 ‘무내미의 외인구단’이라고 불렀다.
""사업책임자는 무기체계 개발이 연구원의 몫이라고 할 때, 카리스마적인 리더이기보다는 연구원들의 조력자, 배의 방향을 잡는 타수(舵手)라는 인식이 우선돼야 합니다. 사업 목표와 방향의 명확한 설정, 연구환경(여건) 조성, 연구원들에 대한 신뢰 등이 사업을 성공으로 이끄는 중요한 요소라고 봅니다."" (박양배 박사)
■ 국방일보 연재 원문 기사
국방일보 국산 무기체계 개발 비화
『철모에서 미사일까지』 제2화 「KSAM 천마」
<4> 2002년 3월 27일자"
https://kookbang.dema.mil.kr/newsWeb/20220517/1/ATCE_CTGR_0080100004/view.do,RnD,전차가 진흙탕/진창을 만나면?,,"러시아 전차, 라스푸티차 때문에 기동 곤란
진창, 진흙탕 등 특수한 환경 극복 훈련 필요
러시아가 우크라이나 침공을 개시했을 때, 러시아 지상군은 개전하자마자 벨라루스 방면에서 약 45시간 만에 약 150~160km를 진격한 것으로 분석되기도 했습니다. 하지만 얼마 되지 않아 외신들은 러시아의 전차들이 빠르게 진격하지 못하고 곤경에 빠졌다는 소식을 타전하기 시작합니다.
무인항공기(UAV·drone)나 재블린과 같은 휴대용 대전차미사일로 러시아 전차를 공격, 파괴하고 있기 때문입니다. 






특히 개전에 앞서 우려된 대로, 3월 말 해빙기와 10월 초가을 장마 때 토양이 진흙으로 변하는 라스푸티차(Rasputitsa)의 영향도 함께 꼽고 있는데요, 진창·진흙탕이 전차의 기동에 많은 영향을 주는 듯합니다. 이 때문인지 야지 기동이 아닌 도로 기동을 하는 모습이 더 많이 눈에 띕니다.
그러면 전차는 진창에서 기동하지 못하는 걸까요?
당연히 지반이 굳거나 콘크리트나 아스팔트가 깔린 도로보다는 못하지만, 전차와 같은 무한궤도(caterpillar)를 이용하는 궤도차량들은 진흙과 같은 연약 지반을 잘 극복하며 주행할 수 있습니다.
특히 바퀴로 움직이는 차륜형 차량보다 극복 능력이 월등합니다. 

예를 들어 전투중량이 60톤에 이르는 전차는 승용차보다 무게가 몇 십 배나 더 무거워 진흙탕에 더 깊이 빠질 거 같고, 앞으로 더 나가기도 힘들 거 같지만, 그 반대입니다.
이것은 ‘접지압’이란 것과 관련이 있습니다. 

접지압(Contact Pressure 接地壓)이란 ‘구조물의 바닥 면이 지반으로부터 받는 압력’인데 차량의 경우 궤도나 바퀴가 지면으로부터 받는 압력을 말합니다.
차량의 중량을 궤도·바퀴가 지면과 닿는 면적으로 나눈 값(kgf/㎠, 킬로그램포스)이죠. 

이 접지압이 낮을수록 진창과 같은 연약한 지반에서 더 용이하게 운행할 수 있습니다. 일반적으로 성인의 경우 0.4~05kgf/㎠이고 바퀴로 움직이는 승용차는 1.5~2.5kgf/㎠, 무한궤도를 장착한 장갑차와 전차는 각각 0.4 ~ 0.6kgf/㎠, 0.8~1.2kgf/㎠입니다.
대상별 접지압 차이."" ondblclick=""parent.DemaEdit.photoEditorOpen('tx_entry_41118_')"">
승용차보다 훨씬 무거운 50톤 이상의 전차 접지압이 오히려 낮은 까닭은 무엇일까요?
전차의 무한궤도가 승용차의 바퀴보다 지면에 닿은 면적이 넓어서 차체의 중량을 지면으로 넓게 분산시키기 때문입니다. 그래서 지반이 물컹물컹한 진창에 승용차는 못가도 궤도차량이 갈 수 있는 겁니다. 또 2륜 구동식 차량보다 4륜 구동형이 늪지를 쉽게 이탈하는 까닭도 여기 있습니다.
전차와 일반차량의 접지면 비교"" ondblclick=""parent.DemaEdit.photoEditorOpen('tx_entry_70434_')"">
러시아는 우크라이나 침공 직전 ""전차는 진흙을 두려워하지 않는다(tanks don’t fear mud)""고 호언하며 서방측 전차나 진흙 걱정하라고 했는데 이렇게 말할 수 있는 것은 서방측 전차보다 중량도 가볍고 접지압도 낮기 때문입니다.
러시아의 전차들은 대개 0.85kgf/㎠를 제한치로 삼고 있다고 합니다. 46~51톤의 T-90은 약 0.83kgf/㎠입니다.






미국은 전차 접지압이 1.01kgf/㎠이면 대체로 무난하다 하는데요, 전투중량이 65~66톤하는 M1A2이 1.08kgf/㎠, 독일 레오파트2A5가 0.89kgf/㎠, 프랑스의 르끌레르가 0.994kgf/㎠인 것으로 알려져 있습니다.
서방측과 러시아 전차에서 나타나는 접지력 차이는 방호력 강화로 인한 전투중량 증가에서 오는 이유가 크지 않을까 합니다.
우리나라 고유모델 K2 흑표도 국토의 70%가 산악지대이면서 점토질이 많은 토양, 특히 평지 가운데 수답지(水畓地) 비율도 상당히 높은 환경에 맞춰 접지압을 낮추는 데 많은 노력을 기울여 개발했습니다. 1.0kgf/㎠ 미만으로 알려져 있습니다.
물론 접지압을 낮춰 연약 지반에서도 충분히 기동할 수 있도록 개발했다손 치더라도, 실제 작전 환경에서 얼마만큼 빠르게 효율적으로 극복할 수 있는지는 수치적으로 알 수는 없을 겁니다.
그에 대한 답은 실제 작전 환경의 특징, 그리고 운용하는 장병과 부대의 역량에 달린 것이고, 특히 평시에 그와 같은 상황에 대비해 실전적으로 훈련을 잘 해왔느냐 하는 점에서 찾아야 할듯 싶습니다.
우리 육군은 전장 상황에서 접하게 될 다양한 특수조건에서도 장비를 운용하는 능력을 숙달하기 위해 포장도로는 물론 진흙 펄이 가득한 야지, 가파른 산악지형, 수풀이 우거진 산림지대 등에서 다양한 기동훈련을 하고 있습니다."
https://kookbang.dema.mil.kr/newsWeb/20220516/1/ATCE_CTGR_0080100001/view.do,RnD,[K9 23회]  우여곡절 끝 獨 MTU 엔진 장착,,"""이제 엔진을 교체하는 방향으로 나가는 게 좋겠습니다.""
국방과학연구소 기동분야 분할과제책임자인 최창곤(국방기술품질원장 역임) 박사와 엔진 문제를 상의하던 신형 자주포의 동력장치 팀장인 김영덕 박사는 ""더 이상 시간을 소비할 수 없다""며 엔진 교체 입장을 밝혔다.
선행체계개발에 들어선 후 신자포 탑재 엔진은 국과연과 체계종합업체인 삼성테크윈 (현 한화디펜스) 연구·기술진에 ‘고통’에 가까운 문제를 일으킨 상태였다.

국내에서도 일부 엔진·변속기 개발기술이 산학기관에서 활발히 전개되고 있었지만 양산 수량의 제한성과 이에 따른 개발비 보상효과 미흡, 그리고 기간 내의 개발 신뢰성 등을 고려할 때 해외도입이 불가피했다.
최초 선정된 엔진은 외국의 유사 기동장비에 탑재된 바 있고, 냉각장치를 작게 설계함으로써 유리한 측면이 있는 것으로 알려진 미국 DDC사의 850마력 엔진과 ATD사의 X1100 자동변속기였다.
탐색개발 당시 삼성테크윈이 개발한 MTR에 적용, 만족스러운 결과를 나타냈다.
문제가 야기된 것은 선행체계 차량조립을 끝내고 차량성능 시험을 한창 진행하던 시기였다. 이즈음이면 엔진은 그 강력한 힘을 충분히 발휘해야하는 때인데 실린더 헤드 파손·엔진 커넥팅로드 절손 등 갖가지 고장을 일으켰다.
동력장치 연구팀들의 말할 수 없는 고통이 시작된 것이다. 고장원인은? 대책은? 일주일이 멀다하고 대책회의가 지속되고 대처 방안을 강구하느라 동분서주했다. 수리하고 재장착하고, 심지어 다시 제작해 재시험하기를 반복했다.
그러나 고장은 줄지 않고 계속됐다.
마침내 동력장치 팀장인 김 박사의 의견에 따라 엔진 교체를 위한 광범위한 자료조사가 시작됐다. 가장 큰 관심을 보인 업체는 영국의 퍼킨스(Perkins) 사였다. 독일의 MTU사도 1995년 8월께 쌍용중공업(현 STX) 손계욱 상무를 통해 참여의사를 밝혔다.
그해 12월 초 김 박사와 삼성테크윈 조규남 박사가 퍼킨스사와 MTU사를 직접 방문했다.
먼저 방문한 퍼킨스 사는 챌린저 전차에 탑재된 1200마력급 CV12 콘도르 엔진을 출력저하시켜 1000마력으로 조정한 엔진을 제시했다. 가격은 DDC 엔진보다 약간 비쌌지만 상대적으로 규모가 큰 12기통이라는 점, 냉각장치에 대한 기술적인 미흡 등이 걸렸다.
MTU사에서 김·조박사 등을 맞은 것은 8기통의 아담한 엔진이었다. 독일에서도 PzH2000자주포에 적용, 독일 및 캐나다에서 실차시험을 진행 중이었다. 냉각장치의 설계 또한 최신의 유로팩(Euro Pack)에 적용한 시스템을 채택, 첨단에 가까운 설계 내용을 제시했다. 그러나 MTU사는 이러한 엔진·변속기를 냉각하는 시스템을 개발하는 비용으로 300만 마르크를 요구했다.
김·조 박사는 MTU 사의 영업이사에게 ""우리는 MTU 엔진이 작고 성능이 우수하다는 것은 안다. 하지만 우리는 그런 비용을 들여 대안 엔진을 찾는 것이 아니다. 우리는 얼마든지 이보다 싼 엔진으로도 우리의 동력장치를 개발할 수 있다""고 말하고 그 자리를 박차고 나왔다.
이 때문인지 이튿날 MTU사는 훨씬 좋은 조건의 제안을 해왔다.
연구진은 귀국 후 해외 출장에서 얻은 자료를 중심으로 좀 더 구체적인 탑재 가능성, 성능 예측, 설계변경 부위에 대한 검토를 거쳐 선정 과정에 들어갔다. 퍼킨스 사의 엔진은 예상한대로 12기통이라는 크기가 문제였다. 변속기와 엔진을 연결해주는 변속기 입력 부위를 설계변경하더라도 종감속기와 연결부위의 공간이 마련되지 못했다. 차체 폭을 키우는 대폭적인 설계 변경 없이는 불가능했다.
결국 MTU 사의 1000마력급이 선정됐다.

이후 MTU사의 엔진은 국과연의 최창곤 박사를 주축으로 삼성테크윈의 기술진이 공동 개발한 신자포의 내구도 시험차량(ATR：Automotive Test Rig)에 적용됐다. 이 ATR은 97년 9월부터 1년 동안 국과연 기동시험장에서 12개 항목의 기본성능 시험과 내구도 9600㎞ 주행, 내구도 시험 후 다시 12개 항목의 기본성능 시험 등을 모두 통과했다.
이로써 신형 자주포 K9은 독일의 PzH2000 자주포의 성능(외기온도 46도에서 평탄도로 최고 주행속도 60kph)보다 훨씬 우수한 기동성(최고속도 67kph)과 냉각성능(외기온도 50도 이상)을 확보한 세계 최고의 기동력을 자랑하는 자주포로 태어나게 됐다. 동력장치는 매우 놀라운 기술발전을 이뤄 현재 (2002년 당시) 국산화율이 55% 수준을 보이고 있다.
신형 자주포 K9은 사격에 대해 어느 정도 안전할까.
화포는 추진장약이 급속히 연소하면서 발생하는 가스 팽창력으로 포탄을 포구 밖으로 밀어내는데 이때 폭음(爆音)과 함께 반동력이 발생하면서 포신을 뒤로 주퇴시킨다. 폭음과 주퇴력은 각각 승무원과 장비의 안전에 영향을 주게 된다.
선행체계개발 기간 무장연구팀(문갑태 팀장)의 이영현·강국정 선임연구원이 시행착오를 거듭하며 개발한 신자포용 제퇴기와 주퇴복좌기는 신자포의 사격 충격량이 K55(KM109A2)에 비해 2배, KH179 견인포보다 1.4배가 큼에도 불구하고 승무원과 장비를 안전하게 보호해주고 있다.
외관상으로 보아도 타 화포의 그것과 확연히 구별되는 신자포의 제퇴기는 여러 개의 격실을 갖는 점이 특징이다. 방출가스는 각 격실의 가스 방출구를 통해 순차적으로 확산하기 때문에 폭음이 낮을 뿐만 아니라 각각의 격실에 가공된 가스충돌판은 높은 주퇴제동성능을 갖는다. 특히 이러한 구조는 화염의 양을 감소시킬 수 있기 때문에 야간사격시에도 빛에 의한 노출을 현저히 감소시켜준다.
신자포 주퇴복좌기에는 기존의 화포에서는 필수적인 사격 고각에 따라 포신의 주퇴거리를 조절하는 장치가 없고, 속도를 조절하거나 완충해주는 장치가 눈에 뜨이지 않는다는 점도 주목해보자.
이는 연구진이 자동장전장치의 부착을 위해 포탑 바닥면으로부터 포신 중심선까지의 높이를 상당히 높게 설계하면서 비롯된 것이다. 연구진은 최대장약 사격 시 어떠한 사격 고각에서도 포신이 820~860㎜ 정도의 주퇴거리를 유지할 수 있도록 최적화하고, 나아가 포신이 사격위치로 되돌아올 때 복귀속도를 제어하는 완충장치도 주퇴실린더 내에 조립시켰다.

결과적으로 주퇴복좌기의 구조를 상당히 단순화했을 뿐만 아니라 포 구조물에 전달되는 사격하중을 큰 폭으로 감소시키면서 안전성을 확보할 수 있었다.
이 모든 성능은 김봉수 선임연구원이 개발한 주퇴장치 모의 시험기를 통한 4,500발의 사격 시험과 실용 시제품에서의 모든 사격 시험 등을 견뎌내면서 충분히 확인되었다."
https://kookbang.dema.mil.kr/newsWeb/20220516/4/ATCE_CTGR_0080100002/view.do,RnD,"[천마 3회]  육군, 8기 발사형 체계 개발 희망",,"굴곡이 심한 산악지형과 삼면이 바다로 둘러싸여 있다는 점은 우리나라의 대표적인 지형적 특징으로 꼽히지만, 이는 적의 기습공격을 용이케 하는 반면 아군에는 방어에 어려움을 가져다 주는 불리한 전장 여건에 속한다.
때문에 휴전선에서 불과 40㎞ 이내에 있는 수도권과 해안에서 멀지 않은 곳에 위치한 비행장 등 국가 주요시설들은 적의 저고도 기습공격에 취약한 면을 드러내고 있다.
유사시 이같은 위협에 대비, 우리 군은 1954년 고사포대대 창설을 시작으로 방공체계 구축에 나섰다. 1964년에는 저고도 지대공 미사일인 호크 미사일을, 이어 65년에는 나이키 미사일을 보유했으며 1970년대에 들어서는 발칸과 엘리콘을 잇따라 도입, 배치하는 등 방공체계를 꾸준히 강화해 왔다.
그러나 북한 역시 1970~1980년대를 통해 전투기의 저고도 침투 능력과 전자전 능력을 향상시켜 왔으며, 한층 강화된 무장 헬리콥터의 원거리 공격 능력은 아군의 야전기동부대에 큰 위협 요소로 부각되었다.
따라서 아군의 방공체계 강화는 시급한 과제가 아닐 수 없었다.

80년대 초 국방과학연구소는 현무와 해룡 미사일 개발에 박차를 가했고 한편으로 중·저고도 방어를 위한 단거리 지대공 미사일(SAM) 개발에 관심을 두기 시작했다.
향후 호크와 나이키 등 해외로부터 도입된 무기 체계에 대해 예상되는 성능 개량과 기술적 해외 의존도 탈피를 위해서도 국내 방공무기체계 개발은 필요하다는 점이 힘을 더해 주었다.
마침 그동안의 미사일 개발사업을 통해 초음속 풍동실험실·추진제공장·구조실험실등을 확보하고 있었고, 공력해석과 구조해석을 비롯해 유도조종장치의 반도체화, 사격통제장치의 국산화, 탄두 및 추진기관 설계 등의 체계 설계 및 시험평가기술을 축적하고 있었다. 특히 해룡사업과 30㎜ 대공포(비호) 사업은 단거리 SAM 의 분야별 설계 및 제작 능력을 더해줄 것으로 판단되었다.
국과연은 1983년에 열린 한미안보협의회의(SCM)에서 구상회(국과연 부소장 역임) 박사가 우리의 단거리 SAM 개발을 정식 제안, 긍정적으로 논의한 데 이어 84년 당시 유도조종부장이던 박찬빈 박사는 단거리 SAM 개발을 위한 태스크 포스 팀을 구성, 개발 가능성 타진에 들어갔다.
비슷한 시기에 육군도 그때까지 취약성을 보였던 고도 5㎞, 사거리 10㎞ 까지의 공역(空域) 방어를 위한 총체적인 방공개념을 정립하기 시작했다. 발칸을 비롯해 30㎜ 대공포, 휴대용 대공 미사일 체계 및 단거리 지대공 유도무기 체계를 혼합 편성한다는 것이 그 요점이다.
물론 육군은 휴대용 SAM 을 선호하는 경향을 보이기도 했지만 국과연은 선진국의 유사 무기 체계와 우리의 연구기술 수준을 감안, 단거리 SAM 개발이 더 적합하다는 판단을 내렸다.

국과연이 이때 그려낸 천마의 밑그림은 궤도차량에 전자광학추적장치(EOTS)를 지닌 미사일 4발을 장착한 복합무기 체계의 모습이었다.
그러나 육군은 미사일 4발이 아닌 8발 발사형 체계를 희망하는 의사를 표시했고, 1985년 마침내 합참을 통해 지금의 천마와 유사한 모습으로 개발해 달라는 소요를 제기해 왔다.
""1문의 체계에서 8발을 쏠 수 있도록 하기 위해서는 미사일의 크기와 무게를 대폭 줄여야 하는데, 전자광학추적장치를 채택하는 이상은 그게 쉽게 되지 않습니다."" 진정석 책임연구원의 회고처럼 천마 개발은 탐색(선행) 연구단계에서 1차 벽에 부딪친 격이었지만 박양배 박사(국과연 부소장 역임)가 팀에 합류하면서 전기를 맞게 되었다.
■ 국방일보 연재 원문 기사
국방일보 국산 무기체계 개발 비화
『철모에서 미사일까지』 제2화 「KSAM 천마」
<3> 2002년 3월 20일자"
https://kookbang.dema.mil.kr/newsWeb/20220516/1/ATCE_CTGR_0080100002/view.do,RnD,[천마 2회]  해룡은 천마 개발의 밑거름,,"""백곰 시사회 때 내가 다연장로켓인 구룡을 수동으로 발사시켰지요. 원래 자동으로 발사하게 되어 있었지만, 발사스위치 2개를 양 손으로 0.5초 간격으로 두드리며 56발이나 쏘았어요. 긴장이 풀린 탓인지, 배출가스 때문인지 다 쏘고난 후에는 그만 정신을 잃고 말았던 기억이 새롭네요.""
지대지미사일 ‘백곰’, 함대함미사일 ‘해룡’에 이어 천마개발사업에 참여했던 진정석(秦正錫) 책임연구원은 1978년 9월의 백곰 및 구룡 시사회 당시부터 회고해 주었다. 진 책임연구원은 지금도 물론 그렇지만 그때는 정말 무엇이든 다 만들어낼 것 같은 열의가 무내미(국방과학연구소가 위치한 지명)에 가득했다며 차를 한모금 마셨다.
그는 천마에 앞서 해룡에 대해 먼저 말문을 열었다. ""비약적 발전이란 말이 있긴 하지만, 그건 비유일 뿐이지 기술에는 단계를 뛰어넘는 도약이라는 게 성립되질 않아요. 기술적 단계를 다 거쳐야 합니다. 백곰 개발 중에 해룡을 개발하는 과정을 거치지 않았다면 천마의 실전배치는 그 시일이 훨씬 늦춰졌을지도 모릅니다.""
‘해룡’(海龍).
이 이름은 백곰이나 현무처럼 귀에 익숙하지는 않지만, 우리 미사일 개발사에서 당당히 한 자리를 차지하고 있는 단거리 함대함미사일의 명칭이다. 불운이라면 양산단계에는 이르지 못했다는 것이다.
해군은 1975년 말께 프랑스에서 엑조세미사일을 도입, 시사회를 실시한 이후, 북한의 소형 함정을 타격할 소형의, 그리고 값이 저렴한 함대함미사일의 필요성을 더욱 절감하고 관련 무기체계 획득을 위한 검토를 벌였다.
이에 따라 국과연은 1978년 1월부터 백곰미사일 개발과 병행해 함대함미사일 기초연구를 시작했다. 그러나 79년 말과 80년대 초의 격동기에 국과연도 크게 영향을 받아 백곰개량형(NHK-Ⅱ, K-Ⅱ) 개발 중단과 구조조정이라는 어려움을 겪지 않을 수 없었다.
그런 가운데에서도 해룡사업은 탐색개발을 마치고 반능동 레이저미사일체계를 해군이 원하는 개발대상체계로 확정, 1981년 9월부터 선행 및 실용개발에 들어갔다. 그런데 연구팀이 추진기관·탄두·전자광학추적장치 등 구성체계에 대한 성능시험과 각종 비행시험에 박차를 가할 때쯤 ‘해룡’에게도 연구개발 중단지시가 내려졌다.
""사업을 종료해야 했지만 연구는 마무리 지어야 한다는 생각에 1986년 말까지 자체 연구개발은 계속됐습니다. 그때까지 시험비행이 약 20회, 해군 주관 아래 발사시험 등 4차례의 운용시험이 성공적으로 실시됐습니다.""
실전배치 되지 않아 개발실패라고 보지 않느냐에 대해 진 책임연구원은 ""그렇지 않다""는 말에 고개를 저었다. 1987년 1년간, 해군이 함정에 탑재된 시제장비를 운용했고, 1987년 2월에는 합참에서 조건부이지만 해룡을 해군의 전투장비로 채택, 규격서도 확정했으므로 개발은 성공한 것이라고 설명한다.
진 책임연구원은 다만 백곰 미사일의 성공이 오히려 미사일 개발에 과신을 불러일으킨 데다, 소형 미사일에 대한 이해부족과 과소평가로 사업출발이 매끄럽지 못했음을 토로했다. 또한 값비싼 획득가격과 함께 반능동 레이저유도방식 채택에 따른 해상기후 환경에서의 작전운용성 저하 등도 양산에 이르지 못한 원인이라고 지적했다.
""본래 반능동 레이저유도방식은 명중률이 우수합니다. 그런데 해상기후에 영향을 많이 받았어요. 날이 썩 좋지 않은 날에는 표적탐지와 추적성능이 수학적 예측치보다 상당히 떨어집디다. 결과적으로 작전가능 거리가 10㎞ 에 훨씬 못미치는 것으로 나타난 겁니다.""
해룡은 양산에 돌입하지 못함으로써 ‘승천’하지는 못했지만 이때 획득한 기술들은 훗날 유사 분야에 직접 활용돼 천마개발에도 큰 영향을 주었다. 해룡은 죽은 것이 아니라 바다속에 ‘잠룡’으로 살아 있었던 것이다.
■ 국방일보 연재 원문 기사
국방일보 국산 무기체계 개발 비화
『철모에서 미사일까지』 제2화 「KSAM 천마」
<2> 2002년 3월 13일자"
https://kookbang.dema.mil.kr/newsWeb/20220516/3/ATCE_CTGR_0080100002/view.do,RnD,[천마 1회] 자주국방의 자부심 ' 적 전술기 킬러',,"1997년 10월27일, 국방과학연구소는 새로운 미사일을 선보여 또한번 주위를 놀라게 했다. 이날 김동진 국방부장관을 비롯, 국회 국방위원회 소속 의원들과 주요 군 관계관들이 참석한 가운데 베일을 벗고 시범사격을 가진 미사일은 대공방어용 ‘천마’(天馬)였다.
캐터필러 (caterpillar·무한궤도)로 움직이는 장갑차량 위에 두 종류의 레이더와 양 옆으로 4발의 소형 미사일을 각각 장착하는 발사터렛이 탑재된 천마는 첫눈에 낯설었지만 당당하고 멋진 외관을 지니고 있었다.
천마의 눈 역할을 하는 탐지레이더가 빠르게 회전하며 7~8 ㎞ 멀리 하늘 위로 날려진 무인표적기를 포착하는 순간, 붉은색으로 칠해진 미사일이 흰 연기를 뒤로 뿜으며 번개 같은 속도로 비행하기 시작했다. 불과 10여 초 후, 참관인들은 쌍안경으로 미사일이 표적기를 명중시키는 폭발화염을 확인하고 탄성을 터뜨렸다.
천마는 1년 뒤인 1998년 10월1일, 건군 50주년 국군의 날을 맞아 ‘북한 전술기 킬러’로서 국민들 앞에 다시 모습을 보이며 ‘개발 신고’를 함으로써 ‘자주국방’을 염원하는 국민들의 가슴에 자부심을 한껏 불어넣어 주었다.
1999년 11월 양산체제에 돌입한 데 이어 현재 육군방패부대에 실전배치돼 수도권 하늘을 지키고 있는 천마의 정식명칭은 ‘한국형 단거리 지대공 유도무기(KSAM: Korean Surface to Air Missile System)’. 탐지·추적장치와 미사일 8발 및 사격통제장치를 단일 장갑차량에 탑재한 집중형 유도무기체계이다.
소형 전투기 등 표적을 20㎞ 밖에서부터 탐지, 추적할 수 있고 미사일의 유효사거리가 10㎞ (고도 5㎞)에 달한다. 특히 음속의 2.6배로 비행하면서도 중력가속도의 30배가 넘는 기동성으로 적의 비행체를 요격할 수 있는 성능을 자랑한다. 최종 테스트에서 100%의 명중률을 기록했다.
천마는 또한 주·야 전천후로 운용됨은 물론 현대전에서 가장 중요시되는 전자전 대응 능력을 갖추고 있다.
1문의 전투중량이 26ｔ이며 우리나라와 같은 산악지형에서 야전군 기동부대와 동시적인 기동성을 감안 시속 60㎞의 기동력을 발휘한다.
천마와 유사한 단거리 방공무기체계를 개발한 나라는 미국·영국·프랑스·독일·스위스·이스라엘·러시아 등 방산분야의 선진국들.
이들이 개발한 무기체계 가운데 우리보다 20년 이상 먼저 개발에 돌입, 10여 년 앞서 전력화된 스위스의 ADATS, 프랑스의 CROTALE-NG, 독일과 프랑스가 공동개발한 ROLAND-Ⅲ 등과 비교할 때 천마는 성능면에서 동등하거나 오히려 더 우수한 것으로 평가받고 있다.
가격 경쟁력도 월등하다. 1문당 가격은 약 150억 원, 미사일은 1발에 2억8000여 만원으로 ADATS 등에 비해 80억~100억 원 저렴, 향후 미사일 수출국으로서의 위상 정립도 기대되고 있다.
이같은 국과연의 노작〔勞作〕, 천마는 대통령의 재가 시점을 기준으로 할 때 1989년 7월부터 본격적으로 개발되기 시작한 것으로 보는 것이 일반적이다. 그러나 본 기획시리즈 ‘철모에서 미사일까지’의 제2화 ‘KSAM 천마’는 우리나라 최초의 미사일 ‘백곰’(NHK-Ⅰ, K-Ⅰ) 개발 성공 이후, 불운(?)의 미사일 ‘해룡’ 개발시기까지 거슬러 올라가 이야기를 시작하려 한다.
■ 국방일보 연재 원문 기사
국방일보 국산 무기체계 개발 비화
『철모에서 미사일까지』 제2화 「KSAM 천마」
<1> 2002년 3월 6일자"
https://kookbang.dema.mil.kr/newsWeb/20220515/1/ATCE_CTGR_0080100004/view.do,RnD,포병은 왜 K9에 환호했을까_HSU와 승차감,,"K9 자주포와 유기압 현수장치(HSU)
견인포, 땅 파서 스페이드 고정해야 안정 사격 가능
2차대전 이래 현수장치  주류 이룬 토션바는 한계에
HSU, 안정적 사격과 야지주행 승차감 향상에 기여
저온에서 누유 및 비싼 가격이 단점....해결 후 각광
K9 자주포가 야전에 배치되었을 때 이를 운용하는 포병 장병들은 크게 환호했다. 최대사거리가 40km이고 분당 몇 발을 발사할 수 있다는 등의 우수한 화력 성능상의 이유만은 아니다.
K9을 타고 직접 운용하는 장병 입장에서는 그 보다 더 중요한 것이 있으니, 이제 포 사격을 위해 곡괭이로 땅을 팔 일이 없어졌고 또 승차감도 걱정과는 달리 나름 무척 좋았기 때문이다.
견인포, 땅 파서 스페이드 고정시켜
포병들은 화포를 포 진지로 이동시킨 후 방렬(放列)하면서 포를 지면에 고정하는 일을 가장 먼저 한다. 포의 양 다리(架身)을 벌려 포 전체를 안정되게 위치시킨 후 곡괭이로 땅을 움푹 찍어 파서 포다리 끝 발톱 모양의 스페이드(spade)를 고정하거나 스페이드가 땅에 닿는 면에 해머로 철주(鐵柱)를 박아 사격 시 포가 뒤로 밀리지 않도록 한다.
이는 포탄 발사 때 사격 충격으로 인해 포 전체가 움직이면서 생기는 오차를 최소화하여 빠르고 정확하게 재사격하기 위함이다. 이런 일은 비단 견인포뿐 아니라 대부분의 기존 자주포도 마찬가지여서 K55자주포를 보면 자주포 후미 문 옆에 스페이드가 달려 있다.
포병이 ‘3보 탑승’이라지만 기존 자주포를 비롯한 궤도차량들은 장갑과 내부 장치들이 철재인 데다 공간마저 협소하고, 기동 중에는 울퉁불퉁한 야지를 달릴 때의 승차감이 좋을 리 없다. 그런데 K9은 땅을 파지 않아도 빠르고 정확하게 사격할 수 있고, 승차감도 고급 승용차 수준이라는 것이다. 과거 1980년대 K1전차가 처음 나왔을 때 당시 국산최고급 승용차 ‘그랜저’의 승차감이라고 호평한 바도 있지만, K9 승차감은 그보다 더 좋다는 것이 일반적인 평가다.
K9에 무엇이 있길래....
1980년대에 우리 군은 미국의 M109A2자주포 기술을 도입해 국내(삼성테크윈)에서 K55(KM109A2)라는 이름의 자주포를 생산했다. 1984년 겨울, 국방과학연구소 화포 연구진은 야전부대에서 이 자주포의 성능시험을 직접 수행하면서 스페이드를 땅에 고정시키는 일을 직접 해봤다. 한겨울에 얼어붙은 땅을 곡괭이로 파내는 일은 결코 쉽지 않을 뿐 아니라 고통에 가까웠다. 무척이나 힘들었던 이때의 경험이 연구진으로 하여금 스페이드 없이 사격할 수는 없을까, 보다 더 승차감이 좋게 주행할 수는 없을까를 두고두고 고민케 했다.
그후 K9 연구개발이 본격화되면서 이 문제를 해결할 수 있는 ‘답’으로 ‘유기압 현수장치’(HSU : Hydropneumatic Suspension Unit)를 내놓았다. 그런데 당시로서는 HSU가 최신 기술이지만 적용한 장비도 많지 않고 또 신뢰성을 충분하지 못한 상태에서 가격만 비싸다 보니 ‘될까?’하는 의구심이 적지 않았다.
노면 진동과 사격충격 흡수 

차량이 주행할 때 노면에서 받는 진동이나 충격을 차체(chassis)에 직접 전달되지 않도록 하여 차체 손상을 방지하고 승차감을 좋게 하는 역할을 하는 장치를 현수장치  (또는 현가장치, suspension)라고 한다.
차량의 차체와 차축 사이를 연결하는 현수장치는 차량에 미치는 충격을 흡수하는 스프링과 스프링의 반복운동 성질을 감쇠시키는 완충기(shock absorber)로 구성되어 있다. 승용차의 앞부분을 아래로 힘껏 누르면 스프링에 의해 차체가 아래로 내려갔다가 위로 올라온다. 스프링은 힘을 받으면 계속 움직이므로 완충기를 이용해 제자리에 멈추게 하여 차량이 곧 정상 자세로 주행할 수 있도록 도와준다.
현수장치의 스프링으로는, 가벼운 승용차에는 코일 스프링이 쓰이고 무거운 트럭에는 판 스프링이 사용된다. 하지만 자주포나 전차, 장갑차와 같이 엄청난 하중을 지닌 차량을 지탱하면서  운행 중의 진동이나 사격에 의한 충격을 흡수하기 위해서는 스프링을 쓰지는 못하고 그와 같은 역할을 하는 다른 장치를 써야 한다. 토션바(torsion bar)나 유기압 장치가 그것이다.
토션바는 일반 차량의 스프링 대신 강철봉(捧)의 비틀림 특성을 이용한 것으로, 궤도차량의 보기륜에 충격이 전달되면 보기륜 지지암이 끝단 부분을 중심으로 회전하여 고탄성의 토션바를 비틀면서 충격을 흡수한다. 구조가 간단하고 교환도 비교적 용이하며 신뢰성이 높다는 장점이 있다. 제2차 세계대전 때 독일이 야지 등에서 기동력을 높이기 위해 최초로 실용화한 이래 현재까지 군용 궤도차량의 주종을 이루었다.
그러나 토션바는 차체의 저판을 통과하여 설치되기 때문에 차체 내부 공간을 잠식하는 등의 단점이 있는 데다 1980년대에 이르러서는 비록 고강도로 개량되었다 하더라도 그 성능의 한계점에 도달한 것으로 보았다. 더욱이 최신 전투차량의 요구 조건으로 야지 기동속도 향상과, 포의 안정화를 통한 정확도 향상, 승차감 개선 등이 대두되면서 새로운 현수장치의 필요성이 강조되었고 그래서 등장한 것이 HSU다.
HSU는 질소가스의 압축 및 팽창 과정에서 발생하는 완충력을 이용해 진동·충격을 흡수하고 댐퍼(damper)로 유량을 조절해 완충 작용을 한다. 이 장치는 차체 외부에 장착되므로 내부 공간 잠식이 거의 없고 차체 실루엣을 낮게 설계할 수 있으며, 내부 유체의 양을 가감하여 자세제어 기능을 부여할 수도 있다.
이런 장점을 높이 산 스웨덴이 일찍이 S전차(Strv103)에, 일본이 74식 및 90식 전차에 HSU를 채택했다. 반면 독일의 레오파드2나 미국의 M1계열의 전차는 기존의 토션바를 개선한 고강도 토션바를 현수장치에 적용했을 뿐이었다. 이는 HSU 개발 초기에 기구가 복잡하고 가격이 고가이며, 저온에서 기름이 누출되는 등 신뢰성 면에서 다소 문제가 드러났기 때문이다.
자주포에서도 독일의 PzH2000, 미국의 M109A2, 러시아의 2S35는 여전히 토션바 현수장치를 쓰고 있다. 


  



반면 영국은 전통적으로 연구개발 성향이 보수적임에도 불구하고 독자적인 HSU 개발을 시작해 VDS사 및 에어로그(Air-log)사를 통해 유기압현수장치를 개발, 이를 자국의 챌린저 전차 와 AS-90 자주포에 적용했다.
우리나라도 1980년대 미국에서 기술도입으로 국내 생산한 K1전차에 HSU와 토션바를 혼합한 현수장치를 적용했다. 이어 K9 개발단계에서 영국의 AS-90자주포의 HSU 기술을 도입해 국산화에 성공했다. 이 과정에서 국방과학연구소와 동명중공업(현 모트롤)은 K9의 전투중량이 AS-90보다 약 5톤이나 더 나가는 데서 비롯된 문제를 해결하는 등 영국의 원천 기술을 능가하는 성능의 HSU를 개발, K9에 장착했다.
전투피로도 낮추고 전투력 최대 발휘
K9은 HSU가 주는 장점을 최대한 살린 자주포이다. 사격시 발행하는 사격충격량을 충분히 흡수하면서 차체를 신속히 안정화하는 것은 K9이 견인포는 물론 타 자주포보다 우월한 연속사격 능력과 높은 사격 정확도를 갖게 한 하나의 이유가 된다. 또한 사격절차를 보다 빠르게 진행함으로써 적이 대응 사격을 해오기 전에 사격한 위치에서 신속히 이탈할 수 있는데, 이는 생존성을 보장하는 요소가 된다.
그리고 승차감. 장비가 아무리 첨단이어도 운용은 결국 전투 현장의 사람이 하는 것이다. K9의 승차감이 좋다는 것은 그만큼 전투원의 피로도를 낮출 수 있다는 것이고 이는 전투원들의 사기를 유지하며 디지털화한 첨단 장비를 온전히 운용해 전투력을 최대로 발휘하는 기반이 된다."
https://kookbang.dema.mil.kr/newsWeb/20220515/1/ATCE_CTGR_0080100001/view.do,RnD,"[K9 22회]  ""신자포 3년 내에 선행개발 마치겠다""",,"신형 자주포 연구진은 1994년 1월부터 사업책임자 김호권 박사(국방과학연구소 부소장 역임)를 비롯해 체계관리팀장 홍석균 박사·체계종합팀장 김동수 박사 라인으로 새롭게 진용을 갖추고 선행체계개발 단계에 돌입했다.
김호권 박사는 ‘준비된 사업책임자’라고 불릴 만큼 1983년 국방과학연구소에 첫발을 내디딘 이래 다방면에서 사업관리 능력을 발휘해왔다. 1980년대 K1 전차의 국내 시제 초도생산을 담당한 전차체계실을 맡아 사업을 성공적으로 이끌었을 뿐만 아니라 주미무관·국과연 기술부장·국방부장관 과학보좌관을 지내면서 세계적인 연구 개발 흐름을 꿰뚫어 보고 있었다. 미국에서 사업관리과정(PMC)도 이수, 세계적 수준의 신자포를 개발하는 사업책임자로서 적임으로 인정받고 있었다.
그는 선행체계개발을 3년 내에 완료하겠다는 계획과 일정을 제시했다. 선행체계개발이란 소요 제기된 신자포의 시제품을 제작하는 일뿐만 아니라 이 시제품이 기술·운용시험을 통해 작전운용성능(ROC)을 충족하는지를 확인, ROC를 보완한 후 실용체계개발을 위한 계획도 수립하는 일련의 과정을 말한다.
그런데 신자포가 구비할 성능·수준을 감안할 때 3년 내 선행개발을 마치겠다는 계획은 당시 형편으로 보아 사실상 무리한 일정이었다. 신자포에 직접 참여 중인 연구진 일부는 물론 국과연 내의 타 개발팀, 방산업체의 주요 관계자 대부분이 사업 기간이 지나치게 짧다는 점을 지적했다. 공식 회의 석상에서 ""신형 155㎜ 자주포 선행개발을 3년 내에 완료하면 내 손에 장을 지지겠다""는 호언(?)까지 나올 정도였다.
단지 ‘국과연은 군이 필요로 하는 무기를 적시에 공급해야 한다’는 대전제, 소요 군과의 약속을 지키기 위해 선행개발 기간을 3년으로 설정한 것이었을까. 그렇지만은 않았다. 김호권 박사를 비롯한 주요 연구진은 확신이 있었다.

김호권 박사와 연구진은 체계종합팀과 부(部)체계를 맡은 각 전문연구실이 개념연구·탐색개발을 통해 다져놓은 연구 기반이 튼튼하기 때문에 이를 바탕으로 주요 구성품 설계·제작 18개월, 체계조립 4개월, 실내 기술시험 4개월, 시험평가 8개월, 그리고 실용개발 계획 수립 및 확정에 필요한 2개월을 포함해 3년이면 가능하다고 보았던 것이다.
""항아리에 물을 채우다 보면 바닥에서 가운데까지는 폭이 점점 넓어져 처음에는 채우는 속도가 늦는 듯 하지만 이 포인트를 지나면 항아리의 물은 눈에 뜨일 만큼 빠르게 채워집니다. 체계개발이 완료되기까지의 기술개발 과정을 이렇게 보면 되는데, 개념연구·탐색개발에서 항아리에 채운 물의 양(기술개발 및 축적)이 충분해서 선행개발 중 가속도를 붙일 수 있다고 판단한 것입니다.""(김동수 박사)
연구진은 곧 사업수행 지침을 마련했다. 부품 단위로 기술적 개발상황을 점검하면서 기술시험과 군 운용시험 중 많은 항목을 통합 수행해 계획상의 시험평가 기간을 단축할 수 있도록 추진했다. 또한 방산업체가 수행할 수 있다고 판단되는 모든 업무, 즉 상세설계·품질보증·시험지원 업무 등을 과감히 업체로 전환하는 등의 각종 업무와 역할을 재조정했다.
동시에 김호권 박사는 인화(人和)를 특히 강조했다. 서로 밀고 당겨주며 협력하면 어떤 어려움도 능히 타개할 수 있다는 믿음을 갖고 있는 그에게 인화는 사업관리의 핵심요소. 연구 인력의 충원도 쉽지 않고 사업일정마저 충분하지 않은 때, 그리고 신자포의 체계팀과 각 전문개발실 연구팀 간, 국과연과 방산업체 간, 군과의 입장·이해가 각기 다른 상황에서 연구·기술진의 분발을 이끌어내기 위해서도 인화의 강조는 지나침이 없었다.
‘7C3S’는 이때 나왔다. 7C는 마음자세로서 창조(creation)·협동(cooperativeness)·조정(coordination)·결합(combination)·집중(concentration)·확증(confirmation)·자기 신뢰(confidence)이며, 3S는 행동화로서 단순화(simple)·신속(speed)·목표지향(shoot)을 뜻한다. 즉 7C의 마음자세를 3S라는 행동으로 나타내 연구개발의 목표를 달성한다는 것이다.
김동수 박사는 여기에 신바람이 나는 연구 분위기를 조성하기 위해 동분서주했다. 지난해(2002년) 월드컵에서 경험했듯이 한국인의 내면에 있는 에너지를 솟구치게 하는 요소가 바로 신바람. 인화의 연구환경 속에 연구원들의 신바람은 체계개발 중 크고 작은 연구 성과와 연결돼 간간이 부닥치는 어려움을 극복하는 활력으로 작용했다.
짧은 기간에도 불구하고 연구진이 성공적으로 시제품을 개발한 데에는 육군포병학교와의 협조관계도 빼놓을 수 없다. 조동성 군무서기관(전투발전 및 교리담당)을 중심으로 한 교관들은 신자포 개발 초기부터 연구원들이 잘 알지 못하는 포병의 운용 실태 및 경험 등 실질적인 조언을 아끼지 않았다.
연구진은 체계설계를 구체화하는 과정에서 이들과 수시로 협의를 가지며 운용적인 측면에서 요구사항들을 구체적으로 체계에 반영해 나갔다. 특히 기존 포병이 운용하는 사격방향과 관련, 포 진지 중심의 편각 운용체계를 신자포 중심의 방위각 운용체계로 전환하는 데 의견을 모음으로써 신자포의 특성을 살릴 수 있었을 뿐만 아니라 시행착오를 줄일 수 있었다."
https://kookbang.dema.mil.kr/newsWeb/20220510/1/ATCE_CTGR_0080100001/view.do,RnD,[K9 21회] 포탄 이송·장전을 자동화...탄약 취급 안전 보장,,"자주포에 쓰이는 포탄은 길이 70~100㎝에 무게가 45~50㎏ 가량 된다. K55(KM109A2)만 해도 승무원들은 이 포탄들을 가슴 높이까지 들어올려 장전장치(rammer) 위에 올린 후 유압식 피스톤으로 포강 안에 밀어넣으며 장전한다.
반면 K9은 포탑에 포탄을 보관하는 적치대, 포이축(砲耳軸：포신 구동축)을 중심으로 이동하는 이송기, 포신에 붙어 있는 장전기와 이들을 제어하는 제어장치 등으로 탄 이송시스템을 구성해 탄 이송 및 장전 과정을 자동화하고 있다.
그 과정을 좀더 들여다 보자.
탄약운반장갑차에서 포탑 뒤쪽의 문으로 들어온 포탄은 자동으로 적치대에 구르며 적재된다. 사격제원이 결정되면 적치대의 포탄이 굴러 적치대 중앙에 있는 트레이(tray) 위에 놓이고 이때 승무원이 트레이 손잡이를 잡아당기면 포탄은 미끄러지면서 이송기로 들어간다.
이송기가 사격 고각으로 내려가 있는 장전기 위치까지 이동해 포탄을 넘겨주면 장전기는 바로 포탄을 포강 내로 ‘던져’ 넣고, 그러면 포탄의 회전탄대가 강선에 박히면서 포탄은 강선에 안착하게 되는 것이다.
이같이 자동화한 포탄 이송시스템에서 승무원은 직접 포탄을 힘들게 들어 올리는 과정 없이 단지 포탄을 장전할 때 탄 종류를 눈으로 확인하면서 트레이 손잡이를 잡아당기는 것으로 장전 임무를 마친다는 사실을 알 수 있다. 이는 궁극적으로 K9의 장점인 15초 내 3발의 급속사격과 분당 6발의 최대발사속도, 지속적인 사격능력을 구현해 준다.
적치대와 이송기는 정상철 책임연구원과 이태경 선임연구원, 삼성테크윈 이강일 부장, 두원중공업 장봉진 부장 등으로 편성된 연구팀이 개발했으며 장전기는 양경승·김진성·추증호 선임연구원이 (주)위아(현 현대위아)의 함석우 과장과 팀을 이뤄 개발했다.
연구진은 우선 K55 운용 부대를 수차례 방문, 포탄의 취급과정과 절차 포탄 장전과정에서 문제점과 개선점이 무엇인가를 알아내 개발을 위한 기본개념을 발전시켰다. 이송기의 경우 어려운 문제는 탄종마다 중량·길이·무게중심·회전탄대의 형상이 모두 다르다는 점이었다.
""이 포탄이 잘되면 저 포탄이 안되고, 포탑 천장에 로봇 팔을 설치해 탄을 이송해보는 등 갖은 방법을 다 써봤습니다. 특히 이송시스템이 탄을 ‘굴리는’ 방식이었기 때문에 당시 날개(너브)가 있도록 개발 중인 신형탄은 해결하기 어려운 것이었습니다. 장전장치에도 영향을 미칠 수밖에 없었는데 마침 탄 개발팀에서 이 신형탄을 최대사거리 확보가 가능하도록 날개 없는 형상으로 개발키로 함으로써 이송시스템 개발이 수월해졌습니다.""(정상철 책임연구원)
이송·장전시스템에서는 안전성도 특별히 요구된다. 장전된 포탄이 강선에서 빠져 나오는 경우가 없어야 하는 점이 중요하다. 높은 사격고각으로 장전한 포탄이 강선에서 빠져나와 차체 바닥으로 떨어지면 심각한 상황으로 연결될 수 있기 때문이다. 연구진은 이에 대비, 안전장치를 만들어 포미환에 붙이기로 하고 장전장치로 포탄을 장전해 강선에다 안착시키는 실험을 가졌다.
""포탄을 강선에 안착시킨 후 다시 실험하기 위해서는 10여 명이 길고 무거운 장대로 포탄을 빼내야 했는데 이게 중노동이었습니다. 1시간에 겨우 세네 번, 하루 열 번 실시하기도 어려웠지요. 결국 중량물을 자유낙하시키는 충격력을 이용하는 아이디어로 전용 시험기를 개발, 실험을 진행했습니다.""(양경승 선임연구원)
K9은 기동하더라도 포탄의 움직임 없이 안전하게 보관된다. 구동모터와 연계된 간헐식 치차기구로 적치대 내부에서 탄이 고정되고, 나아가 적치대 전방부에 탄두 고정장치가 있어 안전성은 더욱 높다. 통신 오류가 발생하더라도 스스로 자신의 위치를 판단, 장전기 위치로 찾아가는 이송기의 2단계 제어개념도 뛰어난 선진기술이다. 이같은 적치대와 이송기는 이우민 선임연구원이 수만 발의 사격에 해당하는 내구도 시험을 수행하며 높은 신뢰성을 확보했다.
""장병들이 탄 취급 임무를 더 빠르고 편하게, 그리고 안전하게 수행할 수 있도록 했다는 점에서 개발자의 한 사람으로서 크게 만족합니다.""(정상철 책임연구원)"
https://kookbang.dema.mil.kr/newsWeb/20220509/1/ATCE_CTGR_0080100004/view.do,RnD,"전차와 자주포, 무엇이 다를까",,"흔하고 또 기초적이지만, 그래도 쉽게 지나칠 수 없는 질문이 하나 있다. 전차와 자주포는 어떻게 다르고, 어떻게 구별하느냐 하는 문제이다.
전차와 자주포는 현대전에서 지상군이 사용하는 대표적인 무기체계로 널리 알려져 있는 까닭에 두 장비의 겉모습이 비록 비슷하다고 해도 쉽게 구별하고, 또 특징도 잘 알 것처럼 생각되지만 실제로는 꼭 그렇지 않다는 것을 이따금씩 경험하곤 한다.
전차와 자주포, 두 장비는 모두 차체 위에 포/포탑이 있고, 장갑으로 장비와 인원을 보하며 자체 동력을 이용해 무한궤도(caterpillar)로 기동한다는 점이 동일하다. 여기에 차체의 크기와 동력에 의한 속도 등 일반 제원이, 물론 상세히 보면 다르지만, 비슷비슷한 면이 있어 원거리에서는 일견 같은 장비로 착각하는 예가 없지 않다.
하지만 두 장비의 임무와 목적은 물론 이를 운용하는 장병의 분야가 각각 기갑(기동)과 포병(화력)으로 엄연히 다르듯 분명한 차이점이 있다.
전술적 운용 면에서 살펴보면, 전차는 최전선에서 적과 직접 마주 보고 교전하며 적을 파괴·제압하는 반면 자주포는 전선 후방, 그것도 적에게 위치가 쉽게 노출되지 않는 곳에서 포탄 세례를 퍼붓는 강력한 화력으로 광역의 적을 격퇴·무력화하는 임무를 수행한다.
두 장비가 갖는 차체 구조와 장갑을 비롯한 각종 성능과 효과의 차이가 여기에서부터 비롯된다.
세계적 수준의 성능으로 인정받는 K2 전차와 K9 자주포의 제원 및 성능을 통해 두 장비의 유사점과 차이점을 확인해 보자.
우선 전차와 자주포를 외형적인 면을 살펴보자. 두 장비는 제원상으로 보아도 언뜻 비슷한 크기이다. 하지만 전차는 자주포보다 차체가 상대적으로 낮고 포탑은 작게 설계·제작되었음을 볼 수 있다. 이는 전차의 민첩성·생존성과 관련이 있고, 적의 관측 여지를 줄이는 데도 도움이 된다.
K2의 경우 유기압 현수장치로 필요에 따라 차체 높이와 기울기를 조절할 수 있다. 전차는 또 무한궤도 양옆에 자주포에는 없는 스커트(skirt)를 장착해 궤도와 현수장치를 보호한다.
외형으로 잘 파악되지는 않지만 차량을 보호하는 장갑의 재질과 두께도 구별하는 요소가 된다. 전차는 적 전차나 대전차 화기로부터 생존하기 위해 차체의 전면·측면·후면이 두꺼운 장갑판재로 둘러싼다. 이에 비해 자주포는 적진을 돌파하는 전투가 아닌 후방에서의 화력지원이 주목적이므로 적 포탄이 폭발할 때의 파편이나 소화기탄 정도로부터 보호받는 수준의 방호력을 갖춘다.
자주포에는 있지만 전차에는 없는 것으로, 비사격시에는 포신을 고정해주는 포신잠금장치가 차체 앞 부분에, 뒷쪽에는 큰 문이 있음을 볼 수 있다. 이 문은 승무원의 출입 뿐만 아니라 포탄의 적재를 위해 이용되는데 이 때문에 자주포의 엔진 등 동력장치는 차체 앞쪽에, 전차는 뒷쪽에 위치한다. 따라서 자주포는 엔진 배기가스를 측면으로, 전차는 뒤로 배출한다.
전차와 K9에는 없지만, K55 자주포처럼 사격 충격으로 차체가 뒤로 밀리는 것을 방지해 주는 스페이드(spade)가 후미에 장치된 예도 있다. 이는 K55가 차체에 미치는 충격을 흡수하는 현수장치를 유기압식이 아닌 토션바로 쓰고 있기 때문이다.
전차포탄 중 하나인 날개안정철갑탄은 현존 총포류의 탄약 중 비행 속도가 가장 빠르다. 


최전선에서 적을 직접 조준사격을 하는 전차는 가능한 한 빠르고, 강력하고, 정확하게 적을 파괴 또는 무력화해야 한다.
빠르다는 것은 비단 차량의 속도만을 말하지 않는다. 포탄 역시 일직선으로 빠르게 비행해야 한다. 특히 운동에너지로 장갑을 관통시키는 철갑탄의 경우, 그 관통력은 탄자의 질량과 표적 충돌속도의 제곱에 비례하므로 비행속도(포구속도·Muzzle Velocity)는 최대한 빨라야 한다.
이를 위해서는 포탄이 발사될 때 약실과 포강 내에서 발생하는 추진압력을 포신 끝까지 최대한으로 받는 것이 중요하다. K2 등 주요 주력전차(MBT)들이 직사포이면서 강선포가 아닌 활강포를 쓰는 이유, 또 사격 충격력을 저감시키는 장치로서 자주포의 포신 끝에 위치하는 제퇴기(Muzzle Brake)가 없는 까닭이 여기에 있다.
비교하자면, 곡사화기인 K9의 포구속도는 920m/s 정도지만 K2의 날개안정분리철갑탄은 그에 2배가 되는 1,800m/s 안팎이다. 구경 120mm의 전차포로 낼 수 있는 최대 포구속도는 약 2,000m/s이다.
전차는 비교적 근거리에서 위협이 되는 적 전차나 견고한 진지를 ‘초탄명중’으로 파괴시켜야 하기 때문에 정확도를 높여주는 장치들이 필요하다. 그래서 고도로 정밀한 광학조준경과 야시장비, 그리고 적 표적까지의 거리를 정확히 측정할 수 있는 거리측정기 등을 필수적으로 갖추고 있다. 특히 전차가 움직여도 포는 계속 목표물을 겨냥하고 있도록 하는 안정화 장치 등이 있다.
하지만 곡사포를 채용하는 자주포는 간접사격 방식을 쓴다. 가시선 밖의 원거리에 위치한 표적에 대해 별도의 관측과 유도 수단으로 조준한 후 다량의 포탄을 날려 보내 지역적으로 제압하는 것이다. 이를 위해 기본 고폭탄 외에 사거리를 연장하는 장치를 추가하거나 다탄두화하는 등 멀리서, 넓게 파괴·무력화 효과를 주는 다양한 탄약을 쓰고 있다. 전차와는 명중의 개념도 다른 것이다.
전차와 자주포는 이 같은 직접조준사격, 간접사격의 차이로 인해 포신의 발사각 범위도 달리한다. 자주포의 경우 고저각이 -3~+75˚인 반면 전차는 -6~+19˚정도이다. 다만 K2의 경우 유기압 현수장치를 통해 6개의 보기륜 중 뒷부분의 것을 낮추면 차체 앞부분이 올라가므로 포신의 각을 더 상향시킬 수 있다."
https://kookbang.dema.mil.kr/newsWeb/20220503/1/ATCE_CTGR_0080100001/view.do,RnD,[K9 20회]  HSU 개발 '땅팔 일 없고 사격도 빠르고 정확히',,"K55 성능시험 경험 두고두고 고민
'스페이드 없이 사격할 수는 없을까'
영국 AS-90자주포 적용 HSU 채택
숱한 오류 극복하고 원천기술 능가
포병들은 화포를 포 진지로 이동시킨 후 땅을 파고 포다리(架身) 끝에 발톱 모양의 스페이드(spade)를 땅에 고정하는 일을 가장 먼저 한다. 자주포는 전차에 비해 사격 충격량이 약 2배에 달하기 때문에 그 충격을 지탱하며 포를 정확히 지향, 사격하기 위해서는 커다란 스페이드를 땅에 고정해야만 하는 것이다. 이 한겨울에 얼어붙은 땅을 곡괭이로 파내는 일은 결코 쉽지 않을 뿐 아니라 때로는 고통에 가깝다.
국방과학연구소(국과연·ADD) 화포 연구진은 1984년 겨울 국내에 처음 도입된 K55(KM109A2) 자주포의 성능을 시험하면서 스페이드를 땅에 고정하는 일을 직접 해봤다. 이때의 경험이 연구진으로 하여금 스페이드 없이 사격할 수는 없을까, 보다 더 승차감이 좋게 주행할 수는 없을까를 두고두고 고민케 했다.
그 해답은 신형자주포사업을 구상할 즈음인 1987년에 찾을 수 있었다. 안충호 체계팀장은 당시 영국이 개발 중이던 AS-90 자주포가 유기압 현수장치(HSU : Hydropneumatic Suspension Unit)를 적용, 스페이드 고정 없이 360도 전 방향으로 사격이 가능하다는 것과 승차감도 좋아졌다는 사실을 알게 된 것이다.
따라서 이 HSU를 적용하면 땅을 파고 철주(鐵柱)를 일도 없고 승차감이 좋아 지속적으로 전투 임무를 수행할 수 있을 뿐만 아니라 기동 중에도 사격명령을 받으면 1분 이내에 초탄 발사가 가능할 것이라고 판단했다.
궤도차량의 현수장치는 자동차 바퀴 부분에 해당하며 궤도와 스프링 역할 장치로 구성된다. 궤도는 모래밭·진흙 속에서도 주행과 장애물(수직·참호) 통과도 가능하므로 모든 지형에서 전투 임무를 수행하는 전차·장갑차·자주포에 주로 적용된다.
또 스프링 관련 장치는 진동 흡수와 충격 완화 역할을 한다. 그런데 기존의 자주포는 스프링으로 토션바(Torsion bar)를 적용, 기동 중 발생하는 진동·충격을 흡수하지만 사격 때의 충격을 지탱하기 위해서는 스페이드를 필요로 했다.
신자포에 적용될 HSU는 기동 또는 사격 중 발생하는 충격을 다 받을 수 있는 당시 첨단 제품으로 자동차의 완충기(shock absorber) 역할을 한다. 자주포체계팀은 신자포에 적용할 스프링으로 HSU를 결정했다. 그러나 당시 국제적으로도 HSU는 내구 수명이 검증되지 않은 채 일부 장비에서 문제를 야기해 논란이 없지 않았다.
국내기술 수준도 부족해 영국에서 AS-90자주포에 적용하고 있는 에어로그(Air-Log)사 제품을 기술도입, 국산화하는 것이 불가피했다.

연구진은 기동실험차량(MTR)과 선행 시제품에는 도입품을 적용키로 하고 선행개발 기간 중 국산화 10%, 실용개발 중 70%를 국산화하는 것을 목표로 삼았다.
기술개발은 국과연 현수연구팀의 김종수·이윤복 선임연구원과 동명중공업의 정태휘 차장·오현재 과장이 중심이 돼 에어로그사의 기술지원을 받으며 국내생산 기반을 갖춰 나갔다.
선행 시제품을 완성, 1만㎞ 내구도 주행시험을 하면서 동시에 한국기계연구원에서 실내 내구도 시험을 수행했다.
그러나 믿었던 HSU에 문제점이 발생했다. AS-90에 비해 5톤이 무거운 47톤의 신자포 중량을 HSU가 견뎌내지를 못한 것이다. 내구도 시험차량에 쓰인 12개의 HSU 중 8개를 교체해야 했다. 실내 내구도 시험 중에도 같은 현상이 나타났다.
이제 연구진 스스로 신자포용 HSU로 많은 부분을 개량 개발해야 하는 과제를 안게 됐다. 실용개발 중이던 1997년 5월부터 꼬박 1년간 국과연·동명중공업(현 모트롤) 연구진은 밤낮 없는 씨름을 계속해야 했다. 결함이 발생, 설계변경을 했지만 다음 시험에서도 예상치 못한 문제점이 또 발생되곤 했다. 그렇게 설계변경이 5번, 실내 내구도 시험이 11번이나 수행됐다.
하지만 땀으로 맺은 열매는 더없이 달다. 시험과정에서 질소가스 체적 증가, 콘로드 재질 개선, 주피스톤 강도 보강, 실링 메커니즘 보완 등 우수한 국산화가 이뤄졌다. 그 결과 5~15톤의 하중을 몇 단계로 변화시키는 1사이클을 50만 회 수행하는 내구도 평가시험을 거뜬히 통과했다. 이는 1만㎞ 주행과 50만 발의 사격 충격력을 견뎌내는 것과 같은 것이다.
한마디로 연구진이 개량 개발한 K9의 현수장치는 당시 수입된 HSU는 물론 그 어떤 HSU보다 뛰어난 성능을 갖는다. 이는 원천기술을 제공했던 영국도 인정하고 있다. 개발 성공 직후 동명중공업이 이 현수장치 부품을 영국으로 역수출한 쾌거가 그 사실을 말해준다.
■ 국방일보 원문 기사
국방일보 국산 무기체계 개발 비화
『철모에서 미사일까지』 제3화 「K9 155mm 자주포」
<20> 현수장치 국산화 성공 2002년 12월 18일자"
https://kookbang.dema.mil.kr/newsWeb/20220429/1/ATCE_CTGR_0080100001/view.do,RnD,[K9 19회]  탁월한 장갑판재 용접실력...방호력 우수,,"알루미늄합금 아닌 강철 장갑판재 선택
삼성테크윈, 강철 판재 용접사 특별교육
포탑 처짐량 5mm 이하 ...성공의 계단 올라서
자주포의 포탑 구조물은 사격 때 발생하는 충격을 직접 흡수하게 되므로 기술적 위험 요소를 다분히 내포하고 있다. 더욱이 국내 개발 강철장갑판재가 최초로 적용되기 때문에 연구진은 위험도를 감안, 수입 소재와 국내 소재를 각각 사용한 시제를 제작하고 이를 비교·분석하기로 했다. 포탑 내구도 시험용 구조물과 차량 방호 시험용 구조물도 마찬가지.
이 같은 결정에 체계종합업체이면서 포탑 및 차체 구조물을 제작하는 삼성테크윈은 난감해 했다. 공장의 설비와 인력이 K55자주포용 알루미늄합금 장갑판재로 제작하는 구조였기 때문이다.
삼성테크윈은 설비와 인력구조 변경에 많은 투자비가 필요하다며 재고해 줄 것을 요청했다. 안충호 체계팀장 등 국과연 체계팀은 여기서 단호한 입장을 취했다. 군이 제시한 작전운용성능(ROC)의 방호력과 21세기 자주포의 선두주자가 되려면 당연히 강철장갑판재를 신자포에 적용해야 한다고 못을 박았다.
삼성테크윈도 이내 국방과학연구소와 의견을 같이하면서 송정원 생산이사(삼성테크윈 공장장 역임)를 중심으로 자주포 조립 설비와 인력을 갖춰 나가기 시작했다. 수백억 원을 투입한 생산설비 가운데 특히 신경쓴 부분은 용접공정이었다.
""강철장갑판재를 용접하는 용접사를 별도로 선발해 특별교육을 실시했습니다. 공정에서 발생하는 연기·습기를 제거하기 위해 공기정화장치, 항온·항습장치를 설치하는 등 용접사가 쾌적한 환경에서 작업할 수 있고 우수한 품질을 유지하도록 노력했습니다.""(송정원 공장장)
삼성테크윈의 각별한 노력은 국가기술자격의 최고 수준인 ‘용접기능장’을 15명이나 보유하고 이들이 용접한 시편은 미국의 ATC(Aberdeen Test Center)의 평가에서 전량 매우 양호한 상태로 합격, 그 기술을 공인받는 결실로 나타났다. 미국 시험관은 ""십여 년의 시험을 담당했지만 이렇게 양호한 용접부는 처음""이라고 격찬하기도 했다.
한편 국과연의 포탑구조물팀과 삼성테크윈의 기술진이 심혈을 기울여 제작한 첫 번째 포탑구조물은 한국기계연구원에서 내구도시험을 가졌다. 구조물 곳곳에 300여 개의 계측센서를 부착하고 사격하중과 같은 유압으로 작동하는 해머에 15ｔ에서 130ｔ까지 하중을 증가시켜가며 포탑구조물을 때렸다. 결과는 기대 이하였다.
""설계목표상 구조적인 처짐량은 6㎜ 이하였어요. 그런데 시험에서 확인된 처짐량은 38㎜ 였습니다. 이런 포탑으로 사격해봤자 탄착점이 흩어져 쓸 수가 없습니다. 컴퓨터로 구조해석을 반복하면서 취약 부위와 개선점을 찾는 데 밤낮으로 매달렸지요. 휴가는 꿈도 못 꿨습니다.""(조성훈 책임연구원)
개선한 포탑은 훌륭했다. 테스트 결과 처짐량이 5㎜ 였다. 성공의 계단에 올라선 것이다. 연구진은 이 포탑 구조물로 사격량 5만 발에 해당하는 유압충격 시험을 수행했다. 사격충격량 3배의 하중으로 시험하기도 했다.
또한 방호구조 분야는 국과연의 성완 방호구조팀장을 중심으로 최창·이창현 박사, 박지우 선임연구원이 수행했다. 다양한 방호구조 시편을 제작해 실사격을 실시, 방탄조건을 찾아 설계했다.
이렇게 개발된 구조물은 체계개발 기간 중 모든 사격·기동시험에서 너끈히 견뎌냈다. 특히 국내 개발된 장갑판재가 수입한 소재보다 여러 특성면에서 우수성을 나타내며 일부 우려를 불식함으로써 연구진이 그동안 흘린 땀을 시원하게 씻어주었다.
■ 국방일보 원문 기사
국방일보 국산 무기체계 개발 비화
『철모에서 미사일까지』 제3화 「K9 155mm 자주포」
<19> 용접사특채 장갑판재 제작 2002년 12월 11일자"
https://kookbang.dema.mil.kr/newsWeb/20220501/1/ATCE_CTGR_0080100004/view.do,RnD,"전차 연비의 비밀 ""1리터에 얼마나 갈까""",,"전차 전술상 필요 항속거리는 400~600km
연료 대당 1,200~1,800ℓ 적재
레오파드2A6, 항속거리 450km지만 야지는 240km
가스터빈 쓰는 M1계열전차 최악의 연비
그 연료로 얼마동안 기동하나 '작전시간'이 더 중요
미래 동력장치는 전기식...현재는 하이브리드 연구 중
일반 승용차에 쓰이는 휘발유 가격이 리터(ℓ)당 2000원을 넘나들고 있다. 운행 횟수와 거리를 줄여 연료비를 아껴도 가계 부담은 심각하게 늘어간다. 군에서도 마찬가지이다. 지프와 같은 소형차량부터 전차, 함정, 항공기에 이르기까지, 군 운영비에서 유류 비용이 차지하는 비중은 실로 막대하다.
특히 유류는 대부분의 장비가 차량화·기계화된 군에서 기동력, 나아가 전투력과도 직결되어 있다. 주요 무기체계마다 기동 성능으로 전투중량, 엔진 출력, 항속거리, 도로 및 야지 주행속도 등을 소개하는데, 이런 항목들은 유류와 관계되어 있다.
세계 선진국이 보유한 전차를 통해 기동력과 유류와의 관계를 살펴보았다.
항속거리(cruising range)는 포장도로에서 최적의 연비로 정속 주행하는 상황에서 연료 재보급 없이 기동할 수 있는 최대 거리로 정의된다. 그래서 연비에 적재 연료량을 곱하면 항속거리 값이 나올 듯싶지만 실제로는 항공기나 함정, 차량 등 운송체에 따라, 그리고 국가마다 계산하는 법이 조금씩 상이하다. 차량 속도와 연료량은 물론 연료 비중, 엔진 출력, 연료 소모율 등을 고려하는 예도 있기 때문에 일반적으로 공표되는 성능상 수치와는 차이가 있을 수 있다.
세계 각국의 주력전차(MBT·Main Battle Tank)들은 대체로 6~8드럼의 경유를 넣는다. 드럼당 200ℓ이므로 적재량은 1,200~1,800ℓ이다. 이만큼의 연료가 필요한 이유는 전투중량이나 엔진 효율에 관계 없이 전차의 전술상 필요한 항속거리를 400~600km로 보고 있기 때문이다.
하지만 전차가 양호한 도로로 이동하지 않고 야지를 횡단한다면 연료 소모량은 훨씬 증가하고 그에 따라 연비는 낮아질 것이다. 실제로 야지 횡단시 항속거리는 레오파드2A6가 240km, M1A2가 150~200km이다. 도로 주행 때 거리의 절반에 해당한다. 그래서 먼 거리를 이동할 때는 열차나 대형 중장비수송차량(HET·Heavy Equipment Transpoter)를 이용해 수송한다.
전차의 야지 횡단 범위(거리)는 중요한 요소이다. 그 범위가 작거나 좁다 해서 작전에 미치는 영향도 작은 것은 아니다. 오히려 더 크게 나타날 수 있기 때문에 전투상황에서는 얼마나 멀리 가느냐 하는 일반적 항속거리보다 그 연료로 얼마나 작동할 수 있는가 하는 작전시간을 중요시하기도 한다. 작전시간은 대체로 일반 도로 기동과 야지 기동에 공회전 대기상태까지 포함해 분석한다.
아래 표는 주요 주력전차의 연료 적재량과 항속거리를 보여준다.
전투
중량
(
톤
)
엔진
출력
(
마력
)
적재
연료
(
리터
)
최고
속도
(km/h)
항속
거리
(km)
레오파드
2
A7
67
1500
1200
68
450
M1A2
63
1500
1909
67.6
426
챌린저
2
62.5
1200
1592
56
450
르끌레르
54.5
1500
1300
71
550
메르카바
Ⅳ
65
1500
1200
60
500
T-80U
46.18
1250
1090
70
335
T-14
57~58
1500
75
500
Type99
55
1500
76
600
Type10
44
1200
70
440
K2
55
1500
1200
70
450
*자료 : 제작사, 운용군 외 매체 종합
그러면, 전차는 1ℓ에 몇 km를 달릴 수 있을까.
세계 최강이라는 타이틀이 붙는 레오파드2는 1200ℓ의 연료를 적재하고 450km를 달린다. 그러므로 1ℓ당 375m를 주행하고 1km 주행에는 2.66ℓ가 필요하다는 계산이 나온다. 바퀴로 움직이는 일반 자동차와는 비교할 수 없을 정도로 짧다.
그런데 미국의 M1A2전차는 이 보다 더 많은 1900ℓ를 싣고도 426km밖에 가지 못한다. ℓ당 224m 정도 갈 수 있고 1km 주행에는 4.46ℓ가 필요하다. 레오파드2와 2배 이상 차이가 난다. 왜?
M1A2의 연비가 낮은 까닭은 가스터빈 엔진을 쓰고 있기 때문이다. 가스터빈은 터빈 회전력이 직접 동력축에 전달돼 디젤엔진보다 진동이 적고 고속회전이 가능해 출력이 높다. 또 경량이면서 간단한 구조로 덕분에 정비보수에 유리하다.
하지만 연비 측면에서 디젤엔진을 따라가지 못한다. 가스터빈을 쓰는 러시아의 T-80U도 항속거리가 짧아 1090ℓ에 335km를 달린다. 그나마 M1A2보다 더 멀리가는 것은 전투중량이 약 15톤 가량 가벼운 까닭이다. 러시아는 T-80 이후 T-90, T-95, T-14에서는 모두 디젤엔진을 채택했다.
그렇다면 전차는 100만 원에 얼마나 갈 수 있을까. 여러 변수가 있어 딱 맞지는 않겠지만 흥미 삼아 공개되는 일반 자료로 계산해 보았다. 이제 대한민국 주력전차 K2로 살펴보자.
K2전차의 적재 연료량은 1,296ℓ, 항속거리는 450km로 나와 있다. 1ℓ에 347m를 가고, 1km 주행에는 2.88ℓ가 소요된다. 메르카바 Mk IV 전차 연비와 비슷한 수준이다. 오피넷은 지난 3일 일반 경유 가격이 ℓ당 1,910원이고 면세유가 1,380원 안팎이라고 공시했다. 이 일반 면세유 가격을 기준으로 한다면 K2전차는 100만 원에 724km를 간다. 일반 2500cc급 승용차라면 이 거리를 일반 휘발유가로도 8만 원대 금액으로 주행할 수 있다.
과거 미국은 걸프전 당시 유류 보급에 상당한 애로를 겪었다. 전투중량 54.5톤인 M1A1을 업그레이드한 63.1톤 수준의 M1A2전차는 리터당 50m라는 최악의 연비를 보였다는 증언이 있었다고 한다. 최근 우크라이나를 침공한 러시아도 전차의 연료 재보급 등 군수 문제에 골머리를 앓고 있다.
""아마추어는 전략을 말하고,
프로는 군수를 논한다.
Amateurs talk strategy.
Professionals talk logistics.""
- 미 육군원수 오마르 브래들리 Omar Bradley
기존의 기계식(디젤엔진·가스터빈) 동력장치를 전자화하면서 소형화 및 고출력화하는 방식은 한계에 이른 것으로 보고 있다. 연료 소모를 줄이되 엔진 출력을 높이면서 기동 무기체계의 순발력을 향상시키는 새로운 동력장치가 필요하다는 이야기다.
엔진의 열효율을 높이기 위해 세라믹을 포함한 신소재 적용 기술과 전기식 동력장치 등에 대한 연구가 활발히 이뤄지고 있다. 현재로서는 전기식 동력장치로 가는 길목에서 기계식과 전기식을 접목한 복합형 즉 하이브리드(Hybrid) 동력장치 개발에 연구가 집중되고 있다.
미국은 M2브래들리 장갑차를 하이브리드 차량으로 개조하는 과제를 진행하고 있으며, 영국과 독일도 장갑차에 적용 가능한 수백 kW급의 고출력 하이브리드 시스템을 개발하고 있다.
우리나라도 하이브리드 동력장치를 적용하는 6톤급 소형 차륜형 전투차량과 함께 배터리나 수소연료의 전기에너지로 고출력 모터를 작동시키는 궤도차량용 하이브리드 추진 기술을 개발하고 있다. 일례로 한화디펜스는 2021년 10월 열린 서울항공우주 및 방위산업전에서 전기기계식 변속기(EMT, Electro Mechanical Transmission) 등이 적용되는 모델을 선보이며 2021년부터 2025년까지 ‘궤도차량용 하이브리드 전기추진장치 핵심기술 개발 과제’를 수행한다고 밝혔다.
이처럼 미래 전장을 누빌 기동체계의 기본적인 동력시스템으로는 전기식 동력장치가 될 것으로 전망되고 있다. 전기식 동력장치는 기존 내연기관 차량에 비해 가벼울 뿐만 아니라 소음이 적고 에너지 효율이 높기 때문에 유류비 및 배기가스 절감 효과를 얻을 수 있다. 특히 장비의 가속 성능과 작전거리 증대, 스텔스 기동 등의 이점을 갖고 있다. 미래 전력 향상에 기대를 모으는 부분이다."
https://kookbang.dema.mil.kr/newsWeb/20220425/1/ATCE_CTGR_0080100001/view.do,RnD,"[K9 18회]  모델명, 90년대 기필코 전력화 의지 담아 ‘9’ 선택",,"연구진은 사업명을 공모했다. 사업명은 ‘KSAM 천마’ ‘30㎜ 자주대공포 비호’에서 보듯 대체로 무기체계의 별칭으로 이어진다. ‘코뿔소’ ‘자주’ ‘선더파이어’(thunder fire) 등 여러 제안 가운데 ‘광무’(廣武)가 유력해 보였다. 통일 이후에도 대비하고 광개토대왕의 무훈(武勳), (武德)을 기린다는 뜻이었다.
그러나 사업명을 이중화할 필요가 없다는 의견에 따라 최초 정했던 신형 155㎜ 자주곡사포개발 사업을 그대로 확정했다.
양산(量産)을 고려해 모델 이름도 정했다. 당시 국내에서 연구·개발하는 무기체계에 붙이는 모델 번호 중 화력 분야에 아직 쓰이지 않은 번호가 7과 9였다. 이 가운데 9을 선정함에 따라 ‘XK9’이 신자포의 개발 모델명이 됐다. X는 시제(Experimental), K는 한국(Korea)을 뜻한다. 9은 순번에 의한 것이기도 하지만 90년대에 기필코 전력화하겠다는 연구진의 강한 의지를 담고 있었다.
국방부는 합참이 1993년 8월 말 체계개발동의서를 확정하자 국방부는 9월 중순 국과연이 제출한 선행체계 개발계획서를 전력증강위원회에서 의결하고 10월 초순 대통령 재가를 받아 사업 집행을 승인했다.
이제 기본설계와 골격공사를 마친 것과 같은 상황. 사업책임자 문상규 자주포부장과 안충호 체계팀장은 비로소 안도의 숨을 쉴 수 있었다.
그러나 한편으로 문 부장과 안 팀장은 신자포에 또다른 힘이 필요함을 절감했다. 자주포 체계 전체를 시험적으로 제작하는 선행개발에 박차를 가해 나가기 위해서는 사업관리 측면에서 새로운 추진력이 더해져야 한다고 생각했다. 빠듯하게 계획된 체계개발 기간(선행개발 3년·실용개발 2년) 내에 자주포를 개발·완료, 예정된 전력화 시기를 맞추기 위해 더욱 그러했다.
문 부장과 안 팀장의 이같은 내심은 국과연 지휘부의 뜻과 크게 다르지 않았다. 자주포를 전담할 조직도 확대해야 했다. 지휘부는 사업책임자로 미국에서 사업관리자 과정을 마치고 귀국한 김호권(국과연 부소장 역임·육사23기·예비역 대령)박사를 임명했다. 더불어 1994년 1월 자주포체계팀을 자주포체계부로 조직을 확대, 체계관리팀장·체계종합팀장에 홍석균·김동수 박사를 각각 선임하는 등 전열을 가다듬고 본격적인 선행개발에 돌입했다.
이제 다시금 분야별 기술개발 상황을 살펴보도록 하자. 자주포는 전차와 외형적으로 일부 유사하지만 구조적인 면에서 전차와는 달리 엔진이 차량 앞쪽에 위치하고 승무원이 승·하차하거나 사격 때 포탄이 공급될 수 있도록 뒤쪽에 큰 문이 설치돼 있다.
또 전차는 전차와의 전투에서, 대전차 화기로부터 생존하기 위해 차체의 전면·측면·후면이 두꺼운 장갑판재로 제작되는 데 비해 자주포는 적 포병과의 전투가 우선적인 까닭에 적 포탄이 공중에서 폭발할 때 생기는 파편으로부터 안전하도록 차량 윗부분의 방호력이 강조되는 점이 각각 특징이자 차이점이다.
자주포는 구조물 장갑판재로 1950년대 설계개념에 의해 알루미늄합금을 사용해 왔지만 21세기형으로는 PzH2000(독일)·AS-90(영국)·2S-19(러시아)·크루세이더(미국) 등에서 보듯 전차와 같이 강철 장갑판재를 적용했다.
이는 자주포가 사격과 기동 때 발생하는 충격에 구조물이 견딜 수 있는 강도(强度)와 적의 공격으로부터 승무원·탑재장비를 보호할 수 있는 방호 구조를 갖춰야 한다는 점을 강조하는 것이다.

신자포에 있어서도 승무원의 생존성 확보와 탄 취급, 사통장치 및 구동장치 자동화에 따른 공간 확보를 위해 장갑소재로 강철장갑판재가 적용돼야 했다.
마침 1993년에 접어들면서 국과연 소재개발부 장갑소재개발팀의 김영우 책임연구원(팀장)을 비롯해 심인옥·백두현·김홍규 박사가 주축이 돼 포항제철기술연구소(부소장 주용융)와 함께 국내 최초로 독자개발 중이던 강철장갑판재의 개발성과도 긍정적으로 나타나고 있었다. 연구진은 이 강철장갑판재를 신자포 선행체계의 구조물 장갑소재로 쓸 것을 결정했다.
■ 국방일보 원문 기사
국방일보 국산 무기체계 개발 비화
『철모에서 미사일까지』 제3화 「K9 155mm 자주포」
<18> 장갑소재, 강철판재 결정 2002년 12월 4일자"
https://kookbang.dema.mil.kr/newsWeb/20220420/4/ATCE_CTGR_0080100001/view.do,RnD,"[K9 17회]  신자포, 하천 장애물을 극복해야 한다지만....",,"본래 계획대로라면 1993년 1월부터 자주포 시제(試製)를 1차 개발하는 선행개발 단계에 진입했어야 했는데 그렇지 못했다. 그 이유가 연구 능력이나 기술적 문제에서 비롯된 것이 아니기 때문에 연구진의 심정은 답답하기만 했다. 선행개발 사업 승인까지 몇 단계를 더 거쳐야 하므로 선행개발 착수 시기를 예측하기 어려웠다.
육군이 제출한 ROC 보완 결과를 연말부터 검토하던 합참은 3월에 발칸 대공포 탑재 및 잠수도하 능력 구비가 가능한지 기술 검토할 것을 요구했다. 각각 대공 능력을 강화하고 하천 장애물 극복을 위해 필요하다는 뜻이다. 연구진은 ‘적용불가’로 보고하고 합참이 이해를 같이하면서 합참의 체계개발동의서(LOA) 작성 지시는 그런대로 풀리는 듯했다.
그런데 3월 초 육군참모총장이 김진영 대장에서 김동진 대장으로 교체되는 전격 인사가 김영삼 대통령에 의해 단행됐다. 이를 계기로 군 지휘부에 대한 추가 인사가 있을 것이라는 소문이 돌더니 급기야 4월5일 권영해 국방부장관은 6월에 실시되던 정기인사를 앞당겨 수일 내로 육군 4성 장군 2, 3명을 교체할 것이라고 발표했다.
이 소식에 누구보다 놀란 것은 연구진이었다. 이제 LOA 작성 지시를 내리는 결재 과정이 남아 있는 상태인데 날벼락이나 다름없었다. 결재권자인 합참 전략기획본부장 윤용남(尹龍男 육군참모총장·합참의장 역임, 2021년 별세)중장의 진급 가능성은 대단히 높았기 때문이다. 육사19기로 늘 선두를 달려온 윤장군이 아니던가.

윤장군의 진급이 결정되더라도 임지로 떠나기 전에 LOA 작성 지시를 해주어야 했다. 만약 결재가 다음 본부장에게 넘어간다면? 또 얼마의 시간이 걸릴지 알 수 없게 된다.
이윽고 4월8일 예상대로 윤장군의 대장 진급과 3군사령관 보임이 발표됐다. 윤장군에게는 9일 국무회의 의결과 대통령에 대한 진급 신고, 12일 군사령관 취임식이 기다리고 있었다.

연구진은 한숨을 절로 내쉬었다. 할 수만 있다면 당장 뛰어가 결재를 조르고 싶은 것이 솔직한 심정이었다.
9일 체계팀의 김동수(金東洙·육사32기·2009년 순직)박사가 전화기를 무겁게 들었다. 상대방은 뜻밖에도 윤 장군의 보좌관인 노정수 중령(육사34기·예편)이었다. 김박사는 육사 후배이자 축구부 활동을 함께했던 노중령에게 간절한 ‘어떤’ 부탁을 하고는 침묵을 지켰다.
고민은 그날 윤장군이 청와대 신고를 끝내고 즉시 임지로 향할지, 본부장실에 다시 들를지 보좌관도 알 수 없다는 데 있었다. 천우신조라면 너무 거창한 표현일까. 윤장군은 합참에 모습을 나타냈다. 임지로 떠나기 앞서 부하들을 격려하기 위해서였다. 보좌관은 얼른 결재 서류를 챙겨 ""본부장님, 신자포 LOA 결재 건입니다. 마지막 결재입니다""라며 내밀었다. 입안이 바짝 마르는 듯했다. ""아, 그거! 이리 줘."" 윤장군은 흔쾌히 서명하고 그의 어깨를 두드려 주었다.
""한때 연구소 내에 ‘체계개발사업은 외줄타기’라고 비유하는 말이 있었는데, 그 아슬아슬함과 긴장이란 실제 겪어보지 않은 사람은 이해하기 어렵지요. 신자포 개발사업은 그렇게 외줄을 타는 듯이 아슬아슬하게 진행되는 면이 적지 않았습니다.""(김동수 박사)
이제 LOA 작성은 연말부터 육군이 사전 준비해 쉽게 완성되는 듯 싶었다. 그런데 전혀 예상치 못한 문제가 또 튀어나왔다. 육군 교육사·국방과학연구소가 체계개발동의서에 서명을 남겨 놓고 있을 때 군수분야에서 창정비 요소개발을 체계개발 기간 중에 완료해야 한다고 주장한 것이다.
가뜩이나 사업관리 진행이 더딘데 착잡하기만 했다. 창정비 요소개발은 예산·기간이 막대하게 소요된다. 전력화가 예정보다 4~5년 늦춰지고 예산도 재편성해야만 한다.
또 창정비는 전력화 후 보통 10년이 지나야 수행되므로 관련 설비를 일찍 갖추면 실제 창정비 도래 때 설비의 가동 여부가 문제될 수도 있다. 연구진은 이런 이유를 들어 설득했지만 군수분야에서는 고개를 저을 뿐이었다.
결국 체계개발 기간 중 창정비 요소개발 계획을 작성키로 하고 8월 사용군·연구개발자 간 체계개발동의서가 작성되었다. 1년 2개월! ROC 보완과 LOA 확정까지 소요된 기간이다. 참으로 아까운 시간이 아닐 수 없었다.
■ 국방일보 원문 기사
국방일보 국산 무기체계 개발 비화
『철모에서 미사일까지』 제3화 「K9 155mm 자주포」
<17> 외줄 타듯 긴장 속 진행 2002년 11월 27일자
■ 용어해설
체계개발동의서
LOA·Letter of Agreement
무기 체계 개발 착수 시 연구 개발을 관리하는 기관이 개발할 무기 체계의 운영 개념·요구 제원·성능·소요 시기·기술적 접근 방법·개발 일정 계획 및 전력화 지원 요소와 비용 분석 등에 대하여 소요군의 의견을 고려하여 작성하여 소요군으로부터 동의를 받는 문서를 말한다.
『국방과학기술용어사전』 2017 국방기술품질원."
https://kookbang.dema.mil.kr/newsWeb/20220420/3/ATCE_CTGR_0080100001/view.do,RnD,"[K9 15회] 신자포 개발 형태, 업체 주도로 전환할 수 있을까",,"""야전포병의 전술 운용에 일대 전기를 가져 온 신형 155㎜ 자주포 개발사업에 일조했다는 사실만으로도 자부심이 남다른데 제가 지휘했던 포병단의 예하대대에 육군에서는 최초로 배치됐으니 그때 그 기쁨과 보람이란 이루 말할 수 없었지요.""
육군대학 전투지휘훈련처장(2002년 당시) 변충헌(학군15기)대령은 1992년 6월 당시 중령으로서 육군본부 포병무기체계 담당 실무장교로 보임돼 최초 신자포 소요제기시 군이 제시했던 작전운용성능(ROC)에 대한 검토(보완)업무를 수행한 인물이다.
국방과학연구소 화포체계실이 제출한 신형 155㎜ 자주포 탐색개발 연구 결과 보고서를 접수하면서 시작된 ROC 검토는 시제품을 개발하는 선행 개발단계에 진입하기 앞서 갖는 작전운용성능의 재검토 과정으로 쉽게 설명할 수 있다. 하지만 이 과정을 거쳐 재정립된 ROC는 연구진에 개발목표가 될 뿐만 아니라 군 입장에서는 전력화시 획득예산과도 연관돼 그 중요성과 실무자의 책임은 막중했다.
""업무 파악을 마칠 즈음이었고, 93년도에 체계개발이 착수될 수 있도록 10월 중에 검토 ·보고를 마쳤야 했는데 시간적으로 촉박하다는 부담감이 적지 않았어요. 더욱이 그때까지도 신자포 개발에 부정적 시각을 보였던 분들에게 개발 타당성을 입증해보여야 했습니다.""
변 대령은 국과연 연구개발진의 안충호 체계팀장과 김동수(당시 중령·육사32기·2009년 순직)대령을 처음 만난 뒤 이틀에 한번꼴로 반나절씩 분야별 연구원들과 많은 토의를 벌였다.
40여 항목의 작전요구 능력을 검토하면서 변 대령은 누구 못지않게 업무에 매진했지만 한편으로 연구진의 헌신적인 노력과 열성에 놀랐다. 마치 자신이 연구진에 떠밀려 일한다는 생각이 들 정도였다. 이같은 생각은 연구진에도 마찬가지로 결국 사용자측인 군과 연구개발진이 자연스럽게 일체감을 이룰 수 있었다.
변 대령은 경제성을 고려한 합리적인 ROC 설정을 위해 많은 노력을 기울였다.
신자포의 급속발사속도를 15초 이내 3발로 결정한 것은 좋은 사례가 된다.

변 대령은 탄의 위력을 고려할 때 초탄이 떨어진 후 적의 인원·장비가 15초 이내에 살상 범위를 벗어나기는 어렵고, 사격 시간은 훈련수준에 따라 단축할 수 있다는 판단 아래 ‘10초 이내 3발’을 채택하지 않았다. 만약 10초 이내 3발의 발사속도를 계속 요구했다면 개발비용의 엄청난 증가는 물론 연구진에게 부담감을 넘어 고통을 주었을 것이다.
변 대령은 신자포의 필요성에 대해서는 ▲화력 수단 중 야포체계가 가장 저렴 ▲북한 대비 포병화력의 수적 열세를 질적으로 대응 ▲군단작전지원 수단 확보 ▲야포사거리 연장에 따른 적의 추가적 대책 강요 ▲통일 후 주변국 군사력에 상응하는 전력 보유 등으로 설명하며 관계관들의 부정적 인식을 전환시켰다. 특히 표적획득 수단과 관련해 대포병레이더·정찰용 무인항공기 등을 신자포의 전력화 시기에 맞춰 확보, 충족할 수 있음을 강조했다.
변 대령은 넉 달여의 검토 끝에 글자 하나하나에까지 세심하게 신경쓰며 60여 쪽에 달하는 보고서를 작성했다. 육군본부 기획관리참모부 계획편제처장(홍한수 준장 ·육사24기)에 대한 최종보고는 신자포가 갖는 중요성 때문에 10월29, 30일 이틀간에 걸쳐 진행됐다. 부분수정 몇 가지 외에는 특별한 지적을 받지 않았다.
안 체계팀장은 ""홍 장군이 변 대령에게 직접 말하지는 않았겠지만 관계관들에게 매우 훌륭하고 완벽한 보고였다고 말했다는 것을 훗날 전해 들었다""고 귀띔했다.
한편 육군에서는 ROC에 대한 검토가 순조롭게 진행된 반면 합참에서는 육군에 대해 체계개발동의서(LOA) 작성 지시를 보류하고 있었다. 즉 훈령에 따라 탐색개발이 끝난 뒤 그 결과를 확인하고 하겠다는 것이었다. 연구진이 수차례 합참을 방문, 협의했지만 요지부동이었다.
이유는 이러했다. 당시 지상장비의 대표 격인 K1전차의 성능개량사업과 30㎜ 자주대공포 비호의 주무장·탄약이 해외 기술도입으로 추진되던 터라 선진국에서 아직 개발되지 않은 사거리 40㎞ 급의 포신·탄약을 어떻게 국내에서 독자 개발할 수 있느냐는 것이었다.
엎친 데 덮친 격으로 연구진에게는 연초부터 가졌던 우려가 현실로 다가왔다. 국방부가 신자포 체계개발사업의 개발 형태를 업체 주도로의 전환 가능성에 대해 검토 지시를 내린 것이다.
이에 따라 자주포 전문업체인 삼성테크윈(전 삼성항공, 현 한화테크윈)은 자체적으로 이를 검토했으나 차량과 종합군수지원요소는 업체 주도 개발이 가능하되 핵심이 되는 무장·탄약·탄도·포탑·사통분야는 불가능하다고 통보했다.
결국 육군이 제시한 ROC를 충족하는 자주포는 세계 어느 국가도 개발하지 않아 삼성테크윈의 기술도입 생산이 불가능, 국과연 개발이 결정됐다.
■ 국방일보 원문 기사
국방일보 국산 무기체계 개발 비화
『철모에서 미사일까지』 제3화 「K9 155mm 자주포」
<15> 軍·연구진 ROC 검토 한마음 2002년 11월 13일자"
https://kookbang.dema.mil.kr/newsWeb/20220420/2/ATCE_CTGR_0080100001/view.do,RnD,"[K9 해설] 포병 화포, 표적획득에서 사격까지 그 과정은?",,"포병은 화포를 사용해 기동부대에 화력을 지원하여 적을 제압·무력화·파괴하거나 화력전투 개념에 따라 포병 자체 화력으로 전투를 수행한다.
이런 포병이 화포로 탄을 쏘아 적을 정확하게 타격하기 위해서는 표적을 획득하고 포의 위치를 결정해야 하며 적절한 장약의 선정과 정확한 사격제원(편각·사각)을 산출해야만 한다.
이를 위해 포병에는 관측·측지·사격지휘·전포·통신 등 포술 5개 분과와 이들을 지원하는 수송분과가 있다.
▶ 표적 획득
포병이 먼저 하는 임무 절차는 표적을 획득하는 것이다. 포병은 기동부대 후방에서 보이지 않는 표적에 대해 사격을 하므로, 관측반을 운용해 표적을 획득하는 것이 필수적이다.
관측반은 지도, 쌍안경, 레이저거리측정기, 무전기 등을 휴대하고 임무를 수행한다. 하지만 디지털 지휘자동화체계인 대대전술사격지휘체계(BTCS·Battalion Tactical Command System)가 배치된 후로는 관측 제원 입출력기(DMD)를 사용해 사격을 요청하고 있다.
물론 관측반을 활용하지 않고 표적을 획득하는 방법이 있다. GPS 이용, 무인항공기를 포함한 항공 정찰, 상급부대(ASIC)에 의한 표적 할당, 기동부대 요원들에 의한 사격 요구, 대포병레이더 이용 등 다양한 표적 획득 방법이 있다.
▶ 사격제원 결정
포병의 사격지휘소(FDC)는 대대사격지휘소와 포대사격지휘소로 구분된다. 포대사격 지휘소는 기술적 사격지휘(사격제원산출)를 담당하고 대대사격 지휘소는 전술적(탄종 및 사격발수 공격방법 등) 및 기술적 사격지휘를 병행하며, 연대급 이상 제대에서는 전술적 사격지휘를 담당한다.
사격지휘소는 관측반으로부터 사격 요구를 접수하면 대대전술계산기(BTC), 사격도판, 사격지휘세트(GET·GST)등을 이용해 편각과 사각 등 사격 제원을 산출하고, 전포대에 사격명령을 하달한다.
평시에는 우발 상황 발생에 대비해 즉각 사격이 가능하도록 포신을 계획표적에 지향시켜 놓고 있으며, 4시간 단위(전시 2시간)로 기상 제원을 접수해 수정량을 산출한 후 화포에 장입해 놓는 등 즉각사격준비태세를 확립하고 있다.
▶ 실제 사격 및 포 운용
전포반은 사격지휘소에서 하달한 사격제원을 화포에 장입하고 포탄을 장전해 최종적으로 사격임무를 수행하는 분과이다. 전포반은 ‘포병의 꽃’이라고 불릴 만큼 그 역할이 중요하다.
전포대는 전포대 본부, 6개의 곡사포반, 탄약반으로 구성된다. 전포반은 전포대의 일부로서 새로운 진지를 점령하자마자 포를 표적지역으로 지향시키는 ‘방렬 (放列)’을 한다.
시간적인 여유가 없을 때 (진지변환 도중) 실시하는 긴급 방렬과 정찰반에 의해 정상적인 절차를 거치는 급속(야간:정밀방열) 방열로 구분된다.
▶ 분과간 의사소통
포병에서 통신의 역할은 포술 제분야가 원활하게 임무를 수행할 수 있도록 연결해주는 것이다. 표적 위치와 사격 제원을 정확하게 결정하고 포 방렬을 신속하게 완료했다할지라도 상호 의사소통이 되지 않는다면 임무를 완수하기 어렵다.
포병의 각 분과는 효과적인 임무 수행을 위하여 유선, 무선(AM/FM), 디지털통신 체계로 연결되어 있다. 또 인접 및 상급 포병부대, 기동부대와도 거미줄같이 연결되어 있으며 나아가 타 병과간 협동작전이나 타군과의 합동작전을 성공적으로 수행하기 위하여 가용한 통신수단을 통합해 운용하고 있다.
▶ 위치 결정
측지는 사격제원을 결정하는 필요한 화포 및 관측소, 표적지역 위치를 신속하고 정확하게 결정하여 본대에 제공하는 중요한 요소이다.
측지반은 자동측지장비(PADS), 광파거리측정기, M2나침반 등의 장비를 이용해 제원을 결정한다. 어느 지점의 위치를 측정하기 위해서는 정확한 기준점(측지통제점 SCP)이 있어야 하고, 이 지점으로부터 전이(轉移)나 삼각측지 기법을 이용하여 표저이나 진지지역의 좌표를 측정할 수 있다.
K9의 경우는 MAPS 장비가 장착되어 이러한 절차를 거치지 않고도 화포의 위치를 자동으로 결정할 수 있다.
▶ 포대 효력사
포병의 화포로 발사된 포탄은 여러 가지 요인들로 인해 최초 탄부터 표적에 명중(초탄 명중)시키기가 어렵다. 따라서 포대 중앙에 위치한 기준포로 수정사격을 하여 표적 가깝게 탄을 유도한 후에 6문의 포(1개 포대에 편제된 포)가 동시에 사격(효력사)을 하여 적을 무력화시키게 된다.
하지만 이러한 절차는 많은 시간이 소요되어 아군의 위치가 적에게 노출될 우려가 있다. 따라서 정확한 표적 위치 결정과 기상 및 최초 오차(MET+VE)를 적용하여 최초탄부터 효력사로 표적을 제압하는 방법을 활용한다."
https://kookbang.dema.mil.kr/newsWeb/20220420/1/ATCE_CTGR_0080100001/view.do,RnD,[K9 16회]  기동실험차량 제작해 기동설계요소 확보,,"신자포 연구 개발을 둘러싼 몇몇 환경적 요인으로 인해 연구진은 수 차례 한숨을 내쉬기는 했어도 이에 실망하지 않고 각기 분야별 연구 개발에 박차를 가하고 있었다.
사거리 분야 연구진은 무장, 사격 고정 거치대, 항력 감소 장치를 갖는 탄두, 소진탄피로 외형을 쌓은 추진장약과 탄도를 개발해 40㎞의 최대 사거리 도달 가능성을 확인하는 사격시험을 성공리에 실시했다. 발사속도·반응성 분야의 연구진도 자동방렬, 위치 확인, 사격통제, 탄적재·이송·장전장치의 실험 모델을 만들어 15초 이내 3발의 급속사격 가능성과 30초 이내의 초탄 발사 가능성을 확인했다.
그리고 신자포 1대1 모형(mock up)을 제작, 신자포의 형상을 구체화하면서 구성품 간 인터페이스상의 문제점을 확인하고 그 대책을 세워 나갔다. 승무원이 탑승, 임무를 수행하는 데 불편한 점은 없는지 자주포 내부를 인간공학적인 측면에서 확인하고 정비를 위해 각 부품의 탈부착이 원활한 상태인지 등을 점검했다.
이 과정에서 보완해야 할 분야들은 다음 단계인 선행체계 개발 때 개선할 수 있도록 챙겼다.

신자포 탐색개발 계획에서 개발예산 부족으로 빠져 있던 차량 분야의 연구는 삼성테크윈(전 삼성항공, 현 한화디펜스)이 노석호 전 특수사업본부장의 지시에 따라 과감히 투자, 기동실험 차량(MTR：Mobility Test Rig)을 제작하고 있었다.
MTR는 작전운용성능(ROC) 중 기동성능과 관련된 차량의 구성체계(동력전달장치·현수장치·구조물 등) 설계요소를 확보하기 위해 제작되는 것.

삼성테크윈은 국방과학연구소 기동체계실의 지도를 받는 가운데 부족 기술을 확보하기 위해 다양한 노력을 기울였다.
현수장치 분야는 한국과학기술원(KAIST)의 곽병만 교수팀, 엔진 변속기 선정을 포함한 기동특성 분석은 이정무 서울대 교수·조동우 포항공대 교수팀과 각각 산·학 공동연구를 통해 이론적 기초를 다졌다.
삼성테크윈은 또 삼성종합기술원의 도움을 받으면서 차체 구조물의 최적화를 연구했으며 당시 애로 기술이었던 800마력 이상의 동력장치는 미국의 전문업체인 AAI사와 공동으로 개발했다. 이때 삼성테크윈의 조남규 박사(삼성테크윈 특수연구소장)를 비롯한 4명의 연구기술진이 AAI사에 상주하면서 개발기술·설계기술을 확보했다.
""각고의 노력 끝에 MTR 조립을 마쳤습니다. 공장 내 기동시험로에서 먼저 예비 주행시험을 가졌는데, 처음으로 개발했기 때문에 많은 문제점이 있을거라고 생각했지만 예상과는 다르게 문제점이 별로 없었어요. 정성들여 다듬은 조각품, 그렇게 여겨졌습니다."" (임근묵 삼성테크윈 기동팀장)
삼성테크윈 연구기술진은 이제 제대로 된 기동시험을 해보기로 했다. 당시는 아직 국방과학연구소의 기동시험장이 건설되기 이전이어서 군의 협조를 받아 부산에 있는 수영비행장에서 기동시험을 가졌다.
그날따라 수영비행장에 세찬 바람이 불었다. 기대와 우려가 교차하는 가운데 장비를 옮기고 시험준비를 하는 연구기술진은 꽤 싸늘하다는 느낌을 받았다.
""다행히도 연구기술진의 마음을 아는지 활주로를 씩씩하게 왕복했어요. 비로소 전투장비다운 모습으로 마음에 와 닿더니 이내 가슴이 뿌듯해졌습니다."" (이상명 삼성테크윈 체계팀장)
이날 저녁 연구기술진은 그동안의 무용담을 이야기하면서 축배의 잔을 높이 들었다.
MTR는 이후 400km를 시험주행하면서 신자포의 차량 설계에 필요한 수많은 자료를 쏟아 놓았다. 
기술개발 면에서 신자포는 모든 것이 순조로웠다. 육군이 ROC에 대한 검토를 마친 뒤인 1992년 11월 국과연 연구진은 삼성테크윈 창원공장에서 탐색개발 단계에서의 연구 개발 성과를 종합, 발표하는 기회를 마련했다.
이 자리에서는 1대1 모형 품평회도 함께 진행됐다. 연구진은 물론 육군·합참·국방부 관계관, 관련 방산업체 기술진 모두가 신자포의 연구 개발이 가능하다는 데 의견을 같이했다. 모두 강한 도전의식과 새로운 비전을 갖고 체계개발을 성공적으로 이끌어 새로운 화포 역사의 주인공이 되자고 다짐했다.

이 행사를 계기로 체계개발 동의서 작성 지시를 미뤄오던 합참의 시각도 긍정적으로 바뀌었다. 합참 관계관은 신자포 포신과 탄약의 사격시험을 담은 비디오 영상 자료를 몇 번이고 시청했다. ""독자적으로 신형 자주포를 개발할 수 있다면 이는 획기적인 일""이라며 그는 연구진의 개발 역량과 노력에 대해 신뢰를 보이기 시작했다.
■ 국방일보 원문 기사
국방일보 국산 무기체계 개발 비화
『철모에서 미사일까지』 제3화 「K9 155mm 자주포」
<16> MTR제작 ...신자포 개발 박차 2002년 11월 20일자"
https://kookbang.dema.mil.kr/newsWeb/20220418/2/ATCE_CTGR_0080100001/view.do,RnD,"[K9 14회] ""우리 자주포 우리가 개발한다""며 미측 제안 거부",,"‘이대로는 안되겠다. 이대로라면 체계개발을 더 이상 지속할 수가 없다.’
사업책임자 문상규 화포체계실장(전 풍산 기술고문)과 함께 신형자주포 개발을 주도해온 안충호 체계팀장은 위기를 느꼈다. 향후 체계개발을 지양하고 핵심기술 위주로 나아간다는 국방과학연구소 내부 분위기도 그랬거니와 탐색개발 예산이 턱없이 부족하지 않은가.
예산은 ‘우리 자주포를 우리가 개발한다’는 의지를 가진 당시 방산업체의 투자에 힘입어 겨우 해결해 나갈 수 있었지만 체계팀이 7명에 불과한 점 등 부족한 연구인력은 그의 위기의식을 증폭시켰다. 연구원 대부분이 기숙사에서 기거하면서 밤낮으로 연구에 매달리는 가운데 한 신입 연구원이 과로로 쓰러져 병원 신세를 지기까지 했던 것이다.
안 팀장에게 마침 비상구가 하나 열렸다. 당시 김학옥(金學玉 ·예비역 중장) 연구소장에게 신자포 개발과 관련해 보고할 기회가 찾아온 것이다. 안 팀장은 이를 전환의 계기로 삼고자 했다. 성능과 개발계획 등 통상적인 내용에 대한 브리핑은 접어두었다. 대신 크리미아 전쟁 이후 화포로 인해 기병대가 사라진 이야기를 시작으로 근대 화포 개발사와 발달과정, 그리고 선진국들의 자주포 개발 추세를 보고했다.
""신자포가 1998년 전력화되면 신자포는 세계적 수준으로 우리 화포 개발 역사는 물론 세계 화포 역사의 새로운 장을 열게 될 것입니다."" 안 팀장은 자신 있게 보고를 이어갔으나 ""연구원들은 신명(身命)을 바칠 각오로 연구하고 있다""는 마지막 다짐은 차라리 읍소(泣訴)에 가까웠다.
안 팀장은 김학옥 연구소장을 바라보았다. 순간 그의 귀가 활짝 열리는 것을 느꼈다. 김 연구소장은 배석한 주요 간부들에게 ""국과연은 바로 이런 신형자주포를 개발해야 합니다. 이런 세계 수준의 무기체계를 개발, 한국의 위상을 드높여야 합니다. 장병들은 세계 제일의 무기체계로 국토를 방위함으로써 조국에 무한한 긍지를 갖게 될 것입니다""라고 말했다. 이후 신자포 개발사업은 탄력을 받기 시작했다. 체계개발사업 계획도 수립하고 조직도 자주포부로 구성할 수 있게 되었다.
1992년 4월 연구진은 팰러딘(paladin)으로 불리는 미국의 M109A6 자주포 출고식에 초청받아 참석했다. 팰러딘 생산회사인 BMY(현재 UDLP) 연구진은 한국의 신자포에 많은 관심을 표명하고 미국의 자주포를 한국에 소개하고 싶다고 제의해왔다.
안 팀장에게서 전화로 보고받은 문 자주포부장은 KH179 개발 후 미국측의 지적소유권 주장에 대해 홍역을 치렀던 터라 미국측의 방문을 허락했다. 자칫 나중에 그들이 M109A2의 기술을 도입해 공동 생산하는 K55(KM109A2)를 빌미로 우리가 신자포에 그 기술을 도용했다는 주장을 내세울 것을 우려, 이를 사전에 차단하겠다는 뜻이 담겨 있었다.
다음달, 우리 기술력으로는 신자포를 개발할 수 없을 것이라는 생각을 가졌던 BMY와 체계공학(system engineering) 전문업체인 탈레다인 브라운(Taledyne Brown) 사는 국과연을 방문했다. BMY사는 팰러딘 자주포와 52구경장의 포신을 장착한 자주포(P-52)를 소개하면서 한국의 신자포를 K55처럼 공동개발하자고 제의했다. 체계공학이 쉽지 않다는 것과 많은 노하우를 가진 자신들의 협력을 받는 것이 좋을 것이라고 덧붙이기도 했다.
국과연도 반격을 가했다. 신자포 핵심인 52구경장 포신의 사격 장면과 자동방렬실험 장치의 구동 장면을 비디오로 보여주었다. 신자포를 우리의 계획에 의해 우리가 개발하고 있다고 말하고 앞으로 부족한 부분이 있으면 그때 협의하겠다며 사실상 그들의 제안을 거부했다.
그날 저녁 만찬에 미국측 한 인사가 연구진에 ""오늘 비디오로 보여준 그 52구경장 포신을 어느 나라에서 구입했느냐""고 물었다. 연구원은 빙긋 웃으며 설계·포신 소재·가공·제작 등 모든 것을 독자 개발했다고 대답해 주었다. 그러나 질문한 그는 고개를 좌우로 흔들었다. 믿을 수 없다는 뜻인지, 놀랍다는 뜻인지 알 수는 없었다.
그후 국과연은 미국측과 정기적으로 개최되는 기술자료교환협정(Data Exchange Agreement) 회의를 통해 신자포의 연구개발 내용을 발표해 주었다. 이는 우리의 신자포 독자 개발을 미국이 자연스럽게 인정하는 계기가 되었으며 훗날 신자포의 국내 생산 및 실전 배치, 그리고 해외 수출에 있어 미국은 어떠한 지적소유권 주장도 할 수 없게 되었다.
■ 국방일보 원문 기사
국방일보 국산 무기체계 개발 비화
『철모에서 미사일까지』 제3화 「K9 155mm 자주포」
<14> 우리 자주포 우리가 개발 2002년 11월 6일자"
https://kookbang.dema.mil.kr/newsWeb/20220418/1/ATCE_CTGR_0080100001/view.do,RnD,[K9 13회] 신자포 체계개발과 차량개발의 분리 의견 나오자....,,"‘국가를 방위하는 기본 병기를 제 손으로 만들지 못하는 국가는 선진국이 될 수 없다.’
1990년대 초 삼성테크윈(당시 삼성항공, 현 한화디펜스) 창원공장에는 이같은 내용의 슬로건이 공장 내에서 가장 높고 규모가 큰 초대형 크레인에 쓰여 있었다. 당시 삼성테크윈의 방산사업 총괄을 맡고 있던 노석호 특수사업본부장은 직원들과 함께 그 슬로건을 보면서 삼성이 K55(KM109A2) 자주포를 생산, 국가 방위에 기여하고 있다는 사실에 큰 자부심을 가져왔다.
1991년 겨울, 신형 자주포의 체계개념 연구가 마무리될 즈음 국방과학연구소 화포체계팀은 자주포체계 전문방산업체로 지정 받은 삼성테크윈의 한삼수 전 특수연구소장 등 기술진과 신자포 개발 관련 업무협의를 가졌다.
이 자리에서 체계팀은 신자포의 차량 분야는 개발 경험과 기술력이 있는 업체가 담당하고 삼성테크윈은 체계조립을 맡는 것이 좋겠다는 의견을 내놓았다.
삼성테크윈이 비록 미국과 자주포를 공동생산하면서 자주포를 국내 생산할 수 있는 기반을 구축하는 데는 기여했지만 직접적인 개발 경험이 없어 국내의 다른 궤도차량 전문업체에 비해 개발기술력이 부족할 수밖에 없었던 이유에서 제안된 것이다.
체계팀은 그래서 탐색개발계획에는 기동실험차량(MTR : Mobility Test Rig)을 개발, 제작하는 계획이 없다는 내용도 알려주었다. 그러나 이것은 삼성테크윈 기술진에 청천벽력과 같은 소리였다. ""심장이 멈추고 눈앞이 아득해졌을""(한삼수 소장) 정도였다.
당시 삼성테크윈은 K55 자주포용 탄약운반차 사업을 두고 다른 기동장비업체와 첨예하게 경쟁하고 있었기 때문에 충격은 더욱 크게 와 닿았다. 한 소장에게는 이것이 삼성테크윈의 방산부문에 대한 기술평가의 의미도 있다는 생각이 들었던 것이다.
한 소장은 곧 이의를 제기했다. 그는 삼성은 중장비·조선사업도 하고 있어 차량 관련 시스템 기술과 용접 기술을 충분히 해결할 수 있고, 삼성중공업 기계전자연구소·삼성종합기술원의 지원을 받으면 궤도차량 또한 개발이 가능하다고 강조했다.
""우리가 K55의 공동생산 경험밖에 없는 기술 수준이었기 때문에 국과연 체계팀의 판단이 옳다 여기면서도 자주포 체계 전문업체로서 차량 분야를 내놓을 수는 없었습니다. 왜냐하면 우리는 그 차량을 기본으로 포병과 관련된 탄약운반차량·사격지휘차량 등의 계열 장비를 개발, 계속 생산해야 하니까요.""(한 소장)
노석호 본부장은 한 소장 등으로부터 보고를 받고 곧 MTR 개발 계획을 세우라고 지시했다. 기술진은 내심 개발 비용이 많이 소요될 것을 걱정하고 있었다. 그러나 노 본부장은 특수연구소의 연구 인력을 대폭 증원할 것과 MTR 개발에 투자할 것을 주저없이 결심하고 있었다. 삼성테크윈의 미래를 위해.
1992년 새해가 밝아오면서 신자주포의 탐색개발사업이 국방부로부터 승인돼 분야별 연구개발을 본격화하기 시작했다. 1년 기간으로 계획된 탐색개발은 참으로 짧다 하지 않을 수 없다. 작전운용성능(ROC)을 충족할 수 있도록 개발이 가능한지 탐색하면서 체계개발동의서(LOA)를 작성하고 체계개발계획도 수립하는 기간인 것이다.
그런데 이즈음은 국내외적으로 많은 변화의 물결이 휘몰아친 시기이기도 했다. 구소련의 붕괴로 인해 신국제질서가 구축되는 가운데 남북한의 유엔 동시 가입, 한반도 비핵화 선언, 그리고 화해와 불가침 및 교류·협력에 관한 남북 합의서가 타결되었다.
국과연도 이 영향을 받지 않을 수 없었고 특히 걸프전이 무기체계분야에 던진 교훈도 깊게 고려해야 했다.

국과연은 변화를 모색했다. 미래에 대비해야 한다는 의미, 즉 질 위주의 자동화한 고도의 전략 정밀 무기체계로 전환해야 한다는 인식 아래 재래식 병기 또는 체계 위주 개발보다 핵심기술 연구가 강조되는 분위기를 형성하고 있었다.
그 결과 1992년 2월 들어 국과연은 기술연구본부를 발족시켰지만 신자주포와 같은 화포개발사업은 위기를 겪어야 했다. 신자주포가 첨단 자동화 화기임에도 재래식 병기로 분류, 국과연 본연의 연구개발사업이 아니고 업체가 해야 할 사업이라고 주장하는 목소리가 연구소 내부에서도 대두되었다. 더욱이 국방부에서도 이런 방향으로 의견이 모아지고 있었다.
■ 국방일보 원문 기사
국방일보 국산 무기체계 개발 비화
『철모에서 미사일까지』 제3화 「K9 155mm 자주포」
<13> 미래전 대비 핵심기술 연구 2002년 10월 30일자"
https://kookbang.dema.mil.kr/newsWeb/20220322/2/ATCE_CTGR_0080100001/view.do,RnD,[K9 11회] 화포 자동화와 링 레이저 자이로,,"일반적으로 자주포라고 하면 운용·발사체계가 모두 자동화돼 있는 것이 아닌가 생각하기 쉽지만 그렇지 않다.
기존 자주포는 일단 기동이 가능한 차체에 포를 탑재한 것만 말할 뿐 자동화와는 관계없다.

K55만 해도 모든 사격준비 절차를 인력에 의존하고 있다. 다만 자체 동력(유압)을 이용해 포신을 돌리고 올리는 수고로움을 덜어줄 뿐이다.
K9 자주포에 신형이라는 수식어가 붙는 것은 기존 견인포·자주포와 달리 화포의 완전 자동화를 이루고 있기 때문이다.
화포 자동화라는 개념을 이해하기 위해 먼저 기존 견인포·자주포의 운용·발사체계를 살펴보자.
이 화포들은 사격을 위해 먼저 사격하고자 하는 장소를 측지한 뒤 화포를 그곳으로 이동시키고 땅을 파 가신(架身·스페이드)을 고정시킨다.
사격 제원이 하달되면 화포로부터 50ｍ 이상 떨어진 위치에 나침반이 들어 있는 방향틀을 설치, 수포(level vial)·웜 기어가 있는 방향포경과 상호 정렬을 한 뒤 사격 방위각을 장입하고 방향 손잡이를 돌려 포신을 사격 방향으로 구동시킨다.
그리고 겨냥틀 ·겨눔대를 화포 밖에 설치, 사격 방향을 고정한다. 이어 고저상한의에 사격 고각을 장입하고 포신을 사격 고각으로 들어올린다. 그 다음 포신의 폐쇄기를 열고 포탄과 추진장약을 장전, 폐쇄기를 닫고 뇌관을 삽입한 뒤 사격하게 된다.
사격 뒤에는 탄이 발사되면서 발생하는 충격으로 화포가 밀려나게 되고, 재차 사격하기 위해서는 다시 화포의 방향과 고각을 사격 위치로 보정해야 한다.
이와 같은 일련의 절차는 수동으로 이뤄짐으로써 초탄 발사에 2~11분의 시간이 소요되고 최대 발사속도도 분당 4발 이상은 곤란하다.
그러므로 화포 자동화가 이루어지면 적은 포반원의 인원으로 사격 임무를 신속히(초탄 발사 소요시간 30초 이내) 진행시키고 대량 화력을 투발(급속사격 15초 동안 3발과 최대발사속도 분당 6발)한 뒤 신속히 진지변환해 다음 사격을 준비하는 슛 앤 스쿠트(shoot & scoot) 작전이 가능케 되는 것이다.
국방과학연구소의 화포 자동화는 이미 설명한 바와 같이 1980년대 초부터 안충호 체계팀장에 의해 연구되기 시작했다. 사격 방향과 고각을 바로잡는 수포의 역할을 대신할 전기적 센서, 이동 중 또는 정지상태에서도 신속히 포·포탑을 자동으로 정렬할 수 있는 구동 시스템 등을 연구하는 것이 핵심이었다.
당시 안 팀장은 우선 포의 자세를 알 수 있는 수포의 역할을 전기적 센서로 대체하는 방안을 강구했다.

그런데 연구는 오래 가지 못했다. 1년을 더 연구한 후 연구과제로서 승인받지 못해 중단할 수밖에 없었던 것이다.
안 팀장은 장차 신개념의 자주포 개발을 염두에 두고 자료 수집과 연구를 게을리하지 않았다.
""어느 날 ‘군사저널’(IDR·International defense review)에서 화포의 사격 충격력을 견딜 수 있는 링 레이저 자이로 시스템(Ring laser gyroscope system)이 미국 허니웰 사(社)가 개발했다는 기사를 읽게 됐어요. 너무도 반갑고 흥분되는 뉴스였습니다. 지금 K9 자주포의 핵심 장치 중 하나입니다."" (안충호 팀장)
링 레이저 자이로 시스템은 도대체 무엇일까.
위치확인장치로 이해되는 이 장치는 지구 회전 각속도의 1만분의 1까지 감지 가능한 링 레이저 자이로, 지구 중력 가속도의 10만분의 1까지 감지할 수 있는 가속도계, 그리고 이들 센서가 감지한 관성정보를 이용해 항법계산을 수행하는 항법 컴퓨터와 함께 한 몸을 구성한다.
이 위치확인장치는 주행하는 자주포의 위치, 화포의 진북(眞北)에 대한 방위각 및 지구 수평면에 대한 고각·경사각을 자체적으로 계산해준다. 계산된 항법정보·자세정보는 사격 통제장치에 제공되는데 10ｍ 이내의 위치 정확도와 0.7밀(mil) 이내의 방위각 정확도, 0.35밀 이내의 고각·경사각 정확도를 갖는다.
이 장치가 자주포에 적용되면 포의 위치·상태를 정확히 파악함으로써 수동으로 이뤄지던 일련의 사격절차를 생략할 수 있다. 일반 화포처럼 사격을 위해 사전에 측지한 위치로 이동하지 않아도 되고 방향·고각을 잡기 위해 방향틀·겨냥틀·겨눔대 등의 부수 장비를 사용할 필요가 없어지는 것이다. 따라서 화포 자동화, 궁극적으로는 신형 자주포의 핵심 장비가 될 수 있는 것이다.
안 팀장은 신자주포 개발사업이 정식으로 시작되면서 즉각 이 링 레이저 자이로 시스템의 신자포 적용을 결정했다. 연구·개발하자면 이 시스템과 유사한 기능을 할 수 있는 장치를 개발 못할 것도 없겠지만 소요될 개발 기간을 생각하지 않을 수 없었다.
■ 국방일보 원문 기사
국방일보 국산 무기체계 개발비화
『철모에서 미사일까지』 제3화 「K9 155mm 자주포」
<11> ‘링 레이저 자이로’ 신자포 적용  2002년 10월 16일자"
https://kookbang.dema.mil.kr/newsWeb/20220322/1/ATCE_CTGR_0080100001/view.do,RnD,[K9 12회] 회전시키는 포를 1mil 이내로 위치시켜라,,"화포의 정확한 사격을 위해서는 사격목표 방향과 높이로 포·포탑을 정밀하게 구동, 정렬시키는 일이 중요하다.
여기서 정밀이란 1밀(1mil) 이내의 정확도를 말한다. 1밀은 360도를 6400으로 나눈 값, 또는 기준점에서 1㎞ 떨어진 곳의 수직 1ｍ 지점까지의 각도로서 0.05625도이다. 다시말해 급속사격을 위해 포탑을 회전시켜 목표 방향으로 향하게 할 때 포는 이 1밀의 각도 내에 위치해야 하는 것이다.
이처럼 포·포탑을 정밀하게 구동할 수 있는 기술을 시스템적으로 구성하는 일은 매우 어려운 일이고, 관련된 최신 기술은 당시 영국 빅커스사(社)가 개발, AS-90 자주포에 적용한 것으로 알려졌다.
포탑실 김동현 박사는 1990년 9월 영국으로 날아갔다. 그는 부분적 기술협력 교환을 제의했으나 빅커스사의 부사장에게 자주포 전체를 사라는 말만 듣고 황망히 문을 나서야 했다.
김 박사는 다시 2시간 정도 기차를 타고 마르코니사를 방문했다. 이 회사는 엄청난 기술 이전료를 요구했다. 공장 설비 소개도 하지 않으면서 단지 도면만 보여주고 200만 달러를 주면 시뮬레이터를 개발해주겠다는 것이었다.
""당치 않은 태도지요. 물론 우리 기술이 취약하니까 감수할 수밖에 없긴 한데… 차를 내주겠다는 말을 뿌리치고 그 길로 한국행 비행기를 탔죠. 저도 한 오기 하는지라 죽는 한이 있어도 이 구동시스템을 만들겠다고 마음 먹었지요.""(김동현 박사)
안태영 박사를 비롯한 포탑실은 개발회의를 통해 전차의 포·포탑 구동장치를 개발했던 경험을 살려 전기·유압방식의 구동시스템을 독자 개발키로 하고 유웅재 박사 등으로 특별개발팀을 구성했다. 모두가 독한 마음을 먹은 것인데, 이것은 큰 모험이었다. 실패할 경우 개발사업 전체가 입는 영향이 너무나 크기 때문이다.
개발팀은 곧 구동장치의 실험모델(시뮬레이터) 제작 준비에 들어갔다. 포·포탑의 중량과 관성량을 계산해 이를 기준으로 구동속도와 정밀도 규격을 산출해야 했다. 신형 자주포의 형상과 운용조건이 아직 구체화하지 않은 상태. 많은 어려움 속에 각종 기술자료를 수집하는 등 설계 데이터를 작성, 이를 토대로 1991년 구동 시뮬레이터를 제작했다.
1992년부터 본격적인 시험에 들어간 연구진은 곧 난관에 봉착했다. 52구경장의 무장이 갖는 불균형 모멘트(포신 구동에 따른 하중 변화량)가 K55 자주포 무장의 2배에 달했던 것이다. 기존 유압평형기의 용량을 증대시킨 평형기는 무장의 위치 변화에 따른 불균형 모멘트 값을 충분히 보상하지 못했고 구동하는 각도에 따라 구동력도 매우 다르게 나타났다.

이 문제는 당시 한창 개발 중이던 독일의 PzH2000 자주포에서도 나타났던 것이다.
안 박사의 제안에 따라 서울공대의 이교일 교수와 공동연구를 통해 평형기·실린더·포로 조합한 메커니즘의 정확한 이론 모델을 산출하고 이를 모사실험에 이용했다. 결과는 만족스러웠다. 큰 설계 변경 없이 평형기에 대한 효과적인 유압 설정으로 시스템 구성이 가능하다는 결론을 얻었다.
포·포탑의 구동, 탄 장전 및 이송에 긴요한 유압에너지를 만들어 주는 유압발생장치에서 생기는 소음도 문제였다. 난청의 영향을 줄 수 있을 정도로 소음이 컸던 것이다. 이대옥·김동현 박사, 그리고 동명중공업 안동문 부장과 엔지니어 등은 며칠 밤을 새워 그 원인이 유압의 과도한 출렁거림(맥동현상)에서 오는 것임을 밝혀냈다.
""자동차 머플러에 쓰이는 헬름홀츠 감쇠기의 원리를 이용해 실험장치를 만들었어요. 소음을 줄이기 위한 감쇠기 조건을 변경하자 놀라운 일이 일어났습니다. 그렇게 시끄럽던 장비가 갑자기 조용해지고 유압 맥동현상도 확연히 줄어든 겁니다. 이후 발명특허 및 실용신안으로 등록했는데, 내내 자랑거리로 남아 있었습니다.""(김동현 박사)
또한 사격 명중도에 직접적인 영향을 주는 포·포탑 정밀제어를 위해서는 보다 발달한 제어 방법이 요구됐다. 고정호 박사와 최준성 선임연구원이 이때 디지털 제어기술로 개발한 마찰보상 제어방식은 국내에서는 선구자적인 것으로 선진국 기술과 비교해 손색이 없었다.
이렇듯 순수 국내기술로 심혈을 기울여 개발한 포·포탑 구동장치는 신형 자주포의 주요 핵심기술로서 구동 정밀도가 기준오차 범위 ‘1밀 이하’라는 탁월한 성능을 지니고 있다.
■ 국방일보 원문 기사
국방일보 국산 무기체계 개발비화 

『철모에서 미사일까지』
제3화 「K9 155mm 자주포」
<12> 포·포탑 구동시스템 독자개발 2002년 10월 23일자"
https://kookbang.dema.mil.kr/newsWeb/20220307/2/ATCE_CTGR_0080100001/view.do,RnD,[K9 10회]  위험 도사린 무장 사격시험,,"화포 계열업체 '
선투자' 요청 흔쾌히 수락
8인치 포 포가 이용한 다목적시험기  '낭보'
1992년 1월 신자포 무장 첫 사격시험 실시
1990년 늦가을, 신자포 연구진은 화포 관련 방산업체의 관계자들과 자리를 함께하는 연석회의를 열었다. 연구개발 예산이 부족했던 탓에 무장 개발과 관련된 계획을 설명하고 설비 보강에 먼저 투자해 달라고 요청하기 위함이었다.
이윤을 추구하는 업체에 개발 가능성만 가지고 선(先) 투자를 부탁하기란 대단히 난감한 것이었지만, 참석자 대부분이 KH179 곡사포를 개발할 당시에 참여했던 이들이라는 사실이 다행스러웠다. 10여 년이 지나 각 업체의 이사 또는 부장이 된 그들은 연구진의 계획을 흔쾌히 받아들였다.
이날 저녁 만찬장에서의 화제는 단연 KH179곡사포였다. 당시 열처리 조건을 잡기 위해 밤을 새운 이야기며, KH179의 운명을 좌우했던 운용시험 이야기 등 화제가 끊이지 않는 가운데 누군가 건배를 제의하며 이렇게 외쳤다. “한번 화포맨은 영원한 화포맨이다.” 아직 열악한 환경 속에 연구진과 업체의 도전 의지는 그렇게 투합됐다.
업체의 지원으로 포신 제작이 궤도에 오르면서 연구진은 기술시험을 준비해야 했다. 우선 포신을 거치할 시험장치대를 어떻게 마련할 것인가가 문제였다. 포신의 최대 외경이 KH179와 동일하기 때문에 KH179의 가신을 이용할 수도 있었지만, 그것은 사거리 40㎞를 확인하기 위한 사격 충격력을 견딜 수 있는 거치대는 못되었다.
연구원들은 저마다 해결 방안을 모색했다. 포신을 큰 콘크리트 더미에 묶어 사격하는 방안이 가장 현실적으로 보였다. 그런데 더이상 바랄 것 없는 해결책이 우연 아닌 우연히도 찾아왔다. 안흥에 위치한 종합시험장의 손원호 실장이 문상규(전 풍산(주) 기술고문)부장에게 “앞날을 위해 자체적으로 개발해 놓은 다목적 시험기가 있다”고 말해준 것이었다.
“8인치 포가를 이용해 포신 외경에 상관 없이 기술시험이 가능토록 한 시험기였어요. 그것도 설계 단계가 아닌 제작이 완료된 상태로 즉시 기술시험이 가능했습니다. 하늘이 돕는다는 것이 이런 것이구나 싶었지요.” (홍석균 무장팀장)
최초의 기술시험은 1992년 1월 안흥 종합시험장 3사격장에서 실시되었다. 다목적 시험기에 장착된 포신은 차가운 바람에도 불구하고 더욱 당당하고 늠름해 보였다. 사격시험준비는 순조롭게 진행됐고 적어도 이때만은 마음이 넉넉했다. 하지만 시험이란 것이 어디 뜻대로 되는 것이던가. 개발 중에는 많은 위험이 곳곳에 도사리고 있게 마련이다. 연구개발 기간은 특히 그렇다.
엄동설한에 두려움과 기대를 안고 드디어 최초 무장 연구 시제품에 대한 사격시험을 가졌다. 아니나 다를까. 이때를 시작으로 여기저기서 문제가 터져 나왔다. 높은 사격압력으로 뇌관이 삽입링에 고착돼 빠지지 않는 예가 가장 먼저 발생했다. 언 손을 호호 불어가며 드라이버와 펜치 등 온갖 공구를 다 동원해 무리하게 빼내려다 보니 손바닥 껍질이 다 벗겨져 나갈 정도였다.
자동장전장치를 사용해 55도 고각에서 M549A1 탄을 장전했는데 약실에 박혀야 할 탄이 잘 올라가더니 그만 ‘뚝’ 떨어지는 일도 벌어졌다. 그곳에 서 있던 추증호 연구원은 가슴을 쓸어내렸다. “제게로 제대로(?) 떨어졌더라면 발등·발가락은 그냥 으스러졌을 겁니다.”
탐색개발이 거의 끝나가던 1993년 여름, 장사정탄 및 추진장약에 대한 기술시험을 지원하던 중 생긴 일은 결코 잊을 수 없는 사례.
이날 연구원들은 포 뒤로 20ｍ쯤 떨어져 귀를 막은 채 사격을 지켜보았다. 몇 발은 무리 없이 잘 나갔다. 그런데 갑자기 고막을 찢는 듯한 엄청난 소리가 들려왔다. 그리고 무엇인가 이영현 연구원 머리 바로 위로 ‘휙’ 지나갔다.
사수 요원들이 부르는 소리가 들려와서 달려가 보니 그 두꺼운 포열이 확장돼 들어가지도, 나오지도 못한 채 어정쩡하게 주퇴복좌기에 걸쳐져 있었다. 서로가 어이 없어 하는 가운데 이 연구원은 문득 머리 위로 날아간 물체의 실체가 궁금해졌다. 조사를 해보니 공이 뭉치가 온 데 간 데 없었다. “순간 몸이 경직돼 버렸어요. 키가 조금만 컸더라면 이 자리는커녕 K9 구경도 못하고 이름 석 자만 작은 비석에 남아 있었겠지요.”(이영현 연구원)
누군가는 이 같은 사례의 원인이 안전불감증이라고 지적할 수도 있을 것이다. 하지만 결코 그렇지는 않다. 다만 사격시험 최일선에 서는 무장팀 연구원에게는 그 많은 위험들이 어쩌면 당연하게 받아들여지는 숙명일지 모른다는 것이다.
한편 연구진은 안흥 종합시험장에서 탐색개발 기간까지 250발의 사격시험을 가졌다. 시험 결과 초속 929ｍ의 포구속도를 얻음으로써 최대사거리 40㎞ 도달 가능성을 확인했다.
■ 국방일보 원문 기사
국방일보 국산 무기체계 개발비화
『철모에서 미사일까지』 제3화 「K9 155mm 자주포」
<10> 위험 도사린 무장 사격시험 2002년 10월 9일자"
https://kookbang.dema.mil.kr/newsWeb/20220307/1/ATCE_CTGR_0080100001/view.do,RnD,[K9 9회] 핵심 ‘무장’ 개발 처음부터 난관,,"신형 155㎜ 자주포의 개발 핵심이라 할 수 있는 사거리 40㎞를 달성하기 위해서는 탄을 발사(투발 수단)시키는 무장을 비롯, 탄에 추진력을 제공하는 추진제, 탄의 비행안정성 및 탄 뒷면의 항력을 감소시키기 위한 항력감소 관련 탄두, 탄의 비행을 확인하는 탄도 등 다양한 연구분야가 복합적으로 이뤄져야 한다.
무장이란 포열·포미장치·제연기·제퇴기로 구성된 포열과 주퇴복좌기로 대별되는데, 사거리 관련 연구는 이 발사기구인 무장이 개발되어 있어야 진행이 가능하므로 무장분야(팀장 홍석균 박사)부터 먼저 연구에 착수했다.
그런데 당시 연구 형편은 연구진의 개발 의지를 뒷받침하기에는 거리가 멀었다. 설계 자료를 비롯한 정보와 장비·예산, 그리고 개발 기간까지 모든 것이 충분치 못했다.
연구진이 실제 그 당시 획득할 수 있는 설계 자료는 탄도의 동질성을 확보하기 위한 미국·영국·독일·이탈리아 등 4개국 탄도 협정에 의한 규정뿐이었다. 즉 ‘3,556㎤ 의 약실 체적에 나토 표준탄(L15A1)으로 초속 945ｍ의 포구(砲口)속도를 내는 52구경장의 포신을 채택한다’는 것이 전부였다.
“신자포를 반대하는 측에서 황당하게 봤던 것도 사실입니다. 3,556㎤ 라는 약실 체적만을 두고 생각해 본다면 연구자인 저 자신도 이 체적을 어떤 직경에, 기울기는 어떻게 해야 최적의 설계가 되는가. 아니, 최소한 안전 설계라도 되는가 하고 막연해 했으니까요.”(차기업 선임연구원)
무장 설계는 다른 부품과 달리 설계에 착오가 있을 경우 불의의 사고가 인명 손실로 직결되는 분야. 당시엔 초속 945ｍ의 포구속도를 낼 수 있는 추진 장약이 개발되지 않은 상태여서 어려움은 더욱 컸다. 몇 번이나 반복 계산하고 또 계산하지 않을 수 없었다.
요즘 같으면 컴퓨터의 성능도 뛰어나고 CAD 프로그램이나 분석 프로그램이 있어 간편하게 설계를 검토할 수 있겠지만 1989년의 연구 형편은 그렇지 못했다. IBM-XT라는 PC가 연구원 8명에게 한 대꼴로 처음 보급돼 보물 다루듯 했던 시절이었다.
연구진은 155mm/39구경장인 KH179 견인포에 쓰는 장약 중 가장 큰 M203A1 8호 장약(26lb)의 추진제(M30A1)를 사용, 포강 내 탄도 해석을 수행했다. 그 결과 M30A1 추진제를 33파운드(lb) 사용할 경우 초속 950ｍ 정도의 포구속도를 낼 수 있을 것으로 판단했다. 사격시 33lb의 이 추진제가 발생시키는 강내 압력이 설계의 기준이 된다.
그런데 이 결과는 연구진에 기대보다 실망을 안겨주었다. 강내 압력이 예상치를 훨씬 웃돌았기 때문이다. 연구진은 최초 체계개념 형성 연구를 할 때 포신만을 설계 대상으로 고려했으나 이제는 이 강내 압력 기준에 따라 포미장치, 주퇴복좌기 및 장전장치 등 무장 전체를 새로 설계해야 하는 상황이 돼 버렸다. 어렵게 포신 설계 도면을 완성할 즈음 문제점에 또 직면하게 됐다. 제작과 관련, 한정된 예산·시설에 대해 어떻게 대처하느냐는 것이었다.
신자포의 포신 길이는 KH179에 비해 2ｍ 가량 더 길다. 따라서 소재의 단조처리 시설, 열처리로 및 자긴 가공기 등 제작업체의 시설 보강이 선행돼야 했다. 포신용 소재를 생산하는 업체는 한 번에 3개의 포신을 제작할 수 있는 양의 소재를 만들어 내는데, 연구진에 할당된 예산은 한 개의 포신 재료비만 인정되었다. 더욱이 업체 시설 보강을 위해서는 약 15억 원이 필요했다.
포신 가공 또한 ‘말하기 어려운’ 어려움을 안고 있었다. 업체가 제작 가능한 포신은 당시 KH179용 6ｍ 4cm 포신이 최대치였다. 따라서 기존 시설로 8ｍ 6cm 짜리 포신 가공이 가능한가는 아직 확인되지 않은 상태였다.
“가공해 보면 될 것 아닌가.” 이렇게 간단하게 말할 수 있는 성질이 아니었다. 8ｍ 포신 가공이 불가능하다면 설비를 서둘러야 했다. 연구진은 가공설비를 국내 업체에 공급한 해외 업체를 방문, 자문을 구했다. 해결책은 뜻밖에도 쉽게 구해졌다. 설계 엔지니어의 설명은 “약간만 보완하면 가능하다”는 것이었다.
연구진의 마음과 발걸음은 한결 가벼워졌지만 곳곳에서 아직 몸을 감춘 채 도사리고 있는 복병이 무수히 많을 것임을 실감하면서 각오를 더욱 다져야 했다.
■ 국방일보 원문 기사
국방일보 국산 무기체계 개발비화
『철모에서 미사일까지』 제3화 「K9 155mm 자주포」
<9> 핵심 ‘무장’ 개발 처음부터 난관  2002년 10월 2일자"
https://kookbang.dema.mil.kr/newsWeb/20220303/1/ATCE_CTGR_0080100001/view.do,RnD,[K9 8회] 적용가능 기술 45.5% 불과....국산화율 70%로 설정,,"신형 155㎜ 자주포(신자포)의 전력화 시기는 최초 2000년으로 잡혀 있었다. 그러나 1989년 개념연구 단계부터 시작, 전력화하기까지 12년이라는 개발 기간이 다소 길다는 지적에 따라 1989년 10월에 탐색개발 및 실용개발 기간을 각각 1년씩 단축, 1998년 말로 조정했다.
이를 연구개발 단계별로 보면, 1989년부터 1991년까지가 개념연구 단계로서 체계개발 개념을 정립하고 체계개념을 설계하는 시기다. 이어 1992년 1년간 탐색개발에 들어가 주요 구성품의 체계 적합성과 최대 사거리(40㎞) 도달 가능성 등의 작전운용성능(ROC)에 대한 개발 가능성을 확인하게 된다.
본격적으로 시제(試製)를 제작해 시험평가하는 선행개발은 1993년 10월부터 1996년 9월까지 3년에 걸쳐 수행되는데 ROC의 도달 여부를 확인하고 이를 수정, 보완하게 된다. 1996년 10월부터 1998년 말까지 2년간은 실용개발단계. 선행개발단계에서의 미비점을 보완하는 등 ROC에 부합하는 실용시제를 제작, 야전운용 적합성을 시험평가를 통해 확인하게 된다. 이 기간 중에는 또 종합군수지원(ILS)요소를 개발하고 국방 규격화 작업을 마무리, 최종적으로 양산계약을 체결할 수 있도록 계획됐다.
이 계획과 일정은 1992년 하반기에 탐색개발 기간이 계획보다 9개월 늘어나는 등 약간의 조정을 거치긴 했지만 전력화 예정 시기만큼은 변동이 없었고, 연구진은 갖은 어려움을 극복하며 전력화 약속을 지켜내는 저력을 보였다.
한편 연구진은 1990년에 연구개발분야를 체계종합·무장 포탑·위치확인 등 4개 분야로 확대한 데 이어 육본 정책심의회에서 소요제기안이 결정된 후 사격통제·탄도·탄약·차량 분야를 새로 추가하는 등 전 분야에 걸쳐 개발팀을 구성, 연구에 박차를 가해 나갔다.
그런데 이즈음 국방과학연구소 화포체계실이 신자포를 개발하기 위해 확보하고 있던 기술 수준은 어느 정도였을까.
안충호 책임연구원이 이끄는 체계팀이 1990년 말을 기준으로 개발에 필요한 기술을 7개 분야로 나눠 분석한 결과 그 수치는 사실 낙관적이지 못한 것이었다.

신자포 개발과 제작에 필요한 기술은 모두 235종. 적용 가능한 기술 수준을 100으로 보았을 때 이에 도달한 기술은 이 가운데 107종으로 전체 45.5%에 불과했다. 앞으로 연구를 통해 확보해야 할 기술이 더 많은 상황. 체계팀은 향후 3년 이내에 확보 가능한 기술은 95종으로 예측했다. 그러나 항법 자이로시스템 등 33종의 기술은 5년 이상 연구해도 확보가 거의 불가능한 것들이었다.
체계팀은 분석결과에 난감해 하지 않을 수 없었다.
""물론 체계개발에 적용될 모든 기술을 100% 국내 개발할 수는 없는 문제고, 사실 그럴 필요도 없습니다. 그러나 분석된 기술 수준은 의외로 낮았어요. 육군이 요구하는 전력화 시기를 늦추고 미확보기술을 확보하기 위해 기간을 연장할 것인가. 위험을 감수하고 개발을 강행할 것인가를 두고 많은 논의를 가졌습니다."" (안충호 체계팀장)
하지만 도전의식과 긍정적 사고가 없으면 과학자가 될 수 없는 것인지, 체계팀 소속 4명의 연구원들은 곧 할 수 있다는 자신감을 보였다.
축구를 좋아하는 임종광(사격통제개발연구실)박사는 ""골키퍼 있다고 공이 안 들어갑니까? 장애물은 극복하라고 있는 것이니 계획대로 추진합시다""라고 목소리를 높였다.
밤낮으로 문제 풀기를 즐겨 올빼미로 불린 성락훈(대천대 교수)박사는 ""문제는 풀라고 있는 것이고 문제를 문제로 알고 있으면 문제는 풀린다""며 임 박사의 의견에 동의했다. 이주(한양대 교수)박사도 ""어렵게 생각하면 한없이 어렵고 쉽게 생각하면 쉬운 것""이라며 어려운 일임에는 틀림없지만 좋은 결과를 낼 수 있다는 신념으로 추진하자고 말했다.
연구진은 신자포의 핵심이 되는 분야에 해당하는 체계·무장·탄약·사격통제·포탑 구동장치·탄 장전이송 장치 및 구조물을 국내 개발을 추진하되 개발 기간과 경제성을 고려, 항법장치·엔진·변속기·레이스링은 해외에서 도입 후 국산화율을 높이고 유기압 현수장치는 기술도입 생산키로 계획을 수립했다. 또한 개발 기간 중 국산화율 목표는 가격 기준 70%로 설정했다.
■ 국방일보 원문 기사
『철모에서 미사일까지』 제3화 「K9 155mm 자주포」
<8> 국산화율 70%로 설정 2002년 9월 25일자"
https://kookbang.dema.mil.kr/newsWeb/20220228/1/ATCE_CTGR_0080100001/view.do,RnD,"[K9 7회] ""KH179도 실패했는데....신자포 가능?""",,"""KH179 실패 아냐....
군단화력으로 꼭 확보해야
""
육군정책심의회 무기체계 소요안으로 결정
무기체계 연구개발을 본격화 하기 위해서는 육군본부·합동참모본부·국방부를 거치면서 무기체계의 필요성과 성능, 소요량과 개발 시기 등을 종합적이고 세밀하게 검토하는 절차에 따라 소요가 제기돼 연구개발에 필요한 예산을 확보해야 한다.
이는 연구개발에 있어 결코 녹록지 않은 과정으로서 육군이 신자포의 소요를 정식으로 제기하기까지는 많은 포병 관계자의 노력이 있었다. 그중 대표적 인물이 육군포병학교장을 역임한 안경선(安炅善·육사24기·소장 예편) 장군과 육본 전력개발관리단장을 지낸 강대만(姜大滿·육사30기·소장 예편) 장군이다. 당시 각각 대령과 중령이었다.
1989년 봄, 강대만 중령은 육군본부 무기체계과의 실무장교로 임무를 수행 중이었다. 그는 포병대대장을 지내면서 느낀 기존 화포의 사거리와 기동력의 한계를 극복할 수 있는 방안을 찾기 위해 고심하고 있던 차에 육군교육사령부로부터 신자포 소요 제안을 받았다.
“신자포가 우리 실정으로 볼 때 획기적이면서 또한 포병에 꼭 필요한 무기체계라는 것은 분명했습니다. 특히 40㎞의 사거리와 분당 6발의 발사속도 등은 2000년대 우리 전장환경에 부응하는 성능으로 절대 놓치고 싶지 않았습니다.” (강대만 육군1군사령부 화력부장·준장)
강 중령은 신자포의 작전운용성능(ROC)을 면밀히 검토하면서 화포와 포탄을 함께 개발할 것을 강조하는 등 연구개발을 위한 소요 제기가 되도록 행정 절차를 적극 지원했다.
그러나 당시 육군본부 무기체계과에서 다룬 획득 관련 무기체계사업은 20종이 넘었고 육본 입장에서 보면 신자포는 그중 하나였을 뿐이다. 신자포가 획기적이라는 것은 개발 위험성도 그만큼 높다는 것으로 “세계적 수준의 자주포를 국방과학연구소가 과연 개발할 수 있겠느냐”는 등 부정적인 견해도 만만치 않게 대두되었다.
강 중령은 “국과연에서는 군이 소요 제기만 해주면 개발할 수 있다”는 평범한 말로는 소요 제기가 어려울 것으로 판단했다. 그는 신자포가 필요한 이유를 논리적으로 무장하고 동료와 상급자, 그리고 심의 담당관들을 찾아가 맨투맨으로 설득해 나갔다.
그의 설득 노력은 집요하다 싶은 면도 없지 않아 담당관들은 강중령과 마주치는 일 자체를 피할 정도였고 대화를 나눈다 해도 “신자포는 빼고 말하자”고 선수를 치곤 했다. 강 중령은 이에 지지 않고 “육군 군단화력의 취약점을 해소할 수 있는 좋은 방안”임을 거듭 강조하곤 했다.
1989년 11월 초순, 마침내 신자포는 육본 소요 제기 실무과장 토의회의에 정식 안건으로 상정되었다. 그러나 이날 회의에서는 신자포 안건이 나오자마자 국내 개발 가능성에 대한 의문이 강하게 표출되었다. 회의를 주재하던 모 장군이 “KH179도 실패했는데 그보다 훨씬 어려운 신자포를 개발할 수 있는가”라고 강한 톤으로 반문한 것이다.
강 중령의 노력에 힘입어 신자포에 대해 긍정적일 것이라고 예상됐던 회의장은 일순 긴장의 침묵이 흘렀다. 장군의 일언(一言)은 어떻게 보면 신자포에 대해 완전히 부정적인 견해를 내보인 것이었고, 어떻게 보면 과연 포병이 국과연과 함께 신자포를 끝까지 개발할 수 있겠느냐는 의지를 확인코자 하는 뜻도 담고 있는 듯했다. 여기서 명답이 나오지 않는 한 신자포는 포기해야 했다.
“KH179 사업은 실패한 것이 아닙니다.” 침묵을 깬 것은 당시 육본 포병과장 안경선 대령이었다. 그는 침착한 어조로 말을 이어갔다. “KH179는 한반도 전쟁 억제력에 크게 기여하고 있는 장비입니다. 다만 후속적으로 조치해야 할 몇 가지 미흡한 사항이 있어 조치 중에 있습니다. 이 사항은 별도 보고드리겠습니다. 신자포는 육군이 군단화력으로 꼭 확보해야 할 무기체계입니다.”
장군의 표정은 바뀌지 않았다. 그러나 “육본에서 포병을 대표하는 포병과장이 이런 의지를 가지고 필요하다고 하니 검토해 봅시다”라며 토의에 올렸고 이견 없이 소요 제기안으로 통과되었다. 회의 후 안대령의 겁(?)없는 반론에 과장들은 미소를 담아 이렇게 농담조의 말을 건넸다. “소신도 좋지만 진급심사를 앞둔 대령이 그렇게 대들듯 말해도 되나?”
한편 신자포 사업은 이후 전투발전심의회를 거쳐 1990년 5월 육군정책심의회에서 육군 무기체계 소요안으로 결정되었다.
■ 국방일보 원문 기사
『철모에서 미사일까지』 제3화 「K9 155mm 자주포」
<7> 신자포 무기체계 소요안 결정 2002년 9월 18일자"
https://kookbang.dema.mil.kr/newsWeb/20220224/1/ATCE_CTGR_0080100001/view.do,RnD,[K9 6회] 40㎞급의 신형 자주포가 필요한 이유,,"국방과학연구소 화포체계실은 1989년 1월부터 자주포체계팀(팀장 안충호 책임연구원)과 자주포무장팀(팀장 홍석균 박사)을 편성하고 새로운 자주포, 즉 신형 155㎜ 자주곡사포(신자포) - 이 명칭은 98년까지 연구개발사업 이름으로 계속 사용됐다 - 에 대한 개념 형성 연구에 돌입했다.
K9 자주포를 개발하기 위한 개념 연구가 시작된 것으로, 자주포체계팀이 이때 세계적인 발전 추세와 러시아·중국·일본·북한 등 주변국의 자주포 및 한국 포병의 현황을 분석해 설정한 신형 자주포의 개발 방향은 구경 155㎜에 52구경장의 포신 채택, 사거리 40㎞ 및 최대 발사속도 분당 6발 달성, 관성항법장치 적용, 사격통제의 자동화를 통한 30초 내 초탄 발사, 톤(ｔ)당 20마력 이상의 기동성·생존성 향상, 국내 독자개발 등으로 요약할 수 있다.
이같은 40㎞급의 신형 자주포가 필요한 이유는 여러 면에서 찾아볼 수 있다. 우선 북한과 비교해 보면 화포의 경우 당시 북한은 아군에 비해 수적으로 5000문이나 더 많았고 그중 50%가 자주화 및 차량탑재용이어서 기동화가 용이했다. 아군으로서는 양적인 열세를 질적으로 극복할 수 있는 방안이 시급했다.
전술적 운용 면에서 볼 때 육군은 1988년 기본(Air-Land)전투개념을 우리 전장환경과 장차전의 양상 등 관련 영향요소를 고려, 공세적 전(全)전장 동시전투개념으로 정립했다. 특히 적지종심(20~40㎞)작전은 적 군단 제2 제대급의 증원 역량을 무력화해 근접작전의 확실한 승리를 보장하는 데 주안을 두었다.
포병은 이를 구현하기 위해 대(對)화력 전투에서 적 종심 지역을 타격하거나 적 2제대의 증원을 차단할 수 있는 사거리, 화생방전에서도 지속적으로 임무를 수행할 수 있는 생존성, 기동군단의 공세작전을 지원할 수 있는 기동력을 갖춘 무기체계를 필요로 했다.
실제로 팀스피리트 한·미 연합훈련 등을 통해 야전포병 지휘관들은 포병의 6대 목표인 포탄을 보다 빠르고 정확하게, 보다 멀리 많게 쏘아 보낼 수 있고, 보다 생존성 높게 빠르게 기동함으로써 사격 후 신속한 진지변환(Shoot & Scoot)이 가능한 자주포의 필요성을 절감하고 있었다.
그러면 155㎜/52구경장의 포신을 채택한 이유가 무엇이었을까. 이는 국제간 탄약 호환성을 고려한 것이었다. 미국·영국, 그리고 독일·이탈리아는 1987년 9월 탄도협정을 체결하면서 사거리 40㎞급의 자주포를 개발함에 있어 향후 10년간 155㎜/52구경장을 적용키로 결정했다. 따라서 신자포는 개발 초기부터 세계 정상 수준을 목표로 했을 뿐만 아니라 국제 탄도협정을 적용함으로써 해외 수출이 가능토록 고려했음을 알 수 있다.
해외 수출은 국내 독자개발이 전제된다. 선진 각국은 한국이 KH178과 KH179 곡사포의 독자개발에 성공하고 수출까지 하게 되자 경쟁 대상으로 인식, 자국의 방위산업 육성과 보호 차원에서 기술 이전을 제한하고 있었다. 더욱이 당시 육군에는 M109A2를 한국형으로 국내 생산한 K55(KM109A2)가 배치되고 있었기 때문에 신자포 개발 이후 기술 도용 등의 지적소유권 주장에 적극 대응할 필요가 있었다. 따라서 연구진은 K55보다 월등히 우수한, 완전히 새로운 자주포를 국내 독자개발함으로써 국내 획득과 수출시에 어떠한 제한도 받지 않도록 해야 했던 것이다.
1989년 초봄 연구진은 신자포의 개발계획안을 가지고 육군교육사령부에 소요를 제기해 줄 것을 제안했다. 당시 교육사의 포병무기체계 소요제기 담당관은 박영철 연구관(중령 예편)이었다. 그는 계획안을 유심히 읽더니 “바로 이겁니다”하면서 무릎을 탁 쳤다. ADD의 연구개발 능력에도 상당히 신뢰를 보여왔던 그는 “내 근무 기간이 얼마 남지 않았지만 포병 발전의 사명감을 가지고 최선을 다해 추진해 봅시다”라고 말했다.
신자포에 대한 육군교육사의 반응은 긍정적이었다. 교육사는 40㎞를 야포로 투발할 수 있다면 “이는 군단 화력으로서는 가장 경제적·효과적인 투발 수단이 될 것”이라며 심의를 거쳐 소요제안서를 육군본부에 제출했다.
■ 국방일보 원문 기사
『철모에서 미사일까지』제3화「K9 155mm 자주포」
<6> 신자포, 155mm 52구경장 포신 채택 2002년 9월 11일자
■ 해설
구경/구경장
구경((口徑 Caliber)에 대해 국방과학기술용어사전(국방기술진흥연구소)는 ‘포 혹은 총기 등의 총구의 지름 또는 사용되는 탄환의 지름’이라고 정의한다. 여기서 총포구의 지름이란 ‘강선등과 강선등 사이의 거리’를 측정한 값이다. 단위는 관습적으로 혹은 일반적으로 야드-파운드(yard-pound)법에 따라 미국과 영국이 inch로, 한국·독일·일본 등은 미터법에 따라 mm로 표기한다.
구경장(口徑長)은 ‘포신 길이와 포구 직경의 비율(포신 길이÷포구 직경)’을 말한다. 영어로는 구경과 동일하게 caliber로 쓰이는데 Caliber Length 또는 length of artillery barrel로 풀이된다. 즉, 캘리버란 구경의 크기는 물론 포신 구경과 길이의 비도 함께 의미하는 것이다.
총포류 책자들을 보면 대체로 구경 외에 구경장을 포함해 소개하는데, K9을 예로 들면 구경 155mm와 함께 52구경장이라는 말이 등장한다. 이를 155mm/52 또는 155mm/52구경장, 155mm/L52, 155mm L/52, 155mm/52(L) 등으로 표현하곤 한다. 구경장 ‘52’는 포 전체 길이를 구경 155mm로 나눈 값이므로 이를 구경에 곱하면 전체 길이가 나온다. 즉 8m 6cm가 K9 포열의 길이이다.
소화기에서 M2나 K6 같은 중기관총에 대해서는 구경 12.7mm 보다는 캘리버50이라고 부르는 경우가 더 흔하다. 구경이 되는 12.7mm는 0.5인치인데 소수점을 부르지 않고 캘리버50이라고만 부른다. 이는 대부분의 소총 구경이 1인치 보다 작으므로 소수점 이하의 숫자만을 사용한 데서 비롯된 것이다. 또 쓸 때에는 cal. 50 또는 .50으로 표현하기도 한다. K2 소총의 경우 구경 5.56mm이므로 이를 환산하면 0.22인치, 곧 캘리버22가 된다."
https://kookbang.dema.mil.kr/newsWeb/20220223/4/ATCE_CTGR_0080100001/view.do,RnD,K9   눈덮인 북유럽에서도 질주하는 까닭,,"최근 K9 자주포가 호주와 이집트에 잇달아 수출이 성사되면서 성능에 대한 궁금증도 많아지고 있는데 그 가운데는 어떻게 눈 덮인 북유럽에서, 사막의 나라 이집트에, 산악의 인도에서 가뿐히 내달리는 이유는 뭘까? 묻는 이들이 많습니다.
무기를 개발할 때에는 그것을 운용하고자 하는 군에서 어떻게 만들어달라 요구하는 사항이 다양하게 많은데요, 작전운용능력(ROC)이라고 합니다. 여기에는 날씨와 지형, 기온, 심지어 모래 굵기까지, 그런 환경적 요소까지 모두 포함됩니다. 우리나라에서 개발하는 무기체계는 한반도의 기후와 지형을 당연히 완전히 극복할 수 있어야 하고 수출을 생각한다면 그 이상이 되어야겠지요.
미 육군 규정 AR70-38에 제시된 세계 기후 분류의 intermediated hot-dry와 intermediated cold 항목을 참고하면 우리나라 무기체계에 적용되는 기후 범위를 알 수 있어요. 대략 운용온도는 -32~43도, 저장온도는 -34.4~62.8도 됩니다. 물론 이집트와 같은 중·근동지방은 우리나라보다 훨씬 덥고 북유럽은 눈도 더 많고 더 추우니까 그에 필요한 부품을 추가하거나 기존 부품이 그 환경에 적합하도록 부분적인 수정 보완이 이뤄지겠지요.
그런데 어떻게 확인할까요? 그 발전 사례를 볼까요?
우리나라가 국산무기를 개발하기 시작한 것이 1970년대 초부터, 아직 산업화 초기 단계였던 시기니까 무기개발 수준도 이를 시험하고 평가할 시설도, 데이터도 그리 없었어요. K9 개발의 기반을 마련했던 KH-179 155mm 견인곡사포를 개발할 때입니다. 아마도 환경과 관련된 규모 있는 시험은 이게 처음이 아닐까 싶은데요.
# KH-179 견인포 개발 당시 저온 테스트
1982년 1월, 당시 국방과학연구소 안흥 종합시험장에는 극저온 시험시설이 있었지만 4.2인치 박격포 사격에도 설비가 깨져나갈 정도여서 포신 길이만도 6m가 넘는 구경 155㎜ KH-179 견인 곡사포 시험에는 적절하지 못했습니다.
그래서 경기도 연천의 다락대 시험장에 KH-179를 방렬한 상태에서 베니어판·절연제로 집을 지었죠. 실내에 드라이아이스·알코올을 잔뜩 넣고 10개의 선풍기로 공기를 순환시키며 실내 온도를 영하 44도로 끌어내리면서 화포를 냉각시켰어요. 이렇게 20시간이 지난 뒤, 포탄을 넣는 포미, 포탄이 날아가는 포구 쪽 벽만 허물고 최대 장약의 115% 압력으로 5발을 사격했습니다. 결과는 성공적이었고, 이때 드라이아이스와 알코올은 2.5톤 트럭으로 각각 3대, 1대분이 사용되었답니다.
겨울철 혹한의 날씨를 포함한 우리나라 한반도 전역의 기후와 지형에서 장비가 제대로 작동하느냐는 이 장비를 운용하는 부대와 지휘관, 장병 모두에게 지대한 관심이 되고 ‘내가 믿고 쓸 수 있는 물건이냐’하는 신뢰의 기본이 됩니다. 그래서 기동/화력장비의 경우 개발단계에서 연구진들은 ‘기동성’에 화력 이상의 노력을 기울인다고 합니다.
#K200장갑차의 혹한기 테스트
최초의 국산 장갑차로 말레이시아에도 수출되었던 K200장갑차는 1984년 육군20사단(임무종료)에 첫 배치되자마자 한겨울에도 장비가 정상적으로 작동해 기능하는가를 확인하는 시험이 있었어요. 가장 대표적인 것이 영하 35도, 당시 군에서 제시하는 장비운용 최저온도 기준이라는 그 온도에서 시동을 걸어 운행할 수 있는가 하는 것이었습니다. 국방과학연구소는 1984년 실용 기술시험 때 영하 20도까지 온도를 낮춰 장갑차 엔진의 시동상태와 히터의 점화상태를 점검한 바 있어요. 결과는 매우 양호하게 나타났지만 시험시설이 부족해 영하 32도까지 끌어내리지는 못했답니다.
1985년 1월 경기도 양평의 추위는 실로 역대급으로 기록적인 것이었습니다. TV와 신문에서는 70년 만의 초 강추위가 왔다고 보도했다. 그러던 어느 날, 밤 늦은 시각에 20사단장 민병돈(육사15기·예비역 중장·전 육군사관학교장) 장군은 여단장 이유수(육사20기·예비역 중장·전 7군단장) 대령에게 전화를 걸었습니다. 장갑차 혹한기 시험 여부를 물었고, 여단장은 주둔지에서 실시 중이라고 대답했습니다. 그런데 바로 민 장군다운 지시가 떨어졌습니다. 당장 남한강가로 끌고 가 시험하라는 것이었다. 그 춥고 늦은 때에.
민 장군은 왜 그런 지시를 했을까요. 민 장군은 그날 수은주가 영하 28도 안팎을 기록했던 것으로 기억한다. K200 장갑차에 탑재된 것과 같은 디젤 엔진은 휘발유보다 추위에 약하고 상대적으로 잘 얼 뿐만 아니라 시동이 잘 걸리지 않는 예가 흔했습니다. 이런 추위에 장갑차의 시동이 걸릴까? 민 장군은 이것이 마음에 걸렸고, 또 의심스러웠습니다. 실제로 시동이 걸리지 않는 사례가 발생하곤 했었죠.
이유수 여단장은 즉각 장갑차 16대를 강가로 이동시켰습니다. 기온은 더 떨어져 체감온도가 아니라 실제 온도가 영하 30도 아래를 밑도는 듯했습니다. 마치 장갑차 시험을 위해 추위가 온 듯했다. 새벽 4시에 민 장군이 남한강변에 나타났고, 지체 없이 명령했습니다. “시동을 걸어라!” 복명복창에 이어 조종수들이 일제히 움직이며 ‘부르르릉~’ 이상 없이 시동을 걸었습니다. 사단장은 매우 흡족한 표정을 지어보였습니다.
당시 20사단은 설상(雪上) 지역에서 기동 능력도 시험했습니다. 15~20cm 적설지에서도 좋은 주행 능력을 보였으나 눈이 쌓인 20도 경사지 주행은 곤란하다는 판정을 받아 연구진은 이를 보완했습니다.
이런 노력의 결과가 쌓여 K200은 말레이시아로 수출된 뒤 말레이시아 평화유지군(PKF)이 운용하는 장비로 보스니아 내전에 참전, 1994년 2월 섭씨 영하 32도의 기온 아래 눈과 얼음으로 뒤덮인 해발 1700m의 이그만(Igman)산을 넘어 사라예보에 진입했습니다. 그런 차량은 오로지 대한민국의 K200장갑차뿐이었습니다.
# K9 시제의 겨울철 환경 테스트
연구개발도 일종의 치열한 전투입니다. 땡볕을 피할 그늘도 없는 사격장에서, 영하 20도가 넘는 전방 고지에서 개발장비의 운용성과 개선점들을 찾는 모습은 실전, 바로 그것이다. 그곳에 안락한 연구조건이 있을 리 없지만 더 좋은 장비를 개발하려는 연구진은 그같은 악조건을 마다하지는 않습니다.
K9이 극한적 환경에서 정상적으로 운용 가능한지 시험하기 위해 선행개발 기간 중 전용시험설비를 건설했습니다. 포를 시험설비에 넣고 16곳에 온도계와 난방장치를 설치해 영상 50도까지 높였는데 39시간이나 걸렸습니다. 포 전체가 이 온도로 올라가도록 29시간 동안 유지시킨 후 이어 시동을 걸어 시험설비 밖으로 나간 뒤 5발의 사격을 실시했죠. 그리고 질소가스가 팽창하며 기화열로 주위 온도를 내리는 원리를 적용해 온도를 영하 32도까지 내렸습니다. 35시간이 걸렸고 22시간을 유지시켰습니다. 테스트 승무원들은 질소가스로 인한 호흡장애를 극복하기 위해 산소호흡기를 쓴 후 자주포를 몰고 나와 5발을 사격했습니다. 성에가 하얗게 자주포 전체에 엉켜 붙었지만 사격은 정상적으로 이루어졌습니다.
# K9 강설기동시험과 대명스키장
1998년 10월 2일 육군은 신형 155㎜ 자주포 XK9의 운용시험평가를 합동참모본부에 보고하면서 ‘전투장비 사용가(可)’를 건의했습니다. 10일 후 합참은 무기체계심의회에서 기상여건으로 실시하지 못한 동계 강설기동시험을 실시한 후 결과를 보고할 것을 조건으로 ‘전투장비 사용가’를 의결했습니다.
연구진은 단서 조항을 해결해야만 했습니다. 그해 겨울은 유난히 눈이 오지 않은 해였는데, 적설량이 충분해야만 실시할 수 있는 동계 강설기동시험을 야전에서 수행할 수는 없었습니다. 이듬해 2월까지 기다려도 눈이 충분히 오지 않았죠.
결국 연구진은 스키장을 빌려 시험하기로 계획하고 전국의 스키장을 조사했지만, 스키장들은 50톤에 가까운 중량을 수용하기 곤란하다며 거절했습니다. 연구진은 홍천에 있는 ‘대명비발디’ 스키장을 방문, 국가적 안보에 기여한다는 차원에서 협조해달라고 요청했습니다.
다행히 대명비발디 측은 3월 2일부터 5일간 오후 11시부터 이튿날 오전 5시까지 스키장의 야간 조명등을 켜고 시험할 수 있도록 지원해주었습니다. 스키장 관리인들은 눈을 정리하는 등 연구진과 함께 동참했다고 합니다. 시험은 모든 항목을 만족시켰습니다. 이로써 연구진은 연구개발과 시험평가에 필요한 모든 시험을 완료한 겁니다.
5일간의 시험을 마친 뒤 연구진은 조명등을 사용한 전기세라도 됐으면 좋겠다고 사례했지만 대명비발디 측은 “국가안보를 위해 썼다고 생각하겠다”며 극구 사양했습니다. 비발디 스키장에는 그 후 국방과학연구소장이 국방연구개발사업의 헌신적 지원에 답하는 뜻으로 감사장을 전달했습니다.
# 터키의 강설 기동 요구
2000년 12월 30일, 6개월 만에 터키형 자주포 시제품이 완성됐습니다. 국방과학연구소는 K-9 자주포의 시험평가 기준과 절차서를 영문화해 터키에 제공했고, 이어 동계·사격·하계시험이 한국 측의 기술지원 아래 터키포병학교 주관으로 실시토록 계획돼 1월 말부터 2월 초순까지 동계시험이 추진됐습니다.
동계시험 장소인 사르카므쉬는 터키 동부 산악지역. 해발 약 2100ｍ에 한겨울에는 영하 40도 이하까지 떨어지고 겨우내 눈으로 덮이는 곳입니다. 당시 테스트에 참여한 삼성테크윈 전진모 차장은 “터키 측은 눈 위에서의 기동시험을 가장 중요하고 어렵게 생각했습니다. 터키군의 경험과 지형상 그랬던 것인데 우리는 한국 스키장에서 시험을 거쳤기 때문에 자신 있었습니다. 예상대로 시제품의 기동에는 아무런 문제가 없었습니다”고 회고했습니다.
# K2 전차의 저온시험
지상전의 왕자로 세계 정상급의 성능을 자랑하는 K2전차를 한번 볼 까요. 아래 사진은 보면 차체를 녹색과 흰색으로 도장한 듯이 보이기도 하는데요, 사실은 K2전차 개발 당시의 K2 화력시험용차량(FTR)이 저온시험시설에서 ‘온몸’을 얼린 뒤 나와서 냉기로 생긴 성에가 차체에 하얗게 낀 모습입니다. 저렇게 극한 온도까지 올리거나 내려서 엔진을 비롯한 각종 구성품들이 정상적으로 가동하는지 여부를 확인하기 위해 기동하는 테스트를 합니다.
# 이번에는 항공기를 보겠습니다.
최초의 국산 항공기는 KT-1 기본훈련기이고, 이 기체를 무장형으로 개발한 것이 KA-1전술통제기입니다. 한 겨울에 물을 잔뜩 뿌려서 72시간 동안 얼린 뒤 가동 여부를 확인했는데요. 형 뻘인 KT-1도 같은 고생을 해야 했습니다. 1998년 겨울에, 그때는 영하의 새벽에 시험조종사 2명이 탑승한 채 소방호스로 물을 뿌려 4시간 동안 얼린 후 테스트를 했습니다. 물론 시동은 잘 걸렸지만 시험조종사 한 분은 감기로 고생 좀 했다죠?
# 현재는 환경시험은 어떻게
그런데 환경시험을 장비 개발할 때마다 이렇게 해야 할까요? 그럴 수는 없습니다. 국방과학연구소는 날로 첨단화하는 과학기술 발전에 맞춰 전문 시험시설을 갖추고자 했어요. 시험 능력이 곧 개발 능력이거든요.
2000년 들어 국방과학연구소는 항공시험장을 착공하고 필요시설을 순서에 따라 준공했는데, 고온과 저온 시험, 결빙시험 등 극한 환경에서의 무기체계 성능을 점검하는 환경시험동은 환경시험장은 2008년에 완공됐어요. 실제 작전에서 예상되는 극한 상황에서의 성능을 미리 지상에서 시험해 문제점을 찾아내 해결하는 최첨단 시험시설입니다. 당시 이 시설을 갖춘 나라는 미국 뿐이었습니다.
전투기와 전차, 장갑차 같은 장비들을 대상으로 영하 54℃에서 영상 54℃까지 극한 상황에서 차 등이 정상 작동하는지를 테스트합니다. 결빙시험, 강설시험, 태양열 복사 시험, 강우시험, 습도시험 등도 다 포함됩니다."
https://kookbang.dema.mil.kr/newsWeb/20220223/3/ATCE_CTGR_0080100001/view.do,RnD,[K9 해설]  세계 선진국 주요 자주포,,"K9 자주포와 비교되는 세계 주요 자주포를 살펴보았다.
자주포는 적 종심공격, 대포병(화력)전, 적 전투차량 제압, 보병부대의 직접지원 등을 주요 임무로 삼고 있다. 2000년대의 자주포는 일반적으로 “보다 멀리, 보다 정확하게, 보다 신속하게, 보다 강력하게, 보다 적은 인력으로, 보다 생존성이 높게” 등 6대 성능을 요구받고 있다.
이를 위해 선진국들은 급속히 발전하고 있는 전자, 통신, 신재료, 광학, 인공지능, 로봇기술 등의 첨단기술을 적용해 자주포의 획기적인 성능향상을 이루고 있다. 탄약 보급차, 표적획득, 사격지휘, 자주포 탄약 등을 일괄(package)개념에 따라 개발하면서 지휘통제, 통신 및 정보체계도 구축해 실시간(real time) 운용 등 임무 수행 효율성을 높여가고 있다. 특히 탄에 인공지능을 추가하고 탄 추적레이더를 장착해 정확도를 높이며 사거리도 복합추진 방식으로 급속히 증가하고 있다.
<참고 : 국방과학기술조사서 일반본>
▶ PzH2000 독일
독일은 1986년 이탈리아·영국과 공동으로 추진하던 SP-70 155mm 자주포 개발 사업이 취소되자 2000년대 전장 상황에서 효율적으로 운용하게 될 155mm/52구경장 포신을 갖춘 자주포를 세계 최초로 개발해 PzH2000으로 명명하고 1998년 7월부터 기존 M109A3G 자주포를 대체하기 시작했다.
155mm/52구경장 포신과 모듈형 장약을 사용하여 표준탄(HE-FRAG)으로 30㎞, 보조추진탄(RAP)으로 40㎞의 사거리를 달성했다. 자동 방열하는 주무장, 전기구동식 포 구동, 자동장전장치를 사용함에 따라 10초에 3발의 급속사격과 60초에 8발의 최대발사가 가능하다. 특히 자동화를 위한 항법장치와 탄도계산기를 탑재하여 방향, 포 위치, 포신고각을 자체적으로 측정해 독자적으로 사격할 수 있다.
높은 수준의 기동성능을 보장하고 신속한 진지변환을 수행하기 위해 8기통 M881 디젤엔진을 탑재하고, 레오파드 전차에서 입증된 현수장치를 사용했다. 최대주행속도는 60㎞/h 이상이며, 항속거리는 420㎞이다.
독일은 최근 PzH2000를 활용한 포탑자동화, 경량화, 무인화 등 기술 확보와 발사속도를 향상시킨 완전 자동화 장전체계를 갖춘 차륜형의 DONAR AGM(Artillery Gun Module) 개발을 추진 중이다.
▶ M109A6 미국
미국의 특징은 장비가 배치되고 있어도 성능향상은 계속적으로 추진하는 것이다. M109계열의 M109는 1963년 최초로 배치되어 1979년 M109A2/A3으로 사거리 연장 및 탄약휴대량을 증가시켰다. 이어 신뢰도, 가용도, 정비도를 증대시키기 위한 연구모델 M109A4, 사거리 30km용 무장을 장착한 M109A5로 성능 향상시켰다.
특히 ‘팔라딘 엔터프라이즈(Paladin Enterprise)’라는 프로젝트로 탄생한 M109A6는 M109A2를 10여 년간 연구개발한 모델로서 팔라딘(Paladin)으로 명명하여 1992년부터 야전에 배치되기 시작했다.
M109A6은 이전 39구경장 포신을 52구경장 포신으로, 뇌관 격발식을 레이저 격발식으로, 분당 4발의 유압식 장전장치를 분당 6발이 가능한 급속장전장치(Flick Rammer)로, 위치확인장치(MAPS)를 복합 위치확인장치(GPS를 포함한 경량 MAPS)로, 차내 내부 통화장치(Intercom System)를 새로운 차내 내부 통화장치로, 사격통제장치의 16비트 컴퓨터 프로세서를 32비트 컴퓨터 프로세서로 교체했으며 포구속도측정기(Muzzle Velocity System) 추가 장착했다.
미 육군은 2015년부터 155mm/39구경장의 M109A7을 배치하고 있으며 155mm/58구경장으로 최대사거리 70km를 목표로 한 M109A8이 2023년 전력화를 위해 추진 중에 있다.
▶ AS90 영국
영국은 1993년, 28년간 운용해오던 105mm 자주포를 155mm 자주포 AS-90으로 교체하기 시작했다. AS-90은 전형적인 자주포 형상으로서 차체 뒤쪽에 큰 문이 있고 조종수석과 동력장치는 차체 전방에 위치되어 있다. 차체와 포탑구조물은 장갑강판으로 제작되었으며 7.62mm와 14.5mm 철갑탄과 152mm탄 파편에 방호될 수 있다. 장갑강판은 다른 재질보다 장갑방호력이 우수할 뿐만 아니라 알루미늄합금 장갑판재의 열처리 전후처리가 불필요하다. 유기압 현수장치를 적용함으로써 토션바형 현수장치에 비해 내부공간을 넓게 활용할 수 있다.
초기 39구경장 포신을 썼으나 영국 국방부는 1998년 말 AS-90에 52구경장의 무장과 모듈장약을 개발 적용하기로 함에 따라 2001년 3월부터 야전에 배치된 자주포 중 8문이 성능개량에 착수되었다. 주포를 업그레이드할 때 특별히 리코일 시스템(recoil system)을 교체하지 않아도 된다.
▶ G6 남아프리카공화국
남아프리카공화국은 다른 나라와 달리 바퀴형 자주포에 역점을 둔 G6를 개발했다. 주전략 진지에서 1,000km 떨어진 지역에서의 작전에 기초하고 있는 그들은 먼 거리를 운행하는 자주포로서 바퀴형이 궤도형보다 연료소모가 적고 군수지원에 유리하다고 판단한 것이다.
1988년 생산에 착수한 G6는 전투중량은 47톤에 완전 자동방렬과 항법장치를 장착한 최초의 자주포이다. G6의 동체는 강철 장갑판재로 용접되었으며 바닥은 2중 장갑판재를 적용하여 지뢰에 방호되도록 했다. 공냉식 518마력의 디젤엔진, 토션바 현수장치를 적용하고 있으며 최대주행속도는 90km/h, 항속거리는 700km에 달한다.
주무장은 155mm/45구경장 포이며, 최대사거리는 사거리연장 베이스브리드탄으로 39.3km이고, 복합추진탄으로 53.6km이다. 포탑은 좌우로 각각 40도 회전하며 발사속도는 최대장약으로 분당 4발이다.
남아공은 최근 T5-52 콘도르(condor) 155mm/52구경장 차륜형 자주포를 개발하고 있다.
▶
99식(Type99) 일본
일본 육상자위대의 99식(Type 99) 자주포는 미쓰비시 중공업에서 차체와 조립을, 일본제철에서 포와 포탑을 담당해 개발한 것으로 1999년에 4문을 배치하면서 75식 155mm 자주포를 대체하기 시작했다. 2017년 기준 123대를 운용 중이다.
52구경장 155mm 주포는 FH-70 견인포에 사용하던 39구경장을 면허생산하면서 확보한 기술을 활용한 것으로 전투중량은 약 40톤에 600마력의 힘으로 최대 시속 약 50km로 달릴 수 있다. 자동장전장치가 설치되어 분당 6발을 발사하며 최대사거리는 약 30km이다.
▶ 2S19 및 2S35 러시아
러시아는 자주포 분야에 대한 중요성을 강조하여 수적인 면에서 미국의 약 10배 이상을 보유하고 있으며, 구경도 203mm, 180mm, 152mm, 130mm, 122mm, 120mm 등 다양하다. 주력 기종은 1989년부터 운용하고 있는 구경 152mm의 2S19 자주포가 대표적이다. 사거리는 24.7km~36km이며, 분당 7～8발 사격이 가능하다. T-80 전차에서 현수장치와 구동기어를, T-72 전차에서 동력장치를 채택했다. 또 현수장치는 토션바(torsion bar)를 적용했다. 구동방식은 후륜구동이며 장애물을 제거하기 위한 도져삽이 장착되어 있다.
1995년 이후 동구권 국가들이 포신 구경을 152mm에서 155mm로 전환하면서 러시아도 2S19에 유럽 표준인 155mm/52구경장의 포신을 장착한 수출용을 개발하기도 했다. 인도 차기자주포 선정사업에서 우리나라의 K9 자주포에 밀려 탈락했다.
러시아는 2013년 152mm의 2S35 자주포를 2014년 초도생산했다. T-90전차의 구성품을 기반으로 제작된 이 자주포는 2S19와 전체적으로 유사해 보이지만 높은 수준으로 자동화되어 있다. 전투중량 55톤에 1000마력의 디젤엔진을 탑재하고, 복합사거리연장탄으로 최대사거리 70km를 달성한다.
▶ PLZ45, PLZ05 중국
중국은 구경 203mm, 155mm, 152mm, 130mm, 122mm 등의 자주포를 보유하고 있으며, 45구경장 155mm 포신을 갖춘 PLZ45가 대표적이다. 외형상으로 미국의 M109A2와 유사한 PLZ45는 전투중량 32톤에 525마력 출력의 엔진으로 최대 55km/h의 속도를 낸다. 최대사거리는 사거리 연장탄으로 39㎞이며 반자동으로 탄을 장전, 분당 5발 사격이 가능하다. 포탑은 360도 회전이 가능하지만 사격시에는 전방 좌, 우 30도에서 임무를 수행한다.
PLZ05는 PLZ45에서 개선된 것으로 2003년 시제 완성, 2005년 공개에 이어 2008년부터 전력화되었다. 전투중량 43톤에 1000마력의 디젤엔진을 탑재하여 최고속도 65km로 주행한다. 포신은 PZL45의 45구경장에서 52구경장으로 개선했으며 디지털 사격통제장치, 항법시스템, 반자동장전체계를 장착해 최대 분당 8발을 발사한다.
■ 참고자료
『2021 세계 방산시장 연감』, 국방기술진흥연구소, 2021
『2019
국방과학기술조사서』 2019, 국방기술품질원
『
국방과학기술조사서-일반본』 2003, 국방과학연구소"
https://kookbang.dema.mil.kr/newsWeb/20220223/2/ATCE_CTGR_0080100001/view.do,RnD,[K9 5회] 세계적 추세 ‘화포 자동화 방안’ 연구,,"미래 화포체계 방향·목표 연구 ‘적중’
자동장전·자동방열 실험모델 개발
육군, ADD의 K55 성능개량 제안을 ‘유보’
국방과학연구소 화포체계실 연구진은 1982년 말 KH179 155㎜ 곡사포의 개발 성공 후에도 이에 만족하지 않고 미래를 준비한다는 의지로 1983년부터 세계 화포발전추세에 발맞추는 기초연구에 착수하고 있었다.
문상규 화포체계실장(전 (주)풍산 고문)을 비롯한 홍석균 박사와 안충호 책임연구원 등의 연구진이 참여한 ‘화포 최적 설계 조건의 연구’라는 이름의 이 연구는 화포 분야의 핵심기술을 독자적으로 개발하겠다는 주목할 만한 연구활동으로서 현재의 관점에서 보면 ‘K9자주포 개발의 씨앗’이라고 평가할 수 있을 것이다.
연구진은 이때 외국의 수많은 최신 연구논문과 보고서 등을 수집해 종합·분석하면서 미래 전장환경에 따른 화포의 발전추세를 전망했다.
즉 30~40㎞에 이르는 사거리 연장과 함께 작전개시 초기 급속사격(Burst Fire) 능력을 갖는 화포로서 10~15초에 3발의 화력을 집중할 수 있고, 또한 신속히 진지변환하는 ‘Shoot & Scoot’ 개념을 구현시킬 수 있는 자주포가 요구된다고 내다봤던 것이다.
특히 홍석균 박사는 1984년부터 15초 이내에 3발을 투발할 수 있도록 하는 탄과 장약의 자동장전 실험모델을 개발해 발사속도 증대 방안을 연구했으며, 안충호 책임연구원은 화포자동방열의 기본이 되는 수포(Level Vial)를 전기적 센서로 대체하는 실험모델을 개발하는 등 화포 자동화체계 방안을 연구했다.
“이 당시 연구를 통해 나온 연구 실험모델들은 애초 지금의 K9 자주포를 겨냥한 것이 아니었던 만큼 기구와 형상 면에서 많이 다르긴 합니다만 훗날 K9개발의 개념과 방향, 목표만은 그대로 적중됐어요. 새로운 화포개발을 위한 중요한 토대가 되었다고 할 수 있습니다.”(홍석균 박사)
한편 1980년대 후반 들어 선진국들은 국과연 연구진이 전망했던 바와 거의 일치하는 개념을 지닌 자주포를 앞다퉈 개발하고자 했다.
영국은 독일·이탈리아와 공동으로 추진했던 SP70자주포가 실패하자 AS90자주포를, 독일은 PzH2000자주포 개발을 각각 추진 중이었고, 미국 역시 자주포 성능향상계획(Howitzer Improvement Program)을 수립해 M109A2 자주포를 현재의 사거리 30㎞ 급 M109A6 팔라딘으로 개량하는 사업과 더불어 45㎞ 급의 새롭고 획기적인 크루세이더 자주포 개발사업을 진행시키고 있었던 것이다.
ADD 연구진도 그동안의 연구성과와 자신감을 바탕으로 1987년 육군에 K55 자주포의 성능을 향상시키자는 방안을 제안했다. 한국적 여건에 적합할 것이라는 판단 아래 미국의 자주포 성능향상계획을 모델로 삼아 마련한 이 향상 방안은 30㎞용 포신과 45㎞용 포신을 동시에 개발해 사단용과 군단용으로 각각 운용하자는 것이었다.
그러나 이 방안은 1988년 말 육군본부의 전투발전심의회에서 사실상 ‘불채택’이나 다름없는 ‘유보’ 판정을 받았다. K55(KM109A2)가 1985년부터 생산돼 야전에서 운용되고 있는 시점에서 성능향상 사업은 시기적으로 이르다는 이유에서였다.
이 결과는 다소 실망스러운 것이었지만 낙담으로까지 이어지지는 않았다. 오히려 연구진으로 하여금 한걸음 더 나아가는 새로운 방향의 목표를 갖게 했다. 새로운 개념의 신형 155㎜ 자주포를 개발하겠다는 의지를 갖게 하는 결정적 계기가 되었던 것이다.
“오늘의 결과로 볼 때 유보 결정은 잘된 일이었습니다. 연구진은 ‘그렇다면 신·자·포(신형 155㎜ 자주포)로 가겠다’며 개발 의지를 불태웠으니까요.” (안충호 책임연구원)
■ 국방일보 원문 기사
『철모에서 미사일까지』제3화「K9 155mm 자주포」
<5> 新자주포 개발의지 불태워 2002년 9월 4일자"
https://kookbang.dema.mil.kr/newsWeb/20220223/1/ATCE_CTGR_0080100001/view.do,RnD,"[K9 4회] ""KH179 악조건 시험 공중수송 재검증하라""",,"KH179는 사거리 30㎞로서 미국이 1977년 개발을 완료한 후 1978년 주한미군에 배치한 M198, 그리고 영국·독일·이탈리아의 FH70, 스웨덴의 FH77 등 사거리 30㎞의 155㎜ 곡사포와 동등한 수준이다.
전력화 시기는 이들 선진국보다 다소 늦지만 견인포와 관련한 기술은 어깨를 나란히 하게 된 것이다.
그런데 1984년 봄, 한마디로 잘 나가던 KH179에 성능 시비가 일어났다. 발사 시험 중 포구 쪽의 제퇴기가 세번 연속으로 부분 파손된 것이었다. 이 일은 “KH179의 포신이 깨졌다”로 확대돼 삽시간에 번져나갔고, 급기야 당시 윤성민 국방부장관에게도 보고됐다.
여기에 KH179에 대한 미국측의 견제까지 곁들여졌다. 미8군 지휘부 측에서도 KH179의 성능을 의심할 만한 증거가 있다고 거든 것이다. 더욱이 그들은 KH179가 헬기에 의한 공중수송이 불가능할 것이라는 주장과 함께 자신들의 주력 화포인 M198의 기술을 도용해 제작했다며 우리 군에 문제를 제기하고 나섰다.
‘포신 파손’으로 번진 문제는 사실 대단한 것이 아니라 단지 포탄과 포신 사이에 인터페이스 상의 문제로서 기술적으로 간단히 해결되는 사항이었지만 논란은 쉽게 가라앉지 않고 심각성을 더해갔다. 마침내 상급기관으로부터 KH179의 안정성과 운용성 등을 증명하라는 특명이 떨어졌다. 방법은 악조건 시험과 공중수송 테스트를 다시 수행하는 것이었다.
먼저 포신의 이상 유무를 확인하는 시험이 실시됐다. 육군소장이 지휘하는 검열반이 구성되고 이들이 지켜보는 가운데 KH179 6문으로 포탄을 무려 230발 이상이나 쏘는 가혹시험이 진행됐다. 그러나 KH179는 아무런 이상을 보이지 않았다.
그럴 수밖에 없는 것이 이미 개발단계에서 포신의 수명을 평가하기 위해 이보다 더 가혹한 평가를 실시했던 것이다. 즉, 100여 발을 사격한 후 포강 내부에 히트크랙이 발생한 포신 자체를 시편으로 만들고, 여기에 실사격과 같은 압력을 주는 시험을 파괴시까지 반복했던 것인데 이는 2만 발의 실사격과 버금가는 것이었다.
공중수송 검증을 위한 훈련도 서부전선에서 실시됐다. CH-47 시누크 헬기 12대가 병력 및 탄약을 실은 가운데 KH179 6문을 매달아 작전지역으로 수송했다. 미군의 M198도 1문 포함됐다.
그런데 수송 후 KH179는 사격이 가능한 상태로 안정되게 착지, 사격이 이뤄진 반면 M198는 그렇지 못했다. 헬기와 화포를 연결한 슬링이 제대로 풀리지 않았던 것이다. 사격조차 할 수 없었다. 내심 화포성능의 차이를 보여주겠다는 의도를 지녔던 미국측이 당황하는 모습이 역력했다. 그들은 훈련 후 비로소 “한국군은 매우 우수한 화포를 가지고 있다”는 말을 남겼고 성능과 기술도용의 문제도 일시에 해소됐다. 이후 KH179를 견제하는 미국측의 시비는 일지 않았다. 동시에 KH179와 국방과학연구소의 연구개발 능력에 대한 포병의 신뢰는 높아만 갔다.
한편 육군은 KH179를 전력화하면서 화력증강을 위한 일환으로 자주포 획득사업을 추진하게 된다. 1970년대 초부터 우리 포병은 175㎜ 자주평사포와 8인치 자주곡사포를 보유하고 있었지만 이것들은 운용 개념적으로 볼 때 견인곡사포와 크게 다르지 않았다. 육군은 많은 탄약을 탑재하고 포병들이 탑승한 상태에서도 사격이 가능하며 또 생존성 높은 현대식 자주포를 필요로 했던 것이다.
이에 따라 국방부는 1983년 12월 미국이 1979년부터 생산하기 시작한 155㎜ 자주포 M109A2를 한국에서 미국과 공동으로 생산키로 양해각서(MOU)를 체결했다고 발표했다. 포신과 포탑구조물은 미제를 수입하고 차체·사격통제장치·유압장치는 국내에서 생산하면서 체계종합하는 형태였다.
이 자주포는 한국에서 생산한다는 의미에서 ‘K’자를 붙여 ‘KM109A2’로 명명됐다. 현재 K55로 불리는 자주포가 바로 이것으로, 삼성항공(-> 삼성테크윈 -> 한화디펜스) 측에서 체계조립, 생산 시 익명으로 부르던 K55가 야전에 그대로 전파돼 모델명이 되었다. K55의 국내 생산은 훗날 국내에서 독자적으로 자주포를 생산할 수 있는 산업적 기반을 갖추는 계기가 되었다.
■ 국방일보 원문 기사
『철모에서 미사일까지』제3화「K9 155mm 자주포」
<4> 포신 악조건 시험 이상무 2002년 8월 28일자 3면"
https://kookbang.dema.mil.kr/newsWeb/20220221/3/ATCE_CTGR_0080100001/view.do,RnD,[K9 해설] 화포 구성 및 용어,,"▶ 포가(砲架)
Gun Mount
포신 및 사격통제 기재 등을 장착하는 화포 구조물
▶ 가신(架身)
포의 다리, 포다리
▶ 포열/포신 barrel
1. 긴 원통모양의 강철로 되어 있는, 포의 한 부분, 탄두가 나가는 방향을 잡아준다.
2. 탄두를 목표지점까지 비행토록 발사하는 역할을 한다.  후미에는 탄약을 삽입하는 약실을 갖추고 있다.
▶ 포강 bore 砲剛
포신 속의 빈 부분
▶ 포구 砲口 muzzle
화포에서 탄이 나가는 구멍
▶ 포구 제퇴기 制退機 muzzle brake
1. 포구 끝에 장착되어 포강 내부에서 팽창하여 포구 바깥으로 나오는 추진가스의 일부를 편향시켜 주퇴력의 일부를 줄여줌으로써 사격 충격력을 저감시키는 장치
2. 탄이 포구를 이탈하면서 함께 방출되는 고압 사격가스 일부를 후방으로 방출시켜 사격에 따른 포신의 주퇴 운동량을 감소시키는 역할을 한다.
▶ 제연기
사격 후 포강 내에 남아 있는 연소가스를 포구쪽으로 배출시킨다.
▶ 포미 장치 砲尾
1. 추진장약이 연소하면서 발생하는 고압의 가스를 밀폐시키고 포탄이 포신을 떠난 후에 폐쇄기를 자동으로 개방하고 탄약을 장전한 후 자동으로 밀폐시키는 기구.
2. 격발·사격 때 발생하는 사격력의 지지 및 뇌관 탄피 추출 등의 기능을 한다.
▶ 주퇴복좌기(駐退復座機) recoil-recuperator Cylinder
주퇴기와 복좌기를 함께 붙인 장치. 구경이 작은 총포에 장치하며 포신의 후퇴를 작게 하면서 포신을 빨리 원래의 위치에 돌려놓도록 한다.
▶ 주퇴기
주퇴 포신 및 기타 운동부가 추진제 연소 시 발생하는 힘에 의해 후방으로 운동하는 일
총포를 쏠 때 반동으로 일어나는 충격을 줄여주는 장치
▶ 복좌 counter recoil
포탄 사격 시에 발생하는 반동력에 의해 포신이 후퇴하였다가 다시 사격전 자세로 돌아오는 것
포신 및 기타 주퇴부를 원위치로 복귀시켜 주며, 다음 사격 시까지 포신이 그 위치에 있도록 해주는 장치
☞ 참고 문헌
- 『국방과학기술용어사전』 2017년, 국방기술품질원"
https://kookbang.dema.mil.kr/newsWeb/20220221/2/ATCE_CTGR_0080100001/view.do,RnD,"[K9] 3회, KH179 개발 ‘화포 개발 독립선언’",,"K9 155mm 자주포 천둥
<3> KH179 개발 ‘화포 개발 독립선언’
KH179 155㎜ 곡사포가 처음부터 국내 독자 기술에 의해 개발키로 계획된 것은 아니었다. 1970년대 중반 사거리 20~30㎞의 화포를 보유하기 위해 독일의 155㎜ 곡사포 도면을 도입, 업그레이드하는 등 다양한 방안을 강구하던 중 육군은 1978년 3월 미국 M114A1 155㎜ 곡사포의 성능 개선사업을 소요제기했다.
이는 그해 12월 한·미 공동 개발을 전제로 한 개발 과제로 확정됐지만 1979년 6월 미국의 제안을 접수, 검토한 국내 기술진은 이 공동 개발안을 거부했다. 1975년 국방과학연구소에 입소, 1998년 8월까지 화포 개발의 외길을 걸으며 ‘한국 화포 개발의 대부’로 불렸던 문상규(文相奎) 전 화포체계실장((주)풍산 기술고문 역임)은 그 이유에 대해 이렇게 설명했다.
“당시 240만 달러라는 기술료가 지나치게 많았고 개발에 따른 전반적인 책임을 회피하고 있다는 점이 지적됐어요. 무엇보다 받아들이기 어려웠던 것은 시제 제작과 시험평가를 미국 내에서 해야 한다는 요구였습니다. 지적소유권에 대한 분쟁의 우려도 있었고요.”
사업의 방향은 완전히 바뀌었다. 개발 기간 연장과 함께 국내 독자 개발로 그 수행 방법이 변경됐다. 이것이 155㎜ KH179가 태어나게 된 배경이다. 독자 개발로 변경되자 기술진에도 어려움이 닥쳤다. 사실을 말하자면, 국내 기술 수준은 이제 막 화포의 설계 개념을 이해한 정도였다. 한 번도 독자적으로 화포를 설계·제작해 본 경험이 없었다는 것이 부담이었다. 특히 사격시 발생하는 각종 압력과 가속도 등 설계 변수를 어떻게 결정하고, 제작 후에는 어떤 시험평가 방법을 통해 성능·신뢰성을 입증하느냐가 문제였다.
“국산화한 M101A1의 일부 문제점을 보완, 개발(모범생산이라고 한다)할 때 미국에서 기술 지원한 자료 가운데 155㎜ M198 포신 도면이 있었는데 이를 참고할 수 있었던 것이 다행이었습니다.” (문상규 전 화포체계실장)
연구진은 포미환·폐쇄기·주퇴복좌기 등의 설계 개념을 정립하면서 개발에 박차를 가해 나갔다. 가장 염두에 두었던 것은 시험평가에 관한 것이었다. 이를 위해 미국에서 화포 개발시 적용하는 장비시험절차서를 철저히 분석했다. 또 학계를 포함한 국내 관련 기술진의 두뇌를 모두 끌어모았다. 시제를 제작한 후에는 악조건 상태에서의 안정성 확인과 신뢰성 보장을 위해 실사격 외에 시뮬레이터를 통한 반복시험·파괴시험을 수없이 실시했다.
문 전 실장은 악조건 상태 중 하나인 저온에서의 시험평가 사례 한 가지를 들려주었다.
“당시 안흥 종합시험장에는 극저온 시험시설이 있었지만 4.2인치 박격포 사격에도 설비가 깨져나갈 정도여서 155㎜ 화포시험에는 부적절했어요. 추운 겨울(1982년 1월) 할 수 없이 다락대로 달려가 갖은 방법을 동원해 봤습니다.”
먼저 화포를 방렬한 상태에서 베니어판·절연제로 집을 지었다. 실내에 드라이아이스·알코올을 잔뜩 넣고 10개의 선풍기로 공기를 순환시키며 실내온도를 영하 44도로 끌어내리면서 화포를 냉각시켰다. 이렇게 20시간이 지난 뒤 포구와 포미 쪽 벽만 허물고 최대 장약의 115% 압력으로 5발을 사격했다. 결과는 성공적이었지만 이때 드라이 아이스·알코올은 2.5ｔ 트럭으로 각각 3대, 1대분이 사용되었다.
이렇듯 갖은 노력으로 개발한 155㎜ 곡사포에는 KH179라는 명칭이 부여됐다. KH는 한국형(Korea) 곡사포(Howitzer), 1은 최초 또는 시작이라는 뜻이며 79는 1979년 미국의 제안을 거부하고 독자적 개발에 착수했다는 의미를 담고 있다. 화포 개발의 독립선언이라고 할 것이다.
문 전 실장은 “KH179의 개발을 통해 쌓은 기술력, 연구개발진이 보여준 용기·의지가 우리의 화포 개발 능력을 오늘날 세계적 수준으로 나아가게 하는 확실한 기반이 되었다”고 회고했다.
그러나 KH179는 1983년 전력화한 이후 예상치 못한 우여곡절을 겪게 된다. 이는 결과적으로 포병의 신뢰를 일시에 얻는 계기가 되기도 했지만 K9 자주포 개발사업이 초기에 곱지 않은 시선을 받는 이유가 되기도 했다.
■ 국방일보 원문 기사
『철모에서 미사일까지』제3화「K9 155mm 자주포」
<3> 화포 개발의 독립선언 2002년 8월 21일자 3면"
https://kookbang.dema.mil.kr/newsWeb/20220221/1/ATCE_CTGR_0080100001/view.do,RnD,[K9 해설]  화포 종류와 자주포,,"▶ 정의
화포(火砲)는 화약이 폭발하는 힘으로 탄환을 멀리 쏘아내는 무기를 말한다.
▶ 분류
용도에 따라 야포, 항공포, 대공포, 대전차포, 함포 등으로 분류한다. 이가운데 야포(야전포 field gun 野砲)는 전장의 다양한 환경에 맞추어 야전군과 함께 이동할 수 있는 대포로서 크기가 크고 고정적으로 운용하는 요새포나 공성포와는 구별된다.
탄도에 따라 직사포, 평사포, 곡사포, 박격포로 나뉜다.
직사포는 거의 직선의 탄도로 전차포가 대표적이다. 박격포는 45도 이상의 높은 사각에 의한 탄도로 고지 후사면이나 시가전에서 효과적이며 넓은 살상 면적을 제공한다. 평사포는 곡사포보다는 낮은 사각이 특징이며, 곡사포는 비교적 높은 사각으로 포물선 형태의 탄도를 그린다.
야포는 말이나 인력으로 운반되어 쓰이다 제1차 세계대전 이후부터 차량으로 끌어 이동시켰다. 고정된 위치에서 사격하는 고정포와 달리 이렇게 말이나 차량과 같은 별도 기동 수단의 힘을 이용해 기동하는 포를 견인포라고 부른다. 그리고 포를 궤도형 또는 차륜형(바퀴형) 차량에 탑재시켜 ‘자력으로’ 주행 기동하는 화포를 자주포라고 한다.
자주포는 견인포에 비해 기동성 및 운용성 등이 우월하며, 탑재하는 포 종류에 따라 자주평사포, 자주박격포, 자주곡사포 등이 있으나 자주포라고 할 때는 대체로 자주곡사포를 일컫는다. 자주포는 구경 105mm, 175mm, 8인치의 포를 탑재한 것도 있지만 대부분 155mm의 구경을 가졌다.
이상의 내용으로 K9을 정의하자면 ‘구경 155mm/52 궤도형 자주 곡사포’가 된다.
▶ 왜 견인포 보다 자주포?
자주포가 보통 견인포보다 몇 배가 비싼 장비임에도 견인포보다 선호하는 이유가 있다. 기계화부대와 이동이 가능하며 견인포로는 갈 수 없는 장소에 전개할 수 있고, 또 장갑 덕분에 적의 화력으로부터 생존성이 높다는 점 때문이다. 특히 포를 신속하게 설치하고, 사격한 뒤 진지를 빠르게 이탈할 수 있다. 물론 궤도 차량이므로 상대적으로 고장 나기 쉽고 적 화력에 노출되기 쉽다는 것이 단점으로 꼽힌다.
■ 참고자료
『국방과학기술용어사전』 2017년, 국방기술품질원
『2019 국방과학기술조사서』 국방기술품질원
『기술로 품질로』 2021년 봄호, 국방기술품질원"
https://kookbang.dema.mil.kr/newsWeb/20220217/2/ATCE_CTGR_0080100001/view.do,RnD,[K9 1회]  90년대 국방과학기술이 혼신을 다해 개발한 대표 국산 무기,,"K9 155mm 자주포 천둥
<1회> 국방과학기술 혼신 다해 개발 대표 국산무기
R&D 스토리 'K9자주포'는 국방일보 특별기획 『
국산 무기 개발 비화 '철모에서 미사일까지』 가운데
2002년 8월부터 2003년 4월까지 총 34회 연재된 기사를 현재 시점에 맞춰 일부 내용을 수정 보완하여 게재한 것임을 알려드립니다.
오늘 개발 이야기를 시작하는 155㎜의 자주포 ‘K9’은 1990년대에 우리의 국방과학기술이 혼신을 다해 개발해낸 대표적 무기체계로서 세계에 자신 있게 자랑할 수 있는 명품(名品)이다.
K9은 최대사거리가 40㎞에 달해 적지 종심(縱深·depth·20~40㎞)에 대한 화력지원과 대화력(對火力) 역습이 가능한 점이 가장 큰 특징이다. 자동사격통제체계를 탑재해 사격 명령을 접수한 지 30초 이내에 초탄을 발사할 수 있으며, 송탄 및 장전장치 역시 자동화돼 15초 이내에 최대 3발을, 3분 동안 연속 18발을 사격할 수 있다. 분당 2발씩의 지속적인 사격으로 화력집중이 가능하다. 이는 초기에 적을 무력화할 수 있는 요소가 된다.
강력한 화력에 더해진 뛰어난 기동성·생존성도 돋보인다. 용이한 방향 전환과 우수한 주행 가속성은 사격 후 즉각적인 진지 이동, 즉 ‘사격 후 신속한 진지변환’(shoot&scoot)의 전술 운용을 보장하며 국내에서 개발한 고강도강(鋼)으로 장갑을 보호, 적의 화기와 포탄 파편으로부터 전투원을 보호할 수 있다.
이 같은 K9의 성능은 미군의 주력인 155㎜ 자주포 M109A6 팔라딘(Paladin)보다 사거리·발사 속도·생존성·탄약 적재량·기동성 등 전 부분에서 우위를 보이며 영국의 AS90보다는 사거리·반응성·기동성 면에서 앞선다. 독일의 PzH2000(Panzerhaubitze 2000)과는 탄약 적재량(60발)·발사 속도(1분에 8발)에서 조금 못 미칠 뿐 사거리·반응성에서 대등하며, 기동성을 나타내는 유기압 현수장치·톤당 마력에서는 우월하다.
그런데 이렇듯 자랑스러운 위용을 지닌 K9이 개발 초기부터 ‘세계 최고’를 향한 기대와 지지를 폭넓게 얻은 것은 아니었다. 1990년 봄, 소요군(육군)이 국방과학연구소(ADD·Agency for Defense Development)에 제시한 작전운용능력(ROC·Required Operational Capability)은 일반적으로 평가하는 우리 국방과학기술과 방위산업 역량 수준을 훨씬 웃돌고 있었다.
이는 당시로 볼 때, 미국이 개발 중이던 M109A6보다 요구 수준이 높았을 뿐 아니라 독일이 개발 중이던 PzH2000 자주포, 그리고 미국이 차세대 자주포 개발을 위해 장기과제로 추진하던 AFAS(Advanced Field Artillery System), 즉 크루세이더 자주포(개발 중지)에 맞먹는 성능이었던 것이다.
그래서인지 “미국도 아직 개발하지 못한 장비를 우리가 먼저 개발할 수 있을까”와 같은 우려, 또는 의혹의 눈빛이 한동안 연구진 주위를 맴돌았다. 21세기 전장 환경을 내다보았음에도 불구하고 “자주포 사거리가 40㎞ 그거 괜히 사거리만 늘리는 거 아냐?” “전차도 아니고, 자주포가 그렇게 ‘호화’로울 필요가 있나” 등 성능 자체의 필요성에 대한 의구심도 그치질 않았다.
그러나 세계적 수준의 첨단 자주포를 보유하고자 하는 소요군의 의지는 강력했고, 1970년대 무기 국산화의 첫 걸음인 ‘번개사업’ 이후 쌓아온 경험과 기술을 바탕으로 충분히 개발할 수 있다는 ADD의 신념은 굳건했다. 사업 승인이 난 후에도 K9 개발을 사시(斜視)로 바라보는 눈길은 여전했지만 연구진은 유기적인 산·학·연 협조체제를 바탕으로 군이 필요로 하는 무기체계를 적시에 공급할 수 있도록 연구에 박차를 가했다.
1998년 10월 연구진은 마침내 합동참모본부로부터 K9의 ‘전투사용 가(可·현 용어는 전투용 적합)’ 판정을 받아 1999년 말 서해 연평도에 최초 전력화한 데 이어 2000년 7월에는 터키에 우리나라 방위산업 사상 최대 규모인 10억 달러에 달하는 물량을 공급하는 수출계약을 체결하는 개가를 올렸다. 그것은 10여 년의 힘겨운 대장정이었다. 이제 ADD와 방산업체 연구원 ·엔지니어가 걸었던 그 노정을 따라가 보고자 한다.
■ 국방일보 원문 기사
『철모에서 미사일까지』 제3화 「K9 155mm 자주포」
<1>
세계 최고수준의 명품
2002년 8월 7일자 3면
■ K9제원 및 성능
일반
전투중량
47.0
톤
전장
(
차체
)
12m(7.44m)
전폭
3.4m
전고
3.5m
승무원
5
명
성능
엔진 모델
MT881Ka-500
변속기 모델
X1100-5A3
엔진출력
1,000
마력
톤당
21.3
마력
최고 속도
60km
지상고
0.41m
종경사 등판
60%
횡경사 등판
30%
수직장애물 극복
0.75m
참호 통과
2.8m
도섭
1.5m
화력
주무장
155mm/52
강선포
부무장
12.7mm K6
기관총
최대사거리
HEBB 41.0km
HE 18.8km
급속 발사
3
발
/15
초
최대 발사
6
발
/
분
(3
분간
)
지속 발사
2
발
/
분
(1
시간
)
초탄발사
정지
30
초 이내
기동
60
초 이내
■
용어 설명
▶ 대화력전
Counterfire Operation 또는 Counterfire warfare 對火力戰
적의 박격포, 곡사포, 평사포, 로켓(방사포)와 같은 화력지원 수단과 이를 지휘·통제하는 모든 요소를 무력화하는 전투를 의미한다. 적이 아군을 공격하기 앞서 정찰용 무인항공기(UAV)나 적지 종심작전팀을 통해 획득한 정보에 근거하여 먼저 탐지하고 아군 화력지원 무기체계로 사격하는 것을 공세적 대화력전이라고 하며, 적이 화력 공격을 해올 때 이를 포병의 대포병레이더 등으로 탐지해 반격 사격을 하는 것을 대응적 대화력전이라고 한다. 2010년 11월 북한의 도발로 벌어진 연평도 포격전이 대응적 대화력전에 속한다.
적의 간접 화력 체계, 즉 적의 박격포, 곡사포, 평사포, 로켓 체계 및 그것들에 관련된 지휘 통제, 통신 및 지원 체계를 공격하기 위한 모든 활동.
- 『국방과학기술용어사전』 2017년, 국방기술품질원
▶ 전투 사용 부·적합(가부) 판정
개발 무기체계의 시제에 대해 작전운용성능(ROC) 충족 여부와 군 운용 적합 여부를 시험평가하고, 그 결과를 검토 후 전투용으로 사용 가능한지의 여부를 결정하는 것.
핵심기술의 경우에는 적용할 무기체계에 대해 ‘군 사용 적합/부적합’으로 평가한다."
https://kookbang.dema.mil.kr/newsWeb/20220217/1/ATCE_CTGR_0080100001/view.do,RnD,K9 <2회> 번개사업 모방개발 바탕 독자개발 자신감,,"K9 155mm 자주포 천둥
<2> 번개사업 모방개발 바탕 독자개발 자신감
“거스 히딩크의 성공을 많이 이야기하는데 우리가 잊어서는 안 될 부분이 있습니다. 그것은 한국 대표팀의 역대 감독들이 한 역할이 히딩크 성공의 밑거름이 되었다는 점입니다. 동시에 우리 팀이 보여준 놀라운 체력도 국력의 뒷받침이 없었다면 불가능했을 것입니다. 강한 국력을 만들어 낸 기성세대의 피와 눈물과 땀이 있었기 때문에 그런 체력과 선전이 가능했습니다.”
국방과학연구소장을 역임한 후 한국과학기술연구원(KIST) 원장·과학기술부 장관을 지낸 서정욱(徐廷旭) 박사가 2003년 6월 22일 무역협회가 주최한 ‘동북아 비즈니스 중심국가 프로젝트’ 토론회에 참석, 당시 화두로 꼽히던 히딩크의 성공 사례와 관련해 일침(一針)을 가하듯 한 말이다.
서 박사는 어떤 한 개인의 핵심적·주도적 역할을 높이 평가하기에 앞서 현재의 훌륭한 결실이 가능하게끔 과거로부터 쌓고 다져 온 역량과 기반을 강조하고 있다. ‘무에서 유를 창조했다’는 사례가 전혀 없는 것은 아니지만 원인 없는 결과 또한 없는 것이고 보면 오늘 우리가 ‘업적’이라고 부르는 것들의 근원을 뒤돌아보는 것 또한 의미 있는 일이 될 것이다.
K9 자주포 역시 마찬가지. K9은 20세기를 마감하는 시점에서 우리의 국방과학기술이 10여 년에 걸쳐 빚어낸 주요 업적 중 하나이다. 그러나 K9 사업에 참여한 현재 국방과학연구소 연구인력과 그들만의 과학기술로 개발에 성공한 것은 아니다. 비록 ADD 주도의 개발사업이었다 할지라도 100여 개의 시제(試製)·협력업체, 그리고 대학 등의 연구소 인력이 K9 개발을 위해 힘을 모았다. 또한 1970년대 박격포 등을 모방 개발한 시기까지 더한다면 K9이 탄생하기까지에는 10년이 아닌 30여 년의 세월과 노력이 들어갔다고 보는 것이 옳다고 할 것이다.
돌이켜볼 때 우리나라 무기체계 역사에서 가장 자랑할 만한 것으로 ‘화포’를 빼놓을 수 없다. 고려 말 최무선이 흑색화약을 개발하는 데 성공하고 1377년에는 국가 공인 화약 ·화기 제조기구로 화통도감을 설치, 화포시대를 열었다. 특히 1555년에는 구경 130㎜, 무게 300㎏의 천자총통을 제조하는 등 오랜 화포 역사를 갖고 있다.
그러나 불행하게도 현대에 와서는 1970년대까지 우리 손으로 제대로 만들어 낸 총포류는 하나도 없었다. 창군 이후 우리 군은 105㎜ M3 곡사포를 시작으로 1970년대 중반까지 155㎜ 곡사포·평사포, 8인치 자주·견인 곡사포, 175㎜ 무포탑형 자주곡사포 등으로 무장해 전투 종심을 증가시킬 수 있는 포병 화력을 구비했으나 대부분 미국의 군사원조(군원) 또는 베트남전 참전 대가로 인수한 것들이었다.
국산 화포가 등장한 것은 ADD 창설 이후이다. 1971년 11월 9일 박정희 대통령의 특별지시에 의해 추진된 ‘번개사업’에 의해 소총, 기관총, 60mm 박격포를 국산화했다. 이어 1972년 4월 을지연습 때 후방사단의 화력장비를 보강하기 위해 4.2인치 박격포, 105mm 견인곡사포 국산화가 지시되었다.
당시 105mm 곡사포 개발은 우리 기술력의 주소를 그대로 보여준다. ADD는 포가 부분의 도면은 경북 왜관에 주둔하고 있는 미군부대에서 획득했으나 그 외 구성품의 도면은 구할 수 없었다. 견본 장비를 획득한 후 포신, 주퇴복좌기를 포함한 600여 부품을 역설계하거나 기술자료(TDP·Technical Data Package)를 미국으로부터 도입해 도면을 설계했다.
1971년부터 추진된 ‘번개사업’에 의해 개발한 60㎜ 박격포(M19), 81㎜ 박격포(M29)가 시초를 이루며 4.2인치 박격포·105㎜ 견인곡사포가 그 뒤를 잇는다. 물론 견본 장비를 획득한 후 이를 역설계하거나 장비의 기술자료(TDP)를 미국으로부터 도입, 한국화해 방산업체가 생산하는 전형적인 모방 개발 방식에 의한 것이었다.
그렇다 하더라도 ADD는 이때 미국 무기체계의 도면을 소화해 설계·제작할 수 있는 연구인력·기술력·개발 경험, 그리고 ‘독자적으로 무기체계를 개발할 수 있다’는 자신감을 쌓을 수 있었다.
1970년대 말 우리 군은 북한에 비해 현저히 열세에 놓여 있던 포병 능력을 보강하고자 사거리 20~30㎞ 급의 화포를 갈망하고 있었다. ADD는 여기에 발맞춰 M114A2 155㎜ 견인곡사포를 국내 모방 개발하는 한편 설계에서 양산까지 독자적인 105·155㎜ 곡사포 개발에 돌입한다. 이것이 KH178·KH179 개발사업으로 국산 화포 개발에 획기적인 전환점을 이루게 된다.
■ 국방일보 원문 기사
『철모에서 미사일까지』 제3화 「K9 155mm 자주포」
<2>
‘번개사업 후 국내 개발 자신감’
2002년 8월 14일자 3면
■ 용어 설명
▶ 기술 자료묶음
Technical Data Package
장비 및 체계의 개발, 생산 시험, 사용, 정비, 비 군사화, 제독 및 폐기 시 이용되는 규격, 표준, 기술 도면, 업무 분석 지침, 자료 항목 기술서, 보고서, 정비 교범, 군수 지원 분석 기록서, 전산 S/W 문서 및 시험 결과 등의 자료. 종합 군수 지원 업무의 설계 및 수행에 이용된다.
출처 = 『국방과학기술용어사전』 2017년, 국방기술품질원
▶ 역설계
Reverse Engineering
제품을 설계한 원본 자료가 없거나 부족할 때 현품(現品)을 분해하는 등으로 정밀 측정하거나 이화학 시험을 실시해 치수와 재질 등을 파악, 기술자료묶음을 생성하는 일."
https://kookbang.dema.mil.kr/newsWeb/20191118/1/ATCE_CTGR_0080100003/view.do,RnD,R&D스토리 '신궁' 전회 링크 서비스,,"국방일보·국방저널 기획
R&D 스토리 ‘승리의 믿음 - 신궁’
온라인 기사를 한 자리에 모았습니다.
1회
“우리의 신궁은 紳弓, 信弓이다”
2회
PSAM 개발의 도화선을 당기다
3회
‘그럼 장기간 기술 개발은 누구와 하나’
4회
노즈부분 항력감쇄기는 왜 대못 모양?
5회
탐색기 개발, 러시아와 손을 잡다
6회
표적 후미 아닌 동체 공격해 명중률 높여
7회
추진기관 - 첫 비행시험 실패 ‘신뢰성’ 확보에 주력
8회
신관·탄두, 최대 타격효과 보장
9회
휴대용 미사일인데 삼각대를 쓰는 이유?
10회
왜 新弓? 이름에 담긴 뜻은?
11회
낡은 표적기, 정성 다했지만 안타깝게 추락
12회
예상치 못한 상황....운용시험 중단
13회·끝 “신궁! 언제나 불러도 딸 같은 이름이다”
■ 국방일보 관련 기사
신궁 시뮬레이터 모의 교전기
국방일보 2011년 4월 20일자, 김철환 기자
(상) 신궁을 내몸같이… ‘일발필추’ 실력을 다진다
(하) 5초 내 적기 포착 … 90% 이상 명중률 자랑"
https://kookbang.dema.mil.kr/newsWeb/20190611/1/ATCE_CTGR_0080100003/view.do,RnD,"[신궁 13, 최종회] “신궁! 언제나 불러도 딸 같은 이름이다”",,"시험을 치르지 않고 상급 학교에 진학할 수는 없을까. 공부를 잘하는 학생이든 그렇지 못한 학생이든, 아마도 학창시절에는 누구나 한번쯤 바랐던 희망이었을 것이다. 시험에는 늘 성적이 나오기 마련이고 그에 따라 합격, 불합격의 판정을 받게 되니 썩 내키는 일이 아니다. 불합격이란 결과가 나타났을 때 그 당혹스러움과 낭패감, 아쉬움 등은 말로 설명하기가 참으로 어렵기 짝이 없다. 그렇긴 하더라도 시험이란 것이 지식 수준이나 기술의 숙달 정도를 알아보는 절차로서 사회적으로 이를 공식화하는 과정이니만큼 피할 수만은 없는 일이다.
안타까운 운용시험 불합격
신궁 연구팀도 운용시험평가 중 계획된 12발 사격을 진행하다 4발이 실패, 나머지 4발을 모조리 명중시켜도 합격 판정을 받을 수 없는 상황이 되어 일정을 중단하게 되자 당혹스러움을 감추질 못했다. 특히나 소위 ‘불명중’이란 판정에 대해서는 당황하기까지 했다. 여기서 불명중이란 사격 후 유도탄이 표적을 명중시키지 못한 상황을 뜻하지 않는다. 군이 전투 중에 사격을 해야 할 상황에서 사격이 이루어지지 않은 상태를 말한다.
신궁의 경우 지상 장비의 고장으로 사격이 이뤄지지 않아 ‘불명중’ 판정을 받았다. 연구진 입장에서 보면 너무나 안타까운 일이지만 ‘시험용 펜을 준비했으나 잉크가 떨어져 시험지 작성을 못하는’ 것과 다를 바 없었다. 불합격에 따라 재시험을 치러야 하는 연구팀에는 한동안 무거운 그림자가 드리워졌다.
하지만, 시험평가 중 나타난 여러 가지 미비점을 보완해 보다 완벽한 무기체계를 개발하겠다는 의지가 되살아올라 연구진의 분위기는 차츰 활기를 띠어 나갔다. 시험평가를 주관하는 소요군과는 평가항목, 시험방법, 평가기준 등 전반에 걸쳐 많은 의견을 나누어 그 거리를 좁혀야 했다. 특히 유도탄의 성능에서 중요한 부분을 차지하는 유효 사거리와 적외선 반(反)대응 판단 기준도 항공기의 크기와 진입 방향을 비롯한 많은 과학적 사실과 외국의 유사무기체계의 성능에 대한 사례 등을 감안해 새롭게 확립했다.
놀라운 명중 퍼레이드
재시험은 2003년 8월 14일 재개되었다. 계획된 사격은 주간 7발, 야간 1발 등 총 8발. 연구팀은 신궁이 왜 신궁인지 보여주리라는 듯 자신감에 꽉 차 있었다. 물론 합격 조건은 그렇게 만만하지 않았다. 특히 야간사격 조건이 그러했다. 그렇긴 해도 국방과학연구소의 신궁 연구팀은 물론 LIG넥스원을 비롯한 협력업체의 연구팀 모두 자신감 속에 긴장감을 유지했다.
사격이 시작되자 정말 ‘이것이 신궁’이라는 듯 신궁은 명중 퍼레이드를 펼치기 시작했다. 횟수가 거듭되면서 환호성도 높아갔다. 6발을 연달아 명중시켜 7번째 사격은 실패해도 명중률 시험에는 합격할 수 있었다. 따라서 굳이 주간 마지막 사격을 실시할 필요가 없어졌다. 연구팀은 격추된 표적의 잔해를 두고 이런저런 말을 주고받았다. 잔해는 뿌듯함을 느낄 수 있는 전리품이지만 한편으로는 어떤 애잔한 감상을 불러일으키기도 했다.
이제 결전의 순간만 남았다. 결전이라 함은 최후의 승패를 결정하는 전투를 말함이고 연구팀에게는 야간사격을 의미했다. 한번만 실시하는 야간 사격에서 실패하면 야간 사격 항목이 실패한 것이 되기 때문이다. 한 순간도 놓지 않았던 긴장의 끈이 더욱 팽팽해짐이 느껴졌다. 그래서인지 야간사격을 두고 ‘불꽃놀이’라고 표현한 누군가는 곱지 않은 시선을 받기도 했다.
10월 6일 밤 11시, 야간 사격의 시간이 어둠과 함께 다가왔다. 어둠 속에서는 절로 긴장감이 느껴지기 마련인지 말소리조차 조용했다. 저마다 마음 한켠에는 불안이라는 뱀 같은 존재가 또아리를 틀고 있었을지도 모를 일이었다. 마침내 정적을 깨는 카운트다운이 시작되고 유도탄이 발사됐다. 그리고 불과 수 초 후, 저 멀리 밤하늘에 불꽃이 보였다. 아, 명중이다. 연구팀은 그동안 있었던 긴장감을 떨쳐버리듯 기쁨의 환호를 마음껏 외쳤다. 그런데 신궁 유도탄이 명중한 결과로 밤하늘을 수놓은 불꽃들, 그것은 정말 ‘불꽃놀이’였다. 운용시험의 하이라이트인 사격에서 7발 중 7발 명중! 쾌거였다. 명중률 100%. 하지만 1발을 발사하지 않은 점을 감안, 훗날 개발 성공 보도 시에는 90%의 명중률이라고 발표했다.
그러나 놀라운 명중률에도 불구하고 10월 25일까지 진행된 운용시험 재시험 평가에서는 전체적으로 4개 항목에서 합격 판정을 받지 못했다. 소요군은 추적성능과 야간교전 능력(야간조준기), 추적훈련장비 등의 항목이 기준을 충족하지 못하거나 자료 보강 및 재확인이 필요하다고 판단했다.
훈련은 실전, 하지만....
신궁에는 단계별로 훈련할 수 있는 훈련 장비가 개발되어 있다. 신궁 유도탄의 휴대·이동, 유도탄을 발사장비에 장착·탈착 등을 훈련할 수 있는 훈련모의탄, 사격훈련을 받은 병사(사수)가 평소에 지속적으로 사격훈련을 할 수 있도록 하는 추적훈련탄(장비), 컴퓨터를 이용해 가상현실에서 표적을 조준 및 사격하여 격추시키는 사격 훈련용 모의 훈련기로 구성되어있다.
부적합 판정을 받은 추적훈련탄은 사격절차를 수행 할 수 있는 탐색기와 간략화된 유도조종 장치로 구성되어 있다. 항공기 및 열원을 갖는 모의표적을 대상으로 추적, 조준, 포착, 재 포착 등 사격절차에 따른 사격훈련을 할 수 있다.
훈련목적에 부합하면서 많은 사수가 훈련할 수 있도록 저렴하고 간편하게 사용할 수 있으며 훈련결과를 확인 수 있는 등 개발자가 기본방안을 설정한 후 군과 협의하여 개발에 들어갔다. 그런데 신궁 주장비의 탐색기는 냉각형 2색 적외선 탐색기임에 반하여 추적훈련탄 탐색기는 비냉각형 단색 적외선 탐색기로 개발되었다. 당연히 훈련용 탐색기의 표적포착 거리가 짧게 나타난다. 이것이 운용시험평가에 문제가 된 것이다.
소요군은 ‘훈련은 실전과 같아야 한다’며 탐색기 포착거리가 주장비와 동일, 즉 주장비 탐색기를 사용하는 추적훈련탄이 되어야 한다는 주장을 폈다. 추적훈련탄은 훈련을 목적으로 하는 것이니 비용도 고려해야 한다는 개발자의 입장과 다른 것이었다.
이로 인해 실제 사용할 많은 관련 부서의 의견을 수렴하기 위한 4차례의 추가시험 및 현장 확인(시연)을 갖게 되었는데, 최종적으로 계룡대 고지에서 육군본부의 주요 직위자들과 함께 헬기를 대상으로 실시한 시연에서 추적훈련탄은 “실전과 같은 거리에 대한 사수 훈련은 아니지만 훈련목적을 달성 할 수 있다”고 의견이 모아져 합격판정을 받았다.
신의 영역이 있다
추적 능력 항목에서의 문제는 전혀 예기치 못하게 발생해 연구팀을 아연케 했다. 표적 항공기인 F-16전투기를 추적하던 신궁이 구름 아래로 들어간 표적을 갑자기 포착하지 못했던 것이다. 구름 아래로 들어갔다지만 육안으로 볼 수는 있었다. 이런 사례는 그때까지 단 한번도 일어나지 않았던 일이었다.
“일반적으로 구름의 온도가 표적 항공기보다 낮다고 생각했습니다. 그 동안 구름속의 항공기도 탐색기가 잘 포착하였는데 어떻게 지금은 포착하지 않는 것인지 정말로 답답했지요. 관련 계측 자료를 검토하기 시작했습니다.”(이원상 책임연구원)
계측 자료는 연구팀에 놀라운 사실을 알려주고 있었다. 구름의 온도가 표적의 온도보다 높은 것으로 기록되어 있는 것이었다. 그렇다면 탐색기가 표적을 포착하지 못하는 것은 당연한 것이다. 연구팀은 고민했다. 왜 구름의 온도가 높은 것일까, 언제나 그런 것인가, 1년에 얼마나 이러한 현상이 있을까, 수많은 의문이 생겼다.
전문가들과 문제를 풀어가기 시작했다. 구름은 태양의 적외선을 반사시키는데 구름을 바라보는 각도에 따라 그 현상이 다르며, 그러한 날이 1년에 기껏 며칠 정도는 될 것으로 파악되었다. 다시 말하면 탐색기가 구름 속의 항공기를 포착하지 못할 수 있는 확률이 3% 이하가 되는 것이다. 미미한 수준. 이는 기술로 해결할 수 없는 자연현상이다. 신궁 운용의 제한사항이자 신궁의 아킬레스건이 되는 셈인데, 어쩌면 그 3% 정도는 신의 영역일지도 모를 일이다.
야간조준기, 재시험에 재시험
신궁은 또다시 2004년 2월 16일부터 25일까지 ‘추가 확인 시험평가’라는 이름으로 시험을 치렀다. 역시 야간 교전 능력이 기준에 부합하지 못하는 것으로 나타났고 3달 후인 5월 18일부터 21일까지, 그리고 6월 15일부터 6월 18일까지의 추가 확인에서도 그렇게 나타났다.
신궁의 야간사격능력은 사수가 야간에 표적을 관측, 조준할 수 있는 야간조준기가 필요하다. 주간 조준기와 교체, 부착하는 야간조준기는 표적이 가지고 있는 열(적외선)을 영상으로 탐지하는 장비로서 그때까지는 냉각형 열 영상 센서를 사용했다.
냉각형 열 영상 센서는 야간에 표적을 밝은 영상으로 볼 수는 있지만 값이 많이 나가는 고가품이지만 고장이 잦고, 작동 준비시간이 길어서 신궁에 사용하기에는 조금은 부적합했다. 때문에 신궁의 탐색개발 기간이 끝나갈 즈음 육군이 추가 소요 제기에 따라, 비(非) 냉각형 열 영상 센서를 활용한 신궁용 야간조준기를 개발키로 하고 삼성탈레스의 주도로 개발을 시작했다.
이 비냉각형 열 영상 센서가 달린 야간조준기의 성능 시험을 위해 전투기와 헬기를 투입, 탐지거리를 측정했다. 사수가 야간 조준기로 표적을 탐지하고 동시에 저고도 탐지레이다(TPS-830)가 전투기 및 헬기를 추적하며 거리를 측정했다. 사수가 표적을 찾아 ‘표적 탐지’라고 외치면 레이다가 그 순간에 위치한 표적의 거리를 확인해 주는 방식이었다.
그런데 여기서 장비를 운용하는 사람의 오감(五感)이 얼마나 중요한지 연구팀은 실감했다. 야간조준기 시험에서 성공의 중요한 요인은 ‘사수가 얼마나 빨리 표적을 탐지하느냐’였는데, 사수의 숙달 정도에 따라 탐지거리가 달라졌던 것이다. 실제 사수 옆에 있는 보조 화면에는 표적이 나타나 보이는데 사수는 표적을 찾지 못하고 있었다. 평가 중에 이런 일이 일어났으나 담당 연구원의 답답함은 이루 말할 수 없었다. 결국 야간조준기는 목표로 설정된 탐지거리에서 100m가 모자라 불합격 판정을 받았다.
합동참모본부는 이같은 시험평가 결과를 토대로 7월 31일 최종적인 판정을 내렸다. 주장비는 전투 사용 ‘가’(현재 용어로는 전투용 적합), 야간 조준기는 전투사용 ‘불가’였다. 이에 따라 주장비만 우선 전력화하기로 결정되고 업체 주도로 개발된 야간조준기에 대해서는 재시험평가가 불가피했다.
야간조준기가 합격 판정을 받는 데는 3년여의 시간이 걸렸다. 2006년 말 개발을 마치고 2007년 3월 합참으로부터 군 사용가(전투용 적합) 판정을 받아 곧 신궁에 적용될 예정이다. 낮은 전력(10W)를 사용하며 냉각시간이 30초 이내로서 반응도가 빠를 뿐만 아니라 장시간 이상 사용할 수 있다는 점이 특징이다.
신궁은 진화한다
이같은 신궁은 개발사업을 계획할 당시 연구 인력이 다른 개발사업에 비해 상대적으로 적게 편성되어 많은 어려움이 예상됐었다. 그럼에도 개발에 성공한 요소는 무엇일까. 먼저 체계종합 담당 부서의 업무를 집중화하고 시제업체를 단순화하는 등 업무체계를 확립하고 책임과 권한을 집중한 점이다.
또 국내에서는 부족했던 기술인 탐색기의 경우 탈 냉전 후 어려운 경제 사정으로 놓였던 러시아로부터 획득하고, 회전기체에 대한 풍동시험은 미스트랄 도입에 따른 절충교역으로 프랑스에서 수행함으로써 신궁 개발에 기술적 위험요소를 극복하였다는 점이다. 물론 국방과학연구소는 물론 LIG넥스원을 비롯한 국내 방산 업체의 많은 연구원 및 기술자들이 한 뜻으로 협력하여 맡은 바 소임을 다해냈다는 것을 들 수 있을 것이다.
신궁은 향후 대공포와의 복합 운용체계로는 물론 헬기와 함정 탑재 등 다양한 방법으로 운용할 수 있도록 하는 그 면모가 진화될 예정이다. 특히 신궁 개발을 통해 획득한 적외선 탐색기와 소형?경량화 관련한 첨단기술은 대전차 유도탄과 단거리 공대공 유도탄의 국내 독자 개발에 핵심기술로 활용되고 있어 자못 기대를 모으고 있다.
이제 한국형 휴대용 대공유도무기 신궁의 연재를 사업책임자로서 취재에 많은 도움을 아끼지 않은 이원상 책임연구원의 소감을 끝으로 연재를 마무리 짓는다.
“신궁을 개발하기 위한 지난 세월을 생각하면 꽤나 많은 날들이 지나갔다. 1985년부터 씨앗을 뿌려 물을 주고 햇빛이 잘 드는 곳으로 옮겼다. 1994년 이제 싹을 볼까 싶었더니 된서리를 맞아 잠시 움츠리더니, 1995년 11월이 되어서야 싹이 터지고 잎이 났다.
그때부터 비료를 주고, 도랑을 치며, 잡초도 뽑고 벌레도 잡으며 가꾸었다. 가지를 벌리고 열매를 맺어 그 맛이 어떤지 수 차례 감정을 받았는데 “맛있다”는 말을 들었다. 이때가 2004년 6월쯤 이었다.
이제는 양산이 되어 국군 병사의 손에 쥐어 지고, 기대에 어긋남 없이 표적을 격추시켰다. 기쁨과 흐뭇함을 이루 말로 표현하기 어렵다. 신궁! 나에게는 언제나 불러도 딸 같은 이름이다. 장병들의 큰 사랑으로 든든하게 우리의 하늘을 지킬 것으로 기대하고 또 그렇게 믿는다.”
■ 이 글은 국방일보의 자매지인 월간 ‘국방저널’ 특별기획으로 2007년 연재된 ‘승리의 믿음 신궁, 개발에서 전력화까지’ 기사로서 국방일보 홈페이지 게재를 위해 일부 재구성하였습니다."
https://kookbang.dema.mil.kr/newsWeb/20190514/1/ATCE_CTGR_0080100003/view.do,RnD,[신궁 12회]  예상치 못한 상황....운용시험 중단,,"소요군, 독자적인 평가기준 적용
잊을 수 없는 고속표적기 추락 사고를 겪은 가운데 기술시험은 성공적으로 마무리되어 군이 요구하는 성능을 충족한다는 평가를 받았다. 따라서 이듬해인 2003년 2월부터 소요군의 주관 아래 운용시험평가에 들어갔다. 하지만 이 운용시험은 원만하게 진행되지를 못했다. 군과 국방과학연구소는 계획 단계에서부터 시험방법과 평가 기준에 합의하지 못했던 것이다.
한국에서 개발된 대공유도무기를 시험평가한 것은 단거리 지대공 유도무기인 ‘천마’ 이후 ‘신궁’이 두 번째. 천마에 대한 운용시험 때, 육군교육사령부는 국과연과 협의 아래 상호 합의한 시험 방법과 평가 기준을 정하고 시험에 들어갔다. 시험 종료까지 어떠한 이견도 없이 성공적으로 시험을 완료했다.
그러나 신궁 운용시험에 임하는 소요군의 시각과 자세는 천마 때와는 180도 달랐다. 군은 운용시험의 주관자로서 개발자인 국과연의 의견을 수용할 필요가 없다는 입장을 보였다.
소요군은 개발자인 국과연의 시험장에서 시험계측장비를 사용해 얻은 시험 자료는 신뢰할 수 없고, 시험관이 직접 눈으로 확인할 수 있는 평가기준을 적용하겠다는 기본자세를 가지고 있었다. 개발자의 의견을 적용하지 않고 독자적인 운용시험 계획을 수립했기 때문에 전문가 입장에서 보면 비합리적인 시험방법과 평가 기준이 적지 않았다.
예를 들면 유도탄 사격시험에서 명중률 산정은 반드시 유도탄이 표적을 직격하든가 파편이 표적을 격추해야 명중으로 판정하겠다는 입장이었고, 국과연은 표적기가 실 항공기보다 아주 작기 때문에 실 항공기의 크기를 고려해 명중 범위를 정하고 유도 오차를 계측해 명중을 판정해야 한다는 것이었다. 그러나 육군교육사는 유도탄은 총ㆍ포탄과 달라 표적의 크기에 무관하게 유효사거리 내에서는 어떠한 표적도 정확히 명중시켜야 한다는 주장에서 조금도 물러서지 않으려고 했다.
또한 군 요구성능(운용능력)에 사거리가 5km로 명기돼 있기 때문에 적 위협 항공기는 크기에 무관하게 5km보다 먼 거리에서 유도탄의 탐색기가 표적을 포착해야 사거리를 충족시킬 수 있어야 한다는 주장이었다. 적외선 탐색기를 적용하는 유도무기가 항공기 엔진의 배기열이 보이지 않는 정면접근 시 탐색기의 포착거리가 크게 감소한다는 일반적인 제한사항을 전혀 무시하고 있었던 것이다.
개발자가 운용시험 과정에서 군과의 견해 차이를 보여 갈등하는 것은 시험평가 전문화로 가는 단계에서 거의 모든 나라가 거쳐야 하는 과정인 것처럼 보인다.
러시아도 최초의 휴대용 대공유도무기인 SA-7을 개발해 운용시험을 할 때는 군이 무리한 시험방법과 평가 기준을 요구하는 바람에 개발자들이 많은 어려움을 겪었다고 한다.
러시아 군이 유도탄 충격시험의 일환으로 운반용 케이스에 든 유도탄을 2층에서 땅으로 떨어트린 후 사격시험을 하는 등 군에서 생각할 수 있는 모든 방법들이 동원됐으나 SA-18을 시험할 때는 단발사격에 의해 명중 또는 불명중 판정으로 명중률을 산정하는 것이 아니라 실제 사격에서 얻은 유도오차를 적용해 시뮬레이션 모델의 상수 값들을 조정한 후에 시뮬레이션에 의해 명중률을 산정하는 과학기술 군으로 발전했다는 것이다.
고온의 플레어로 추적 불량 확률 높아
운용시험은 불협화음 속에 2003년 2월 11일부터 시작됐다. 그 와중에 전혀 예상치 못했던 문제점들이 잇달아 발생했다. 유도탄 내의 열전지 미작동, TAG시험을 위해 특별히 장착한 자이로(Gyro)의 미작동, 표적 플레어(Flare)의 2개 동시 점화 등이 그것으로 결국 2003년 6월 2일 군 운용시험이 중단되는 사태에 이르렀다.
플레어의 예를 보자. 신궁 유도탄 사격에는 플레어를 표적을 추적하는 열원으로 사용했다. 기술시험에서 6발의 사격이 모두 다 명중을 하는 좋은 결과를 얻었다. 그러나 2개의 플레어가 동시에 점화된 한번이 문제였다. 플레어의 성능에 대한 정확한 분석이 없이 사격을 실시됐다. 그리고 왜 2개의 플레어를 사용하면 유도오차가 많이 발생되는지에 대해서도 명확히 분석되지 상태에서 시험이 진행됐고 결국 이는 시험 중단으로 이어졌다.
시험이 중단되자 연구팀은 향후의 성공적인 사격을 위해 그동안 찜찜하게 여겨오던 플레어의 비행 중 적외선 광량의 변화특성을 시험하기로 했다. 유도탄이 표적에 접근하였을 때 플레어가 탐색기에 미치는 영향을 보기 위해 표적기가 근거리로 접근 및 퇴각할 때 플레어를 점화하면서 적외선(IR)온도를 측정하는 시험을 6월 3일 시도했다.
“플레어의 불똥이 얼마나 많이 떨어지는지 마치 거대한 불꽃놀이 같았습니다. 실제 사격 시험 때는 먼 거리에서 보았던 탓인지 전혀 보이지 않았거든요. 또 그 플레어의 적외선 온도가 무척 높았습니다. 탐색기가 ‘마치 두리번거리듯’이 발진 추적하는 ‘추적 불량’ 상태가 될 확률이 매우 높았어요. 따라서 2개의 플레어가 동시에 점화되면 발진 추적에 의해 유도오차가 크게 날 수밖에 없다는 것, 그리고 열량이 작은 플레어의 적외선 온도가 실제 항공기의 후미에서 본 엔진 열에 더 가깝다는 것을 알게 됐습니다.”(이원상 책임연구원)
■ 이 글은 국방일보의 자매지인 월간 ‘국방저널’ 특별기획으로 2007년 연재된 ‘승리의 믿음 신궁, 개발에서 전력화까지’ 기사로서 국방일보 홈페이지 게재를 위해 일부 재구성하였습니다."
https://kookbang.dema.mil.kr/newsWeb/20190423/1/ATCE_CTGR_0080100003/view.do,RnD,"[신궁 11회]  낡은 표적기, 정성 다했지만 안타깝게 추락",,"하나의 무기체계를 개발하는 데 10년의 세월이 걸린다고 할 때, 대부분 마지막 2년 정도는 무기체계 개발의 핵심적인 단계인 시험평가(T&E : Test and Evaluation)로 진행된다. 시험평가는 목적상 개발 단계에서 양산(量産)을 갈 것인가를 결정하기 위한 종합적 판단 자료를 제공하는 것으로, 군이 요구하는 운용 환경에서 임무를 제대로 수행할 수 있는가를 확인하는 절차이다.
물론 체계개발 단계에서 부품 또는 서브시스템별로 요구 성능에 대한 충족도와 신뢰도를 확인하기만 시험평가는 화력 및 기동, 생존성 등 요구능력(ROC : Requirement Operational Condition)은 물론 인간공학적인 적합성, 조작의 편의성과 안정성, 고·저온시험을 포함한 환경성, 기존 무기체계와의 적합성 등을 총괄적으로 평가하는, 즉 개발한 무기체계가 군이 요구하는 성능에 부합하는지를 확인하는 종합시험평가를 일컫는다.
크게 개발자가 주관하는 기술시험(Development T&E)과 소요군이 주관하는 운용시험(Operational T&E)으로 나뉘는데 시스템의 안정성과 기술적 성능을 입증하는 것이 기술시험이라면 운용시험은 실전에서 정상적으로 작동하여 임무를 수행할 수 있는가를 평가하는 것이라고 할 수 있다.
그런데 무기체계 개발자와 운용자 간에 입장과 시각을 달리하는 면이 나타나기 마련이어서 시험평가에 들어가기 앞서 평가항목과 방법 등에 관하여 상호 의견 교환과 합의가 필요하다. 또 시험평가자에게는 공학적 판단 능력, 시스템이 임무 수행에 미치는 영향에 대한 포괄적 이해, 개발 과제의 중요도에 대한 이해, 목적 지향적, 시스템 전반에 대한 균형된 이해, 편향되지 않은 사고방식 등이 요구되기도 한다.
시험평가 백미는 표적 사격
신궁은 2002년 4월부터 12월까지 각 부품 및 부체계가 조립, 완성된 시제로 자체적인 종합시험 즉 기술시험평가를 실시했다. 수많은 항목에 걸쳐 시험하고 평가를 하지만 시험평가의 백미는 역시 대공 표적에 대한 사격이다.
그 사격시험의 실시 여부는 80~90%가 표적기의 운용에 달려있다. 표적기를 준비하고 사격 후에 다시 표적기를 회수하기까지는 하나의 전투와 같다고 할 수 있다. 특히 표적기의 비행이 잘 안됐을 때 받아야 하는 질타는 관계자가 아니면 정말로 이겨내기 어려운 고통이다. 표적기를 준비하고 비행을 담당하는 당사자들이 아니면 쉽게 이해하기 어려운 부분이 있는 것이다.
우선 저속 표적기. 신궁 사격시험을 위해 TS-1이라는 표적기를 도입했다. 운용에 문제가 없어 신궁 유도탄이 백발백중의 성능을 발휘하는 데 기여했다. 하지만 고속 표적기가 문제였다. 단거리 지대공 유도무기 ‘천마’를 개발하면서 1992년에 도입한 비치크래프트(Beechcraft)사의 MQM-107B와 1982년 솔개(RPV) 사업 때 구입한 표적기 추적 및 통제장치(TTCS:Target Tracking & Control System)를 운용해 고속표적사격을 해야 했다.
때문에 표적기 팀은 정비에 각별하다고 할 만큼 갖은 정성을 다 쏟아 준비를 했다. 왜냐하면 TTCS는 천마 시험 때에도 수리부속이 단품된 상태에서 새로운 부품을 사용한 회로로 적용해 어렵게 운용한 바 있어 신궁 사격을 위해 공군 방공포병사령부에서 폐기 처분한 수리부속까지 동원했던 것이다. 한마디로 “정상비행을 기대하는 것 자체가 무리였고, 하나의 무모한 모험이었다”고 말할 정도였다.
안타까운 표적기 추락
표적기를 담당한 팀은 고속 표적기에 대한 시험을 앞두고 “이것만 잘 날라주면 더 바랄 게 없다”며 가슴을 조아렸다. 드디어 2002년 4월 18일. 고속표적에 대해 사격할 날이 밝아왔다. 날씨도 좋았다. 고속표적기는 사전 준비 중에 여러 번 말썽부렸다. 그래도 준비된 시각이 되자 언제 그랬냐는 듯 굉음과 함께 발사대를 박차고 날아갔다.
표적기에는 길이 25cm, 길이 120cm의 견인 표적이 매달려 비행했다. 표적기와의 거리는 약 1.5km. 표적기의 비행 속도는 워낙 빨라 80여 명의 시험요원과 관람석의 참관자 누구도 견인 표적을 보기가 어려웠다. 표적기 팀은 고속표적기를 최대한 사수에 가깝게 비행시켰다. 그래도 누구도 견인표적을 보기 힘들었다. 그런데 그렇게 두 바퀴를 돌던 표적기의 엔진이 갑자기 멈춰버렸다. 해상에서 긴급 회수했다.
표적기 팀은 초조했다. 또 우울했다. 준비된 두 번째 표적기를 비행시켰다. 발사대를 박차고 날아간 시각이 오후 4시 33분. 아, 그런데 이게 어찌된 일인가. 표적기가 좌측 방향으로 휘면서 안면도 쪽으로 총알같이 날아가는 것이 아닌가. 표적기는 정주석 선임기술원과 TTCS를 운용하던 이동국 선임연구원의 어떠한 처방도 듣지 않았다. 1분 40초 후 표적기는 안타깝게 추락하고 말았다.
그때 사업책임자 이운동 박사의 얼굴이 순식간에 돌변한 것은 말할 것도 없었다. 모든 사람이 숨을 죽인 채 표적기가 사라진 안면도 쪽만 바라보고 있었다. 다만 바다에 떨어져 큰 사고로 이어지지 않기를 바라는 것이 그 가운데 유일한 소망이었다. 실제로 추락한 표적기가 발견됐다는 신고가 빨리 들어오기를 기도하는 일밖에는 없었다. 아무것도 할 수가 없는 긴장된 시간이 45분이 흘렀다. 오후 5시 15분경에 안면도 조그만 동네 논바닥에 국방과학연구소의 비행기가 추락했다고 신고 전화가 접수됐다.
‘대형사고’될 뻔한 아찔함 느껴
이운동 박사는 곧바로 그 지역을 잘 아는 시험단의 민방위 중대장과 함께 마을로 달려갔다. 도착하니 분노한 주민 30여 명이 표적기 잔해가 흩어져 있는 논 주위에 모여서 연구원들을 기다리고 있었다. 주민들의 기세는 한마디로 무서웠다. 주민들은 “바다에서 우리의 생업인 고기잡이를 못하게 하는 것도 모자라서 이제는 농사까지도 못하게 하려느냐?”고 외쳤다. 이 박사는 큰 죄를 지은 죄수와 같이 고개를 푹 숙였다. “우리도 국가를 위해 일을 하다가 사고를 저질렀으니 용서해 달라”고 손이 발이 되도록 싹싹 빌었다. 주민들의 분노는 쉽게 가라앉지 않았다.
현장은 상상외로 너무나 아찔한 사고였음을 말해주고 있었다. 모내기를 위해 물을 채운 논바닥에 추락한 표적기가 산산조각 난 것을 두고 말함이 아니라 추락하는 과정이 그러했다. 표적기는 마을 뒷산의 나뭇가지를 스쳤는데 미처 펴지지 못한 낙하산이 나무에 걸려 감속이 되면서 마을 뒤를 지나는 고압선과 상전선의 20여m 사이를 통과해 추락한 것이다. 만약에 고압선이나 상전선에 걸렸으면 마을 전체가 불바다가 됐을 지도 모를 일이었다. 밭에서 일하던 사람이나 농가를 덮쳤으면 어떻게 되었을까. 이만하기를, 정말 하늘에 감사드리지 않을 수 없는 ‘엄청난’ 사고였다.
그날 밤 10여 명이 시험요원들은 자동차 헤드라이트를 켜고 눈에 뜨이는 표적기 잔해를 모두 거둬들였다. 새벽 1시에 숙소에 들어가 쉰 다음 새벽 6시에 모든 시험요원(25명)들이 다시 현장으로 달려가 기름으로 뒤덮인 물이 찬 논에 기름 흡착포를 깔았다. 시간이 지나면 흡착포를 뒤집고, 새것으로 갈아서 펴기를 오후 6시까지 반복해 겨우 눈에 띄는 기름을 모두 제거했다. 불평은커녕 오직 동네가 불바다가 되지 않은 것을 감사하고 감사해 했다.
그 후로 피해보상 협상과 처리 문제로 어려움이 많았으나 논 주인 부부가 착한 분들이어서 빠른 기간 내에 모든 문제를 마무리 할 수 있었고, 그리고 고속표적기의 노후 상태를 보고해 군 운용시험에는 견인표적이 아닌 고속표적기에 직접 사격할 것을 결심 받았다.
■ 이 글은 국방일보의 자매지인 월간 ‘국방저널’ 특별기획으로 2007년 연재된 ‘승리의 믿음 신궁, 개발에서 전력화까지’ 기사로서 국방일보 홈페이지 게재를 위해 일부 재구성하였습니다."
https://kookbang.dema.mil.kr/newsWeb/20190314/2/ATCE_CTGR_0080100003/view.do,RnD,[신궁10회]  왜 新弓?   이름에 담긴 뜻은?,,"전통 호국 무기 활(弓)에 대한 재인식
신궁의 정식 이름은 한국형 휴대용 지대공 유도무기(KPSAM ; Korean Portable Surface to Air Missile)이며, 여기에 부여된 애칭은 '신궁'
(新弓)이다.
새로운 활을 뜻한다.
초기 연구개발 단계에서 '휴대용 지대공유도무기'은 영문 약자인
KPSAM, 또는 휴대용과 대공유도무기의 영문약자를 조합한 ‘휴샘’ 등으로 불리곤 했다. 하지만 사업이 본격화되면서 모두가 공감하고 개발 의지를 모을 수 있는 이름이 필요했다.
이에 연구팀은 유도탄의 이름을 짓고 이를 사업명으로 활용하기로 했다. 연구직을 포함한 국방과학연구소의 전 직원을 대상으로 공모한 결과, ‘神弓’이 선정되었다.
그런데 왜 新弓으로 변경해 사용했을까.
여기에는 우리나라의 전통적 호국 무기인 활에 대해 인식을 새롭게 하고 활과 활쏘기에 담긴 선조들의 정신을 다시 살리자는 의미가 담겨 있다.
또 이전까지 휴대용 유도탄은 외국에서 도입했지만 앞으로는 새 활로 우리 군을 무장시키겠다는 국내 연구개발의 새로운 의지가 실렸다. 나아가 새로운 기술을 소화, 흡수하고 우리의 기술을 새롭게 적용시켜 ‘신궁’을 개발하겠다는 연구들의 의지도 포함되어 있다.
특히 2000년대, 21세기는 인류 모두의 새로운 출발을 기약하는 새 시대의 상징으로 다가오는 시기에 우리나라도 자주국방의 새로운 각오로 새 활을 만들어내겠다는 뜻도 있다.
이후 국내 개발 유도탄과 유도로켓 이름에는 ‘궁’을 폭넓게 활용하고 있다. 중거리 지대공 유도무기(MSAM)은 ‘천궁’, 함대공 유도무기에는 ‘해궁’, 보병용 유도무기로는 ‘현궁’, 2.75인치 유도로켓에는 ‘비궁’ 등이 있다.
한편, 신궁의 수출형 영문 이름은 케이론(Chiron)이다. 케이론은 그리스 신화에 나오는 반인반마(半人半馬 ) 즉 상체는 사람, 하체는 말인 켄타우로스(Kentauros, Centaur) 족의 하나이다. 의술·궁술· 예술에 모두 능하고 예언의 능력도 지닌 현자로서 그리스 신화에 등장하는 많은 영웅들을 가르친 스승이다. 별자리에도 케이론이 있다. 9월 초에 잘 보이는 궁수자리(사수자리)가 그것으로, 성도(星圖, 천문도)에서는 케이론이 서쪽 하늘을 향해 활시위를 한껏 당긴 모습으로 그려져 있다.
■ 이 글은 국방일보의 자매지인 월간 ‘국방저널’ 특별기획으로 2007년 연재된 ‘승리의 믿음 신궁, 개발에서 전력화까지’ 기사로 일부 재구성, 게재되었습니다."
https://kookbang.dema.mil.kr/newsWeb/20190314/1/ATCE_CTGR_0080100003/view.do,RnD,[신궁 9회] 휴대용 미사일인데 삼각대를 쓰는 이유?,,"사거리 3~5km의 대공 방어에 효과적으로 운용되는 것이 휴대용 지대공유도무기(PSAM : Portable Surface to Air Missile)에는  두 가지 방식이 있다.
1명의 운용병이 발사기를 어깨에 밀착시켜 발사하는 견착식(MANPADS : Man-Portable Air Defense System)과 2~3명이 운반해 삼각대를 사용, 발사하는 거치식(DETPADS : Detachment-Portable Air Defense System)이다.
스팅거와 이글라가 대표적인 견착식이며 미스트랄은 거치식이다.
‘2회’에서 설명했듯 견착식은 한 명이 빠르게 운용할 수 있다는 장점이 있지만 20kg이 넘는 유도탄과 발사기를 어깨에 메고 쏘기에는 힘겨울 뿐만 아니라 명중률에도 영향을 주는 단점이 있다. 더욱이 실제 잘 운용하기 위해서는 부사수가 따라붙어야 한다.
반면 거치식은 삼각대에 유도탄을 장착해 사수가 앉거나 서서 사격하므로 훨씬 안정적인 사격으로 명중 확률을 높일 수 있다.
신궁은 삼각대 형태의 발사 장비에서 운용하는 거치식으로 개발되었다. 삼각대에는 유도탄 1발이 들어가는 발사관과 조준경, 발사기 및 피아식별기가 장착된다.
발사관은 유도탄을 충격과 온도 변화 등 외부 환경으로부터 보호하고 삼각대에 쉽게 장착할 수 있어야 하며 특히 유도탄을 발사할 때 목표물에 용이하게 지향할 수 있어야 한다. 휴대하기 쉽고 가벼워야 함은 물론이다.
신궁의 발사관은 고강성이면서 제작성이 우수한 원통형 복합 소재를 채택하고 있다. 경량화에 초점을 맞추었다. 발사관은 그 길이에 비해 두께가 매우 얇기 때문에 성형 후 열 팽창 차이에 따라 내경의 치수가 불량으로 나타나는 경우가 있었다. 제작 시 공정 변경으로 해결했다.
신궁의 유도탄 사출 모터는 발사관 안에서 분리하는 방식을 택하고 있다. 이 방식은 사출 모터가 발사관에서 구속될 때 충격이 전달되는데 삼각대까지 영향을 미친다. 이 충격을 최소화하는 것이 개발 당시 큰 문제점이었다. 수십 차례의 지상에서의 고정 사출 시험을 통해 발사관 및 삼각대에 대한 구조적 강성을 확인하면서 마네킹을 이용, 사수에게 미칠 수 있는 영향을 확인하기도 했다.
삼각대는 미스트랄의 것과 매우 유사한 형태를 취하고 있다. 개발 초기에는 유도탄을 지지하는 지주를 회전 중앙에 위치시키는 방안, 유도탄 지주와 사람이 앉는 의자를 회전 중앙에 대칭적으로 배치하고 지주의 높이를 조절할 수 있는 방안 등 두 가지로 설계했다.
각각의 장·단점을 파악하고 운용 군 등의 의견을 수렴한 결과 유도탄을 지지하는 지주가 회전 중앙에 위치하는 형상으로 선택했다. 여기에 운용 장병의 신체적 특성에 따라 의자 높이를 조절할 수 있도록 인체공학적으로 설계했다."
https://kookbang.dema.mil.kr/newsWeb/20190227/1/ATCE_CTGR_0080100003/view.do,RnD,"[신궁 8회] 신관·탄두, 최대 타격효과 보장",,"대공 유도탄 시스템에서 항공기나 순항유도탄과 같은 대공 표적을 격추시키는 최종 임무는 신관과 탄두에 부여되어 있다. 추진 장치와 유도 조종장치가 탄두를 표적까지 정확하고 빠르게 실어 나르는 역할을 한다고 할 때 신관과 탄두는 표적을 타격하는 결정적인 힘을 발휘하게 된다.
신관을 개발하는 기술은 선진국에서도 핵심기술로 분류되어 관련 기술을 공개하지 않고 있다.
국방과학연구소는 단거리 지대공 유도무기 천마(天馬)의 유도탄 신관에 적용된 기술을 토대로 각각의 핵심기술에 대한 세부적 연구와 시뮬레이션 등을 통해 신궁 유도탄에 적합한 소형화된 신관을 독자적으로 개발했다. 탄두 역시 세계 최초로 텅스텐 합금을 이용한 ‘조절형 파편 탄두’를 개발했다.
1발로 쉽지 않은 항공기 격추
일반적으로 항공기는 작은 충격에도 취약할 것으로 생각되지만 실제로 군용 항공기들은 대공 공격에 대비해 상당한 방호력을 갖추고 있어 ‘격추’라는 것이 그리 쉬운 일만은 아니다.
그래서 일반적인 대공 유도탄은 10kg 이상의 대형 탄두를 사용해 명중 후 즉시 추락할 수 있도록 하지만, 휴대용급 대공 유도탄의 탄두는 그 무게가 1.5~3.5kg 수준에 불과해 ‘추락시키는 명중’은 더더욱 어렵다.
항공기의 엔진을 예로 들면, 신궁과 같이 표적의 열상(Infra-red)을 추적하는 유도탄은 열을 내뿜는 열원(heat source 熱源)이 되는 항공기 엔진을 추적해 공격하게 된다. 엔진은 대체로 5mm 두께의 철판으로 만들어진다. 이런 엔진에 휴대용 유도탄 탄두 파편 몇 개가 관통을 한다 해도 치명적인 타격을 입히지는 못한다. 또 30mm 내외의 대공포탄 1발로도 항공기를 완전히 제압할 확률은 극히 미미하다. 정밀한 유도와 탄두의 위력이 무엇보다 중요시 되는 까닭이다.
이렇게 표적이 대공화기에 맞아 입은 피해(살상)는 ▲5분 이내 추락 ▲ 임무수행 불가 ▲ 수리시간 소요 등의 범주로 구분된다. 이는‘종말조우조건’이라고 하는, 유도탄이 표적에 접근해 마지막으로 신관이 표적을 감지하고 탄두를 폭발시켜 표적을 제압하는 단계의 상황(조건)에 따라 달리 나타난다.
표적에 가장 많은 피해를 주자면 유도탄이 표적을 직접 맞히는 경우일 것이다. 그런데 매우 빠른 속도로 회피 기동을 하는 항공기를 ‘직접 맞혀 격추' 시키는 명중 확률은 사실상 그리 높지 않다. 따라서 유도탄이 표적을 근접했을 때 스스로 표적을 효율적으로 격파할 수 있는 최적의 위치와 순간(타이밍)을 판단하는 것이 중요하다. 즉 유도탄 자체에서 표적을 탐지하고 탄두가 표적에 최대 피해(살상)를 줄 수 있는 시점을 판단해서 탄두를 기폭시키는 장치가 필요하다. 이 역할을 수행하는 것이 신관이다.
신궁 신관은 레이저광 이용하는 광학식
신관은 표적을 탐지하는 방식에 따라 전파를 이용하는 전파형과 레이저광을 이용하는 광학식이 있다. 광학식은 태양광, 안개, 구름 등의 기상조건에서 전파형보다 영향을 많이 받는다는 단점이 있다. 하지만 전자파 교란 등의 영향을 거의 받지 않고 생산 단가도 상대적으로 저렴하다는 장점이 있다.
또 신관에는 충격(impact)방식과 근접(proximity) 및 충격 겸용 방식이 있다.
신궁 유도탄에는 광학식 근접 및 충격신관이 채택되었다.
미국 레이시온(Raytheon)의 스팅거(Stinger)나 러시아 KBM의 이글라(Igla)는 근접신관을 사용치 않고 충격신관 만을 사용하여 유도탄의 동체 충돌관통과 폭풍압 그리고 파편 효과로 대공표적을 제압하는 방식을 사용한다. 

이같이 충격신관만을 장착한 경우라면, 유도탄이 표적에 직접 부딪혀 ‘충격’이 작동할 때에는 상당한 위력을 나타낸다. 하지만 이글라와 스팅어의 명중률이 60% 정도로 알려졌을 만큼, 충격신관만 채용한 유도탄의 명중률은 생각보다 높지 않은데다, 유도탄이 표적에 직접 충돌하지 않고 스치기만 해서는 위해를 크게 입히지 못한다.
근접 신관만 채택한 경우라면, 피해의 정도는 ‘충격’ 때 보다 더욱 약하게 나타난다. 파편의 위력에만 의존하기 때문에 근접(거리) 정도와 탄두 폭발 타이밍에 따라 표적의 피해 수준이 달라진다.
현재 세계적으로 가장 많이 사용되는 방식은 프랑스 마트라(Matra)사의 미스트랄(Mistral)과 영국의 스타버스트(Starburst) 처럼 근접/충격 겸용 신관을 사용하는 것이다. 표적이 되는 항공기에 치명적인 살상 피해를 노리기 보다는, 저수준의 살상력이지만 표적에 광범위하게 피해를 주어 임무수행 능력을 저하시키는 방식이다.
여기에는 앞서 설명한 바와 같이, 일반 대공 유도탄보다 구경도 작고 가벼운 휴대용 대공유도탄의 한계, 즉 휴대가 용이한 반면에 탄두의 중량도 작아 파괴력이 떨어진다는 이유도 있다.
""근접신관과 충격신관을 겸한 신관의 경우에도 근접신관에 의해서만 작동할 때에는 표적에 치명적인 충격을 주지 못할 수 있기 때문에 근접신관이 표적을 감지한 후 일정 지연시간을 두어 ‘충격’이 감지될 수 있는 기회를 제공하는 것이 바람직합니다. 지연시간을 충분히 줄수록 표적의 종심에 보다 깊숙이 침투하여(표적에 보다 더 가깝게 접근하여) 탄두가 폭발하게 되므로 표적의 제압에 가장 유리한데, 이때 표적의 종심에 탄두가 침투하는 동안 탄두의 구조가 안정적으로 유지되면서 폭발케 하는 것이 중요합니다.
""(이영준 책임연구원)
따라서 개발 중 가장 중요하고 크게 고려해야 할 사항은 유도탄이 표적 항공기 탐지 후 최적의 기폭 지점을 찾아 탄두를 폭발시키기 위해 어떤 탐지 방식, 어떤 표적 신호 분석, 어떤 신호처리 알고리즘 방식을 써야 하는가를 판단하는 것이다.
신관에는 표적을 찾고 확인하는 표적확인장치(Target Detecting Device)가 있다. 유도탄이 비행 중 표적에 근접해 가면 이 장치에서 적외선 레이저를 그 ‘물체’에 쏘아(照射) 이에 반사되는 신호 크기를 분석해 이것이 '진짜 표적’인지 여부를 판단하는 것이다.
표적은 낮과 밤, 그리고 기상 상태를 가리지 않고 공습해올 것이기 때문에 표적탐지장치 역시 그같은 '전투환경' 속에서 표적을 분명히 가려내는 성능을 보유해야 한다.
신궁 신관에 적용된 표적탐지장치의 경우 적외선 레이저광을 이용하여 유도탄 비행축의 수직방향으로 360 도 전 영역의 표적을 탐지하도록 개발됐다. 특히 송신 레이저광을 90도의 팬빔(fan beam) 형태로 펼쳐 주고, 표적에서 반사된 레이저 광 펄스를 집속시켜 주는 광학장치를 4개 채널로 구성하고 있다.(아래 개념도)
""미스트랄 신관은 6개 채널로 구성돼 있는데 채널이 적을수록 고도의 기술이 적용됩니다. 미스트랄 신관에 비해 생산 단가도 크게 저렴하다는 것이 또하나의 장점입니다"" (이영준 책임연구원)
그런데 신관 표적탐지장치에서 쏘아진 레이저는 비·구름·안개에 의해서도 반사되는데, 경우에 따라서는 표적 만큼의 유사한 신호 크기로 반사돼 ‘표적으로 오인’케 할 수 있다. 

신호 크기가 표적의 것인지 아닌지는 신관 내의 소형 컴퓨터 격인 마이크로프로세서가 계산하는데, 이 계산이 가능하도록 프로그램화한 것이 ‘신호 처리 알고리즘’이다.
구름을 표적으로 오인, 탄두 기폭시키기도
신관은 여타 시스템과는 달리 한 번의 오작동에 의해서도 유도탄을 폭발시키는 결과를 초래하기 때문에 그 작동 신뢰도가 매우 중요하다.
신뢰도 높은 신관을 개발하기 위해서는 각종 시험평가 기술이 절대적으로 필요하다.
과거 1990년대 중반 천마 개발 당시 발사된 유도탄이 구름 속을 지나면서 그만 탄두를 터트리는 바람에 시험에 실패한 경험이 있다. 천마 유도탄에 적용, 개발된 광학식 신관이 짙은 구름을 표적으로 오인해 탄두를 기폭시켜 버린 탓이다.
광학식 신관은 비·구름·안개 등을 구분하는 데 ‘전파형’보다 취약한 단점이 있는데, 이렇듯 신관이 비·구름·안개 등을 ‘표적’으로 오인하지 않도록 하기 위해서는 개발 단계에서 비·구름·안개의 반사 신호와 변화량을 충분히 측정하고 데이터를 확보한 후 이를 바탕으로 알고리즘을 완벽하게 개발해야 한다.
연구팀은
태양광·안개·구름 등의 기상 조건 하에서 신관의 작동성을 확인하기 위한 안개·구름 영향분석시험, 실물 전투기 표적(MiG-23)에 대한 신관의 표적 탐지능력을 입증하기 위한 조우모의시험, 그리고 신관의 표적 탐지 및 탄두 기폭 등의 과정 확인을 위한 유도탄 비행시험 등을 수행하였다.
먼저 안개·구름 영향분석 시험은 변화량이 심한 짙은 안개와 구름이 자주 끼는 장소에서 수행해야 되기 때문에 이들 기상조건을 충족시키는 장소를 물색했다. 

천마 개발 때와 마찬가지로 소백산 천문대 일대가 최적의 장소로 판단되었다. 시험시기는 태풍이 자주 발생하는 8월말로 정했다.
연구팀은 천문대 부근에 텐트를 치고 시험장비를 설치했다. 시험에 적합한 안개·구름 조건이 형성되기를 수 일간 기다려 마침내 요구하는 기상조건에서 성공적으로 시험할 수 있었다.
이 과정에서 신궁
신관은 안개, 구름등의 기상조건하에서도 표적을 정상적으로 탐지하는 전천후(all weather capability) 성능을 가졌음을 입증했다. 특히
신관의 광학 장치에 태양광이 직접 들어오더라도(입사) 태양광의 영향을 받지 않고 표적을 탐지할 수 있는 ‘태양광 영향배제 신호처리 기술’과 아주 짙은 안개나 구름 하에서도 정상적으로 표적을 탐지할 수 있는 ‘안개·구름 영향배제 알고리즘’의 신뢰성을 확인할 수 있었다.
이처럼 신궁 신관은 가시거리 80m 이하의 안개와 구름 하에서도 표적 탐지능력을 보유하고 있다. 미스트랄 신관의 신호처리 알고리즘은 아주 짙은 안개, 구름하에는 표적을 탐지할 수 없는 것으로 알려져 있다. 환경 적응성에서 우열을 가릴 수 있는 부분이다.
실물 전투기 표적(MiG-23)에 대한 신관의 표적 탐지능력을 입증하기 위한 조우모의시험은 당시 국내에는 시험설비를 갖추지 못한 상태여서 2001년 미국 캘리포니아 차이나 레이크(China Lake, CA)에 위치한미 해군항공무기센터 NAWC(Naval Air Weapons Center)에서 조우모의 시험을 수행하였는데, 시험결과 신궁 유도탄에서 요구하는 사양을 충족시키는 신관탐지능력을 확인할 수 있었다.
조절형 파편 탄두는 세계 최초 기술
한편, 근접 및 충격신관은 지연시간을 충분히 줄수록 표적의 종심에 보다 깊숙이 침투해 터지도록 하므로 표적 제압에 가장 유리하다. 다만 표적의 종심에 탄두가 침투하는 동안탄두의 구조가 안정적으로 유지되며 폭발해야만 한다.
세계 최고 수준인 미스트랄의 경우 파편 효과를 위해 텅스텐 파편의 크기를 일정하게 미리 만들어 접착시키는 성형 파편을 사용한다. 이러한 파편은 크기와 파편의 속도가 일정하지만 탄두의 구조가 취약하고 파편의 속도가 떨어지는 단점이 있고, 체계 구조상 충
격 작동 때에 일정 시간 기다릴 수 없으므로 탄두의 폭발이 표적의 종심에 가깝게 접근하지 못해 무기효과가 떨어지는 약점이 있는 것이다.
세계 선진국들의 휴대용 대공 유도탄 탄두를 분석한 탄두설계팀은 선진국에서 핵심적인 보호기술로 다루어지는 이 분야에 그동안 축적된 독자적인 국내 기술을 바탕으로 세계‘최초’기술이라는 도전장을 냈다.
이른바 텅스텐 합금을 이용한‘조절형 파편 탄두’라는 것이다. 이것은 파편의 크기가 일정하면서도 파편의 속도가 뛰어날 뿐만 아니라 표적과 충돌, 폭발할 때 탄두 구조의 생존성이 우수하다. 종말조우단계에서 최상의 위력 발휘를 보장하는 신궁만의 비법이다.
신궁탄두에는 또 선진형 탄두에 공통적으로 적용되는 둔감기술이 접목되어 있다. 이것은 유도탄이 표적과 충돌하며 충격센서가 표적을 감지한 후 탄두가 폭발할 때까지 탄두 안전도를 확보하기 위함이다. 이를 검증하기 위해 연구팀은 모의 유도탄과 표적의 충돌시험을 국내 최초로 수행하기도했다. ·
더불어
발사 때 발사 환경을 감지한 후 우군 지역 내에서 탄두가 폭발하지 않도록 안전을보장해주는 기계식의 안전장전장치(Safety and Arming Device)는 극히 얇은 초박형이면서도 충격에 매우 강한 면을 가지고있다.
야전 운용 중 안전도가 높아지는 것은 물론이다.
신궁 신관과 탄두는 전체적으로 국내 독자적인 기술에 의해 개발된 세계 최첨단 수준이라고 할 수 있다. 미스트랄의 광학식 신관과 비교할 때 성능상으로 대등하지만 무게와 크기가 작은 데다 가격 또한 낮다는 우월성이 있다.
■ 이 글은 국방일보의 자매지인 월간 ‘국방저널’ 특별기획으로 2007년 연재된 ‘승리의 믿음 신궁, 개발에서 전력화까지’ 기사로 일부 재구성, 게재되었습니다."
https://kookbang.dema.mil.kr/newsWeb/20190103/1/ATCE_CTGR_0080100003/view.do,RnD,[신궁 7회] 추진기관 - 첫 비행시험 실패 '신뢰성' 확보에 주력,,"내열시스템, 러시아와 설계개념 달라 해석 ？공정 등에 진척 더뎌
유도탄이 각종 환경 속에서도 표적을 충분히 추적할 수 있게 비행하도록 힘을 주는 구성품이 추진기관이다.
유도무기체계의 개발 일정을 볼 때 이 추진기관은 다른 부체계(subsystem)에 비해 1년 정도 앞서서 개발되어야 한다. 설계한 유도탄이 군에서 요구성능에 대체적으로 만족할 것인가를 무유도 비행 시험을 통해 먼저 확인해야 하기 때문이다.
따라서 탐색기 경우처럼 탐색개발이 시작되기 전에 이미 연구를 시작해야 하는 것이 바람직하지만 추진기관에 대한 연구는 다른 부체계와 경우와 다를 바 없었다.
인력과 예산은 타 부체계와 마찬가지로 1995년 11월 탐색개발이 시작되면서 투입되었다.
타 부체계보다 1년 정도 앞서 개발해야 한다는 부담감 속에 그나마 연구 예산도 기초연구 성격의 연구 범위에 해당하는 만큼만 배정받았다.
내열시스템 설계 매우 중요
신궁 추진기관 개발에 필요한 주요 기술로는 비행모터의 추진제, 내열(耐熱)시스템, 연소관 개발 기술과 이들을 종합한 시스템 성능 기술 등을 들 수 있다.
이 가운데 추진제 내부에 금속선(가는 은선)을 삽입해 연소 속도를 증가시키는 추진제 개발 기술은 국내에서는 개발 경험이 전무한 기술이었으나 미래를 준비하는 연구원들의 사전 연구에 의하여 상당한 기술을 확보하고 있었다. 또한 얇고 가볍게 제작해야 하는 연소관 개발은 천마와 구룡 등을 개발하면서 관련 기술을 축적해온 덕분에 비교적 접근이 용이했다.
이렇게 추진기관 개발에 필요한 여러 분야의 기술들이 여러 연구원들의 열정에 힘입어 성공적으로 진행되는 가운데서도 어떤 기술은 그 과정이 매우 힘든 경우도 있었다.
특히 내열시스템이 그러했다. 
  일반적인 추진기관의 경우 연소관 내부의 추진제가 연소 후에 짧은 시간 동안에만 연소관을 보호하는 내열재가 연소 화염에 노출된다. 그러나 신궁의 내열재는 연소 초기부터 연소 완료 시까지 고온, 고압가스에 노출되므로 내열시스템의 설계는 중요하다.
국내에서는 전혀 경험하지 못한 새로운 내열시스템에 대한 개발 방향을 명확히 정하지 못한 채 개발은 시작되었다. 따라서 지상 연소시험을 통해 추진기관의 성능을 우선 개략적으로 판단하기 위한 용도의 추진기관(‘heavy type""이라고 하는 구조적 안정성이 높은 추진기관) 을 사용했다.
결과적으로 탐색개발 기간을 통해 성능은 개략적으로 확인 할 수 있었으나 내열시스템은 만족할 만한 결과를 얻지 못했다. 그 영향은 체계개발에 들어서 유도탄 체계에 부합하는 추진기관을 설계한 후 확인하는 최초 시험(1999.6.24)을 진행하는 가운데 나타나고 말았다.
신궁은 특성상 가벼우면서도 성능은 최대로 발휘되어야 하지만 그날 시험의 결과는 추진기관을 너무 성능 위주로 설계한 결과였다. 원인 분석 결과, 추진기관의 내부 총 공간 중에서추진제가 차지하는 공간이 너무 과도하였기 때문에 발생한 현상으로 밝혀졌다.
유도탄 비행시험에 대비해 모든 부품을 비행용으로 적용한 추진기관의 지상 연소시험에서도 파열 현상이 발생했다. 자체 개발한 내열시스템이 역시 고온가스 유동에 견디지를 못한 것이다.
이후 재료와 제작 공정을 수차에 걸쳐 변경해 시도해봤지만 역시 만족할 만한 결과를 얻지 못했다. 러시아의 기술을 접한 것은 이 즈음이었다.
""당신들은 실패 경우 없었나?""
연구팀은 러시아의 내열시스템에 대한 보고서와 엔지니어들을 국내에서 접했지만 우리의 설계 개념과는 상당히 다른 데 대해 의구심을 갖지 않을 수 없었다.
서방국가들의 설계개념에 비해 효율성 측면에서는 양호했지만 신뢰성 면에서는 동의하기가 곤란했다.
그들은 그들 역시 오랫동안 수많은 파열 현상을 겪으면서 완성한 기술임을 강조할 뿐이었다.
  ""당신들 유도탄도 간혹 추진기관이 실패하는 경우가 있을 것 아닌가?"" 이렇게 유도성 질문을 건넸지만 그들의 대답은 늘 ""아무런 문제가 없다""였다.
기술회의는 이전하는 측과 이전 받는 측의 미묘한 견제 탓에 터놓고 토의할 수 있는 마당이 못되었다. 자리를 제작회사로 옮겨 소수의 실무 엔지니어들끼리 가슴을 맞대니 좀더 자유스럽게 토의가 가능해졌다.
러시아 엔지니어들은 밤에 진행되는 기술회의에도 싫은 내색을 보이지를 않고 목표를 향한 공동인식 아래 성실하게 토의에 임했다. 그렇지만 한계가 있었다. 러시아 기술에 대한 개념적 접근은 가능했지만 중요한 내열시스템의 설계와 해석, 공정과 관련한 실제적이고 세부적인 문제에 대해서는 진척이 거의 없었다.
""설계를 어렵게 마치고, 상온·고온·저온 등의 환경조건 아래서 지상시험을 실시했습니다. 조마조마한 순간을 수차례 넘기며 시험 한 것이 한 두 번이 아니었어요. 분석 결과, 여러 성능들이 정상이라는 결론을 얻고, 비행시험 예정보다 2개월 정도 앞서 체계종합팀에 추진기관을 제공할 수 있었습니다.""(이효남 연구원)
2001년 7월 20일 첫 비행시험
개발한 무기체계가 군이 요구하는 성능에 부합하는지를 확인하는 시험평가는 크게 개발자가 주관하는 기술시험(DT ; development test)과 소요군이 주관하는 운용시험(OT; Operation Test)로 나뉘지만 무기체계의 연구개발은 크든 작든, 종합적이든 부분적이든 시험평가의 연속이라 해도 과언이 아니다.
대공 유도탄의 경우 표적기에 대해 사격하는 비행시험을 하려면 많은 시험 단계를 거쳐야 한다. 첫 비행시험은 무유도 시험비행(FF; Free Flight Test)이다. 추진기관의 성능과 비행 안정성을 시험하는 것이다. 
  이어 유도조종장치가 프로그램된 비행 경로를 따라 정확하게 유도탄이 유도되는가를 점검하는 계획유도 비행(PF; Programed Flight Test)이 이뤄진 후  탐색기의 표적 신호를 따라서 유도탄이 정확히 유도되어 표적을 명중시키는가 확인하는 종합유도 비행시험(GF ; Guided Flight Test)을 진행하게 된다.
신궁의 첫 비행시험은 2001년 7월 20일 안흥 종합시험장에서 열렸다. 2발의 무유도 비행시험이 진행될 예정이었다. 특별한 것은 훗날 국방과학연구소장으로 임명된 안동만 박사가 당시 3체시계개발본부장을 맡은 뒤 처음으로 실시하는 유도탄 비행시험이란 것이었다.
날씨는 시험하기에 아주 좋았다. 당시 이운동 박사는 사업책임자로서 아침 일찍 일어나 산책을 하며 긴장된 마음을 달랬다. 물론 비행시험이 잘되게 해달라는 간절한 기도도 드렸다. 그는 최초의 비행시험을 관람하기 위해 신궁 개발에 참여한 모든 연구원들이 모여든 1발사장으로 향했다. 시험 준비를 점검한 그는 시험이 준비한 대로 잘될 것이라는 확신을 가졌다.
오전 10시 50분 이기승 책임연구원이 낭랑한 목소리로 카운트다운을 시작했다. 발사 명령이 떨어지자 유도탄이 발사관을 이탈했다. 사출모터(ejector) 작동 정상. 이제 비행모터(main  motor)가 점화될 차례. 발사한 자리의 10m 밖에서 점화된다. 모두가 유도탄의 힘찬 비행을 기대했다.
""어찌 첫 시험에 이런 일이...""
하지만 눈 한번 깜짝할 그 순간에 숨이 멎는 듯했다. 연구원들의 외마디 비명이 터져 나왔다. 비행모터가 점화되는 그때 ‘쾅’하는 소리와 함께 유도탄이 폭발한 것이었다. 유도탄은 검은 연기를 피워내며 앞바다에 추락했다. 추진기관을 담당한 연구원들의 얼굴은 사색이 되어버렸다.
이운동 박사도 ""어찌 이런 일이 첫 비행시험부터 일어나는가""하고 망연자실했다. 그렇다고 그 속내를 드러낼 수는 없는 일이었다. 이박사는 이내 마음을 다잡고 연구원들을 위로해야 했다. ""많은 지상 연소시험에서 한번도 일어나지 않았던 연소관 폭발이 처음으로 일어났으나 너무 실망하지 맙시다. 제작상 일과성 하자일테니 오후에 계획된 2차 시험에서는 틀림없이 잘될 것으로 사업책임자는 확신합니다.""
그러나 시험을 계속 진행하는 데에는 논란의 여지가 있었다. 문제가 발생했는데 이를 해결하지 않고 시험을 무리하게 강행할 수만은 없기 때문이다. 주요 분할과제 책임자들의 긴급회의가 소집되었다.
시험을 연기하는 것은 안전한 방법이기는 하지만, 원인을 규명하고 보완한 뒤 비행시험을 하려면 최소한 3개월을 기다려야 한다는 의견이 나왔다. 추진기관 성능뿐만 아니라 공력 데이터를 하나도 얻지 못하고 계획된 사격을 연기하는 것은 사업 계획을 전반적으로 지연시키는 결과를 초래한다는 것이었다.
이운동 박사는 고민했다. 1차 시험 직후 언급한대로 그는 연소관 폭발이 또다시 나타날 확률은 극히 낮다고 판단했다. 그는 사업책임자로서 모든 의견을 듣고 결심을 내렸다. 계획대로 시험을 한다는 것이었다. 안동만 박사는 사업책임자의 결정을 존중해주었다.
오후 2시, 2차 시험이 진행되었다. 45분 뒤 유도탄은 발사됐다. 발사관을 이탈한 유도탄은 메인 모터가 완벽히 점화되어 긴 포물선을 그리며 정상적인 비행으로 바다에 안착했다. 관련 데이터도 완벽하게 수신되었다.
1차 비행시험은 실패지만 실패로만 못 박을 수는 없다. 시험이란 좋은 결과만을 얻고자 하는 것이 아니기 때문이다. 오히려 초기에 오류를 발견, 해결한다면 그것은 오히려 도움이 되는 일이다. 개발 말기에 이런 일이 발생한다면 어찌될 것인가.
추진기관 연구원들은 곧 1차 시험에서 추락한 유도탄의 잔해를 회수했다. 원인은 연소관 내부의 단열고무(rubber) 중 취약 부분이 파손되면서 연소관이 추진제의 고온연소가스에 노출되어 파열된 것으로 판명됐다.
이것은 내열시스템 공정상의 문제였다. 
  이 정도의 공정과 품질 수준의 내열시스템을 적용한다면 추진기관 작동 시 어쩌다 추진기관이 파열되는 가능성이 상존하게 된다. 이대로 추진기관을 유도탄에 적용할 수는 없는 문제였다.
일부에서는 러시아 기술이 많은 부분 도움이 된 것은 사실이지만 그 시스템에 대해서는 우려를 제기하기도 했다. 
  그렇긴 해도 연구원들은 알고 있었다. 결국 우리의 제품은 우리가 책임질 수밖에 없다는 것을.
또 추진기관 관련 연구원들의 자존심이 걸린 문제라는 점이다.
추진기관의 신뢰성을 확보하기 위한 연구가 한층 열기를 띠었다.

엄격한 검사로 신뢰성 확보 
  추진기관 내열시스템에서 내열 복합재는 박판 금속 연소관을 고온의 연소 가스로부터 보호해주는 역할을 한다. 이를 위해 복합재와 연소관 사이에 내열 고무로 서로를 접착시키게 된다. 만약 고온가스가 차단되지 않으면 추진기관은 파열하고 만다.
연구팀은 이 같은 추진기관 연소 때의 내열시스템을 열구조적으로 분석하고 이에 합당한 공정으로 제작한 후 완성품에 대해서는 비파괴검사를 통해 제품의 건전성을 확보하고자 했다. 
  X-레이로 내열재료의 건전성을 판단하고 초음파탐상기술(C-SCAN)로는 내열고무와 연소관의 접착성을 검사하는 기술을 찾아냈다. 여기에 음향방출법(AE)으로 내열재와 접착성이 떨어지는지 여부를 검사하는 방법도 더했다.
이 같은 검사 수준은 ‘엄격’ 그 자체였다. 초기에는 이 엄격한 검사에 별 말이 없었다. 그런데 엄격성의 문제는 경제성과도 관계가 있기 때문에 엄격성의 범위에 의구심이 일어나기도 했다. 러시아에서도 이렇게 엄격하지 않은데 구태여 우리가 그렇게 할 필요가 있느냐는 것이었다.
""이렇게 생각해봅니다. ‘러시아는 몇 십년 동안 수많은 제품에 적용, 생산한 경험이 있어서 공정 설정이 확실히 되어 있거나 아니면 혹시 발생할 수 있는 실패에 대해 좀 무딘(?) 것 아닐까? 어쨌든 그들은 그들 나름의 철학이 있겠지.’ 하지만 우리는 개발 수량도, 연간 양산 수량도 적은데 신뢰성을 확보하려면 어떻게 해야 하나, 이런 고민 속에 엄격성이라는 개념을 적용한 겁니다."" (윤남균 연구원)
추진기관은 신궁의 부체계 가운데서도 높은 신뢰성을 위하여 심혈을 기울인 부분이 되었다. 그 신뢰성을 높인 초음파탐상기술은 이후 양산 중인 천마의 내열시스템에도 적용되어 천마 유도탄의 신뢰성을 더욱 향상시키는 효과도 가져왔다. 어떤 사업이든 특정분야의 기술을 개발해 놓으면 다른 사업에 파생적으로 적용하는 효과가 생긴다. 이것이 국내 연구개발이 갖는 순기능 중 하나로서 좋은 사례가 된다.
■ 이 글은 국방일보의 자매지인 월간 ‘국방저널’ 2007년 특별기획으로 연재되었습니다.
사진설명
사진1. 사진2 사진3. 내열재 개발의 윤남균 연구원"
https://kookbang.dema.mil.kr/newsWeb/20181117/2/ATCE_CTGR_0080100003/view.do,RnD,[신궁 6회] 표적 후미 아닌 동체 공격해 명중률 높여,,"▶ 운용부대의 신궁
실사격이 이뤄진 2007년 10월, 신궁 유도탄이 표적이 정확히 타격하자 당시 3군사령부 방공 통제관이 엄지손가락을 곧추세우며 장병들을 격려하고 있다.
‘핵심은 감추나’ 오해하기도
문제를 더욱 힘들게 하는 것은 러시아 측의 준비 상태였다. 한국 측을 위한 사전 자료 준비는 전혀 없었다. 자료 제공은 계약사항이 아니었다. 발표는 오로지 칠판과 구두로만 이루어졌다.
한국 측 연구 및 기술자들은 영어로 설명하는 복잡한 개념을 이해하기도 어려운데 이를 노트에 옮겨 적느라 곤욕을 치렀다. 가끔 도면이나 회로도를 들고 와도 회의실에서만 볼 수 있었던 탓에 보안 감독관이 없을 때 눈치를 보아가며 베껴야 했다.
어떤 문제를 놓고는 러시아 기술자들끼리 논쟁을 벌이느라 몇 시간이고 흘려보내기도 했다. 이해할 수 없는 행동들이었는데 알고 보니, 하드웨어를 만들어 가는 과정을 역으로 설명하기 위해 무엇이 좋은 방법인지 놓고 서로 견해를 달리했던 것이다.
한국 측 기술자들은 일과 후 호텔로 돌아가서 몇 시간이고 서로 이해한 것을 맞추어 보아야만 했다. 몇 번의 기술회의에서 단편적으로 얻어지는 지식을 통하여 2색 탐색기에 대한 전체적인 조망을 할 수 있게 된 것은 한참 시간이 흐른 뒤였다.
이러는 사이 LOMO측 기술자들이 핵심을 감추고 거짓말을 하는 것 아닌가 하는 오해도 한 적이 있었다.
공동연구 초기는 러시아가 경제적으로 가장 어려운 시기였다. 모든 것이 부족해 그 어려운 상황이 눈에 띌 수밖에 없었다. 60대의 노 기술자는 손바닥만한 누런 종이에 빼곡하게 정리해 와서 발표하곤 했다.
기술회의 마지막 날은 회의록을 정리, 서명하기 마련인데 문안을 고쳐 프린트를 하려면, 두어 시간은 걸리는 듯했다. 단지 인쇄가 원활하지 못해 저녁 늦게까지 서명을 못하고 관계자들이 모두 대기한 적도 여러 번이었다.
초기의 기술회의는 작동원리에 대한 설명과 함께 탐색기 상세규격을 합의하는데 많은 시간을 들였다. 일단 합의를 해도 다음 회의에서는 새로운 표현을 들고 나오는 것이 다반사였다.
한국 측은 한국 측대로 각종 규격의 오차 허용범위를 줄이기 위해 노력했다. 이는 세부 조정 범위를 감소시킬 수 있다는 점에서 경험이 부족한 한국 측에게는 매우 중요했다.
열정적이고 인간적인 러시아 엔지니어
이러한 어려움은 시간이 흘러가며 점차 해결되었다. 여건은 좋지 않았지만 러시아 엔지니어들의 열의는 대단했다. 돈을 받고 기술을 파는 피동적 자세가 아니었다. 엔지니어로서 더 좋은 탐색기를 만들고 싶고 아이디어도 있지만, 국가 사정 때문에 꿈을 펼쳐볼 수 없는 상황에서 공동연구를 통하여 실현할 기회를 찾았다고 생각하는 것 같았다.
매번 만날 때마다 설계수정을 요구해왔으며, 한국 측에서 보완을 요구할 때에도 이를 진지하게 고려해 주기도 했다.  
한국 측은 배우는 입장에서 어려운 상황의 러시아 엔지니어들의 자존심을 건드리지 않기 위해 노력했다.
어느 정도 대우를 받던 사회주의 시절과는 달리 박봉에 시달리는 처지가 되었지만 기술에 대한 자부심은 대단했다.
러시아 요구는 힘들더라도 수용하려 노력했다. 3단계 계약의 첫 회의에서 탐색기 시험장비를 논의하다가 러시아 측에서 러시아 전원 규격이 50㎐이고 이미 소요 부품을 사 놓은 상태이므로 우리에게 50㎐ 기준으로 공급하겠다고 주장해 갑자기 회의가 중단된 적이 있다. 결국 며칠 협의 끝에 러시아에서 요구하는 최소한의 장비에 한국 측에서 주파수변환기를 설치하기로 합의하여 원만히 끝낼 수 있었다.
LOMO 엔지니어들은 매우 인간적이었다. 대부분 우리측 연구진이 접촉한 엔지니어들은 50대의 경험이 풍부한 인력이며, 심지어는 70대의 노인도 있었다. 그들이 한국에 오면 LG이노텍에서는 세심한 배려를 아끼지 않았다.
이렇게 1996년부터 2003년까지 2색 탐색기의 상세설계 및 시제품 제작, EOH의 상세 규격 작성 등을 위한 40여회의 만남을 가지는 동안 개인적으로도 친밀한 사이가 되었고, 러시아의 기술을 충분히 습득할 수 있었다.
부러움 산 전자회로뭉치 기술
ADD는 EOH 연구를 진행하면서 ADD는 유도탄 전체 체계를 종합하는 데 따른 시험을 준비하면서 일단 완제품으로 도입하기도 했다. 안정된 탐색기가 필요했기 때문이다.
이후에는 국내에서 조립 생산 기술을 확보하기 위해 부품 단위로 도입, 조립 생산해 유도탄 시험에 사용했다. 
또 탐색기 조립 생산에 필요한 각종 장비를 러시아로부터 도입해야 했지만 특별한 기능이 있는 장비 외에 일반 계측기 등은 국내에서 구입해 완성된 생산 장비를 확보했다.
당시 LG이노텍은 시제업체로서 고도로 정밀한 탐색기 제작에는 클린룸(청정구역)이 필요하기 때문에 자체 투자로 관련 설비를 갖추었다.
탐색기 중 국내 개발로 진행된 전자회로 뭉치는 러시아 LOMO의 기술진이 감탄과 동시에 부러움을 산 부분이다. 탑재 컴퓨터를 제외한 모든 아날로그 회로를 혼성 집적회로(Hybrid-IC)화해 소형화를 구현한 것이다. 하이브리드-IC 기술은 설계와 제작의 난도가 무척 높았으나 박막 하이브리드 IC 기술을 적용해 아날로그 회로를 최소 크기로 제작이 가능했다.
여기서 연구팀은 국내 민수 기술을 적극 활용했다.  
기술협력 사업에서는 기술을 받는 국가로부터 기술적 예속을 탈피하는 것이 중요하다. 탐색개발 이후 체계개발 단계에 들어선 시점에서 ADD는 EOH 부품의 국산화 연구를 병행했다.
그 결과 기술과 경제성에서 부족한 김발(Gimbal) 베어링과 스핀(Spin) 베어링, 그리고 소형 냉각기(Mini Cooler) 등 4가지만 제외하고는 부품 개발을 완료할 수 있었다.
""국산화 부품을 이용한 EOH는 도입품과 같은 성능을 발휘하는 것을 수차 시험을 통해 입증하며 국산화를 완료했습니다. 하지만 생산 단가 면에서 도입품에 비해 가격이 더 나갑니다. 초기 양산에는 적용하지 못했는데, 이점이 내내 아쉽기만 합니다."" (윤재룡 책임연구원)
유도조종은 완전 디지털 방식
일반적으로 기존의 대공 유도탄은 항공기의 엔진에서 나오는 열을 추적하며 항공기의 측후방을 따라가는데, 이 경우 유도탄은 표적인 항공기의 본체를 타격하기 전에 엔진에서 나오는 배기열을 공격하는 경우가 발생, 명중률에 영향을 주게 된다.
신궁의 유도조종 연구팀은 이같은 기존 대공유도탄이 갖는 단점을 극복하기 위해 두 가지 유도방식을 적용키로 했다. 비행 중에 비례항법 유도방식(Proportional Navigation Guidance)을,  표적을 타격하기 직전인 종말에는 표적적응 유도방식(Target Aadptive Guidance)을 적용한다는 것이었다.
▶ 비례항법 유도방식
▶ 표적적응 유도방식
비례항법 유도방식이란 유도탄이 표적의 측후방을 따라가지 않고 미리 표적이 날아갈 방향으로 최단 거리로 비행토록 하는 방법이며, 표적적응 유도방식이란 유도탄이 비례항법 유도방식에 따라 표적 전방에 이르렀을 때 표적 방향으로 크게 선회하게끔 하여 표적 항공기의 배기 열이 아니라 동체를 공격할 수 있도록 하는 방법이다.
연구팀은 개념연구 단계에서 수립된 이 같은 제어 및 조종기법에 대한 개념은  1995년 11월부터 시작된 탐색개발 중의 러시아 KBM의 기술자문으로 정립하였고, 1999년 미스트랄 도입에 따른 절충교역의 일환으로 실시된 기술교육으로  적용하는 기법의 기술적 접근 방식을 확신하여 확립하였다.
이와같이 유도조종기법을 확립하면서 2색 탐색기의 특성과 디지털 제어에 적합한 형태의 신호 채널을 확보하여 조종장치 개발의 기반을 다졌다. 
이 같은 유도조종기법을 구현해주는 것은 물론 조종장치이다.
▶ 신궁유도탄의 조종장치
이글라와 스팅거는 아날로그 방식을, 미스트랄은 아날로그 및 디지털 혼합방식을 채택하고 있으나 보다 선진화된 유도조종 알고리즘을 적용하기 위해서는 디지털 방식이 유리했다. 또 제어 구조 등을 변경하는데 따른 설계 수정 요구도 용이하게 수용할 수 있다. 따라서 신궁의 조종장치는 탑재 컴퓨터를 이용한 완전 디지털 방식으로 개발되었다.
그런데 기존 유도무기의 탑재 컴퓨터는 소형화와 가격 등의 관점보다는 정밀도와 연산속도 등에 중점을 두고 설계를 한 까닭에 고가의 프로세서와 복잡한 주변 회로를 갖는다. 그러나 신궁에서는 극히 제한 공간과 유사 무기와의 가격 경쟁력을 고려해 가격이 저렴하지만 반대로 성능은 최대화할 수 있도록 해야 하는 요구조건이 붙었다.
""판독전용 기억장치(ROM)와 변환기, 직렬통신 등의 기능을 단일 소자에 내장하면서도 소형이면서 저가인 마이크로컨트롤러를 적용한 탑재 컴퓨터를 선택했는데, 소형？저가의 마이크로컨트롤러는 연산 속도가 느린데다 부동소수점(floating-point) 연산 유닛이 내장되지 않은 단점이 있죠. 그래서 고정 소수점(fixed-point) 연산기법을 적용해 유도조종 알고리즘을 실시간으로 처리토록 했습니다. 우리는 기술로 우려되는 오차 등을 해결한 것은 당연합니다.""  (유도조종팀장 권기복 책임연구원)
이에 앞서 연구팀은 신궁과 같이 동체가 회전하는 유도탄에 필수적인 회전유도탄용 레이트 센서를 개발하기 위해 1994년 이글라를 기술 분석하면서 레이트 센서를 분해, 기계적 구조와 재질 및 동작원리를 면밀히 분석해 국내 개발 가능성을 확인했으며, 이후 개발을 완료했다.
■ 이 글은 국방일보의 자매지인 '국방저널' 2007년 특별기획으로 연재된 것입니다."
https://kookbang.dema.mil.kr/newsWeb/20181117/1/ATCE_CTGR_0080100003/view.do,RnD,"[신궁 5회] 탐색기 개발, 러시아와 손을 잡다",,"휴대용 유도무기를 개발하는데 있어 초기에는 그 획득 방법에 대해 혼선이 있었다.
1993년 8월 국내 연구개발 방식으로 결정이 되었을 때만 해도 국방과학연구소(ADD)는 탐색기를 일차적으로 기존에 개발된 탐색기를 소형화하여 개발하면서, 한편으로 적외선 대방해방책(IRCCM) 성능이 강화된 2색 탐색기(Two-Color Seeker)를 러시아와 기술협력으로 개발, 이를 신궁 성능개량(PIP) 단계에서 적용하고자 했다.
하지만 1995년 10월 국방부가 신궁 개발사업을 승인할 때에는 2색 적외선 탐색기 개발이 요구되었다. 이는 이미 개발한 기존의 탐색기의 발전적인 개량 없이 곧바로 2색 적외선 탐색기를 개발해야 한다는 것으로, 러시아와의 기술협력 성공 여부가 사업 성패를 좌우한다는 것을 의미하는 것이다.
진통 끝에 기술협력 합의
신궁 개발을 위한 러시아와의 기술협력을 위한 접촉은 1993년 11월경부터 시작됐다. 한국과학기술연구원(KIST)의 한러센터를 창구로 삼아 국방과학연구소(ADD)는 러시아의 국영업체 로스브로우제니(Rosvoorouzhenie)사 등에 휴대용 유도무기 관련 제안요구서(RFP)를 발송한 것이 그 출발점이었다.
ADD는 체계 종합과 탐색기 개발을 맡은 LG이노텍(현 LIG넥스원)의 연구원들과 함께 러시아의 KBM사와 LOMO사를 방문해 상호 기술협력 개념을 확인하고 러시아측도 1994년 9월 일주일간 한국을 방문해 기술협력을 구체화했다.
KBM이 유도탄을, LOMO는 탐색기를 개발하는 것으로 합의하여 95년 12월 LG이노텍이 러시아측과 가계약까지 맺었다.
하지만 이 같은 합의는 PSAM 개발에 대한 성공 가능성을 높여줄 수는 있는 것이지만 국내 연구개발 역량을 축적하기에는 충분하지 않은 것이었다. 적어도 전 체계 중 유도탄 개발만큼은 ADD가 주도할 수 있어야 했다.
이런 방향으로 합의를 변경하기 위해서 ADD는 큰 진통을 겪어야 했고, 그 결과 유도탄 개발을 ADD가 주도하고 KBM은 기술지원에 국한하는 방향으로 기술협력 개념을 변경하는데 합의했다. 
이에 따라 ADD는 96년 4월 26일 한국형 휴대용 유도무기(K-PSAM)의 개발개념을 정립했다.
그리고 이에 근거로 ADD는 러시아측과 계약을 체결했다. 단계별로 기술 이전을 추진하되 1, 2단계에서는 탐색기 및 유도탄 체계 개념설계, 2색 탐색기 시제 개발 및 가능성 입증, 그리고 유도탄 체계 관련 기술 자문 등을 통합해 추진하고 3단계에서는 2색 탐색기와 유도탄 체계 관련 기술을 분리시켜 탐색기 기두부(EOH ; Electro-Optic Head)에 대한 기술이전과 시제품을 제공하고 체계와 관련해서는 기술 자문을 한다는 내용이다.
독자성 확보 위해 몇 배 노력
이에 따라 ADD는 탐색기 설계, 해외 협력을 통한 구성품 제작 및 조립 기술 획득, 시험평가 및 사업관리를 담당하고, LG이노텍은 주계약 업체로서 탐색기 조립생산과 생산 시설 및 설비를 확보하여 양산 준비를 수행하는 것으로 업무가 분담되었다.
또 러시아에서는 로스보로제니가 주 계약 업체로서 사업관리/지원/통제를 담당하고 KBM은 체계관련 기술의 기술지원을 맡고, LOMO는 탐색기 및 EOH 관련 기술의 기술 지원,  EOH의 조립 및 생산 장비 개발, 탐색기 시제품에 대한 수락시험을 담당하게 되었다.
""공동연구, 기술협력, 기술이전, 기술자문과 같은 말은 그 내용이 광범위해 자칫 애매하게 생각되기 쉽습니다. 몇몇 기술의 개념에 대한 이해만을 돕는 경우, 기술묶음자료만을 받는 경우와 여기에 교육까지 포함하는 경우, 혹은 설계도면을 완전히 받고 생산 설비까지 제작 지원 받는 경우 등 여러 가지입니다. 상호 계약에는 물론 상세하게 나오지만 잘못 이해하면 ‘베꼈다’ 또는 ‘그대로 전수받았다’고 오해 받기 십상이죠. 신궁 탐색기의 경우는 기술지원을 받지만 공동개발의 방식입니다. 그들이 이글라에 2색 탐색기를 적용했다고 해서 그것이 곧 신궁의 2색 탐색기와 동일한 것은 아닙니다. 독자성을 확보하기 위해 몇 배의 노력을 기울였다고 자부합니다.""(이원상 책임연구원)
2색 탐색기는 왜 필요한 걸까.
PSAM은 적외선 탐색기를 통해 항공기가 내뿜는 엔진의 배기 열을 추적해 공격하는 것이 기본이다. 항공기는 이를 피하기 위해 유도탄의 탐색기를 속여야 하는데 그 수단으로 기만 불꽃(섬광탄, flare)을 떨어뜨린다. 기만 불꽃은 항공기 엔진의 열보다 훨씬 높은 온도의 적외선 신호를 방사시킨다.
대부분의 PSAM은 탐색 범위 내에서 가장 큰 적외선 신호를 추적하도록 고안되어 있기 때문에 항공기의 엔진의 배기 열보다 훨씬 높은 온도의 기만불꽃이 있으면 탐색기는 이 기만불꽃의 신호를 더 크게 감지하고 추적하던 항공기 대신에 기만불꽃을 따라가게 된다.
2색 탐색기는 이 같은 기존의 적외선 탐색기와는 달리, 두 개의 서로 다른 적외선 영역을 독립적으로 탐지할 수 있다는 데서 붙여진 이름이다. 온도에 따라 물체가 방사하는 적외선의 파장과 세기가 서로 다르다는 점을 이용한 것이다.
신궁의 탐색기에는 중 적외선 영역을 감지하는 주 대역(MC ; Main Channel) 감지기와 근 적외선 영역을 감지하는 보조 대역(AC ; Auxiliary Channel) 감지기가 있어 항공기가 내뿜는 배기 열과 기만불꽃을 구별해낼 수 있다.
1996년 6월부터 본격적으로 시작된 러시아와의 연구는 우선 이 같은 2색 탐색기에 대한 개념 및 구현 방안, 고 수신감도 달성 기술, 체계 요구 신호 생성 개념 및 주요 구성품의 작동 개념에 대한 기술적인 협의가 이루어 졌다.
이글라를 기본으로 하되 이글라 보다 10mm가 더 큰 직경 80mm의 탐색기로서 표적 포착 및 IRCCM 성능을 더 향상시킨다는 것은 이미 합의된 것이었지만, 개념 설정에서부터 적잖은 이해의 차가 없지 않았다.
""신궁 탐색기 IRCCM 중에서 적외선 신호에서 두 대역의 신호 크기를 비교한다는 점을 예로 들어 보죠. 기본원리는 쉽게 이해할 수 있지만, 이를 위한 장치들을 작은 공간에 다른 장치들과 조화롭게 꾸려 넣기 위해서는 여러 가지 기발한 아이디어가 필요합니다. 더군다나 너무 복잡합니다. 돈이 많이 투입되는 방법을 사용해서 해결할 문제는 아니고요. 아날로그 방식 전자회로만으로 복잡한 신호처리를 수행해야 하는데.... 국과연이 15년간 개발한 적외선 탐색기에서 단지 감지기 숫자가 두 개로 늘었을 뿐이지만 그 복잡성은 초기 예상을 훨씬 넘어서는 것이고, 여기에 줄줄이 딸려 나오는 생소한 개념을 따라가는 것도 쉬운 일은 아니었습니다.""(이원상 책임연구원)"
https://kookbang.dema.mil.kr/newsWeb/20181106/2/ATCE_CTGR_0080100003/view.do,RnD,[신궁 4회]  노즈부분 항력감쇄기는 왜 대못 모양,,"[특별기획] 승리의 믿음 PSAM 신궁
<4>  독창
적 설계로 부족한 시험시설 극복
휴대용 지대공 유도무기(PSAM) 신궁은 다양한 부체계(sub-system) 또는 구성품(component)이 결합되어 하나의 완전한 체계(system)를 이루고 있다.
크게 주장비, 점검장비, 훈련장비, 그리고 종합군수지원 요소로 구성된다. 주장비는 유도탄과 발사관으로 이뤄진 장입 유도탄과 삼각대, 발사기, 주·야 조준기 등의 발사장비로 이뤄져 있다. 또 신궁의 상태를 점검하는 유도탄 점검장비, 발사장비 점검장비, 조준기 정열기 등의 점검장비가 있으며 교육훈련을 위한 훈련장비로서 모의훈련탄, 추적훈련장비, 교전모의기(시뮬레이터)가 있다.
신궁의 핵심이 되는 유도탄은, 유도탄의 맨 앞에 위치하여 항공기 엔진 배기열의 적외선 신호를 감지해 표적 항공기를 추적하는 탐색기를 비롯해 유도신호에 따라 유도탄을 표적으로 호밍(homing)시키는 유도조종장치, 근접한 표적을 감지하는 신관, 표적을 폭파하는 탄두, 그리고 사출모터 및 비행모터 등 복잡한 장치들로 구성되어 있다.
이 가운데 사출모터는 유도탄 후미에서 발생하는 화염으로부터 사수를 보호하기 위해 유도탄을 사수전방 10m 정도까지 사출하는 기능을 하며, 비행모터는 유도탄이 비행할 수 있도록 힘을 주는 추진기관으로 유도탄을 최대속도까지 가속하는 부스터(booster)와 유도탄의 속도를 일정 시간 동안 유지해 주는 서스테이너(sustainer)로 되어 있다.
발사에서 타격까지 약 10초 소요
신궁은 사수가 표적에 대해 사격을 결심하고 전원냉각기를 작동시킴으로써 운용이 시작된다. 전원냉각기가 작동하면서부터 사수는 주·야간 조준기를 이용해 표적을 탐지한다.
표적의 탐지는 저고도 탐지 레이더 등으로부터 표적 방위각 정보를 수신한 후 육안 관측에 의해 이뤄진다. 사수가 탐지된 표적을 주야간 조준기로 조준(조준원)하면 탐색기가 표적을 포착했다고 사수에게 소리 및 빛으로 신호를 준다.
이후 발사기는 포착된 표적의 이동방향 및 속도에 따라 계산된 선도각을 주야간 조준기에 발사원으로 표시하며, 전시된 발사원에 사수가 표적을 재조준하면 탐색기도 표적을 포착했다고 응답, 사수가 이를 확인하면 발사한다.
이러한 사격절차 중에 피아식별기는 조준된 항공기의 피아를 식별해 적 항공기일 경우에만 유도탄을 발사한다. 발사부터 타격까지 보통 10초 정도 소요되는데 항공기를 격추하지 못했을 경우에는 자폭 신관이 작동해 자폭함으로써 지상에서의 폭발을 방지한다.
이같은 신궁을 개발하는 데는 IRS-7라는 연구시제품 개발과 체계 개념연구(conceptual) 기간을 제외하더라도 근 10년의 세월이 소요되었다.
개념연구를 통해 그 개발 방안과 개념적인 설계를 마친 후 1995년 11월 9일부터 1998년 6월 30일까지 탐색개발(Exploratory Development)을, 1998년 11월 28일부터 2004년 6월 30일까지 체계개발(System Development 또는 Full Scale Development)을 마치고 2004년 7월 31일 전투용 사용 “가” 판정을 받은 것이다.
탐색개발 중 기술적 구현 검증
탐색개발이란 개념연구 단계에서 도출된 체계 개념에 대해 부체계 또는 주요 구성품에 대한 위험분석, 기술 및 공학적 해석, 시뮬레이션을 실시해 핵심요소 기술연구와 필요 시 1대1 모형을 제작해 비교 검토 후 체계 개발 단계로 전환할 수 있는 가능성을 확인하는 단계라고 정의되고 있다.
즉, 군에서 요구하는 성능을 기술적으로 구현할 수 있는가를 검증하는 단계라고 보면 될 것이다.
따라서 이 단계에서 ADD는 신궁을 기본설계(Basic Design)하면서 구성품 단위로 시제품을 제작하고 이어 이들을 완전한 하나의 체계로 종합한 실험시제(Experimental Prototype)을 완성해 다음 단계인 체계개발로 나아갈(전환) 수 있는지 여부를 판단하게 된다.
체계개발 단계에서는 확정된 작전요구능력(ROC ; Requirement Operational Capability)에 부합하도록 상세 설계를 실시하고 시제품을 제작한 뒤 ADD 자체 내의 기술시험평가(Development Test & Evaluation)와 소요군의 운용시험평가(Operational Test & Evaluation)를 거쳐 전력화할 수 있는 성능에 이르렀는지를 평가한다.
이때 전투용 사용 가부(可否) 여부를 판정하는데 “가” 판정을 받으면 곧바로 규격화를 거쳐 야전부대에 전력화할 수 있는 제품으로 양산(量産 mass product)에 들어가 작전배치하게 된다.
ADD(정부)가 연구개발을 주도한다 해도 모든 것을 ADD가 다 개발·제작할 수는 없으므로 국내 방위산업업체 가운데 전문화
·
계열화로 선정된 업체를 중심으로 시제품 제작 업체를 선정, 이들의 연구
·
기술진과 함께 개발했다.
체계종합과 탐색기, 유도조종 및 구동장치, 발사관과 삼각대, 조준기는 유도무기 전문업체인 LIG넥스원(당시 LG이노텍) 이 맡았다. 또 탄두조립체와 근접신관은 한화가, 텅스텐 탄체는 한일단조, 추진기관 구조체는 삼성테크윈(현 한화지상방산)이, 추진기관은 노즐단열재는 한국화이바, 추진기관조립체는 한화, 접는 날개 조립체는 두원중공업, 주간조준기는 이오시스템 등이 각각 담당했다.
이 당시에는 야간조준기의 개발이 포함되지 않았다. 야간조준기는 탐색개발을 마무리한 뒤 체계개발에 들어 가기 앞서 1998년 10월 17일 작전요구능력(ROC-Ⅱ)을 확정하면서 추가된 분야로서 ADD의 사업관리 아래 업체(삼성탈레스 - 현 한화시스템)가 주도 개발하도록 결정되었다.
항력 감소위해 스파이크 부착
유도탄의 외형은 언뜻 보면 크기만 다를 뿐 ‘그게 그거’인 듯 비슷비슷하지만 종류마다 조금씩 서로 다른 특징이 있다.
신궁 유도탄의 경우 가장 눈에 띄는 것이 적외선탐색기가 장착된 유도탄 앞인, 노즈(nose) 부분으로 둥근 반구면(球面) 형태에 대못 모양의 항력감쇄기(spike)가 부착되어 있다.
왜 그럴까.
유도탄의 경량화를 위해서는 추진제를 최소한으로 사용하면서 원하는 성능을 발휘하도록 설계해야 한다. 따라서 추진제의 효율성을 높이거나 유도탄이 비행 중 받는 공기의 항력(drag force)을 줄여야 한다.
대부분의 유도탄이나 포탄은 항력을 감쇠하기 위해 노즈부를 뾰족한 형상으로 디자인하기 마련이다. 그러나 적외선탐색기가 표적의 적외선 신호를 받기 위해서는 반구면의 적외선돔(Dome)이 필요한데 반구면의 항력은 매우 높다. 이를 감쇠하기 위해 미스트랄은 8각불형의 감쇠기를 사용하고 있으나 제작성과 적외선탐색기 성능저하의 원인이 된다. 8각뿔형보다 스파이형 항력감쇄기가 조금은 좋은 성능을 가지고 있어서, 연구팀은 이글라와 같은 스파이크형의 항력감쇠기를 선택했다.
신궁 유도탄은 회전하면서 비행한다.
유도탄은 일반적으로 4개의 조종날개로 유도탄의 비행 방향을 상하좌우로 조종한다. 4개의 날개를 상하와 좌우를 구분하여 2개의 날개를 동시에 작동하는 2 축 조종방식과 4개의 조종날개를 각각 작동하는 4 축 조종방식이 있다. 보통 2축 조종방식을 사용하는데 조종 축에는 각각의 구동장치가 필요하다.
그러나 신궁은 유도탄의 직경이 작아 여러개의 구동장치를 설치할 공간이 부족하다. 이 때문에 서로 반대편에 있는 두 날개를 연결해 하나의 축을 형성한 다음 한 개의 직류전동기로 조종하는 이른바 ‘일축(一軸) 구동방식’을 채택하였다.
그런데 단일축 구동방식으로 유도탄의 비행방향을 조종하기 위해서는 유도탄을 옆으로 강제 회전(roll)시켜야 한다. 그리고 유도탄이 가야할 방향에 조종날개가 있을 때 조종날개를 구동하여 그 방향으로 조종할 수 있는 것이다.
어떻게, 어느 정도의 속도로 유도탄을 회전시켜야 할까.
신궁 유도탄을 유심히 살피면 날개에 특이한 점들을 발견할 수 있다. 우선 날개가 대칭을 이루지 않고 비대칭이라는 점이다. 전방에 크기가 다른 조종날개 1쌍과 고정날개 1쌍이 비대칭 형상으로 설계된 것이다.
꼬리날개도 유도탄 동체가 진행하는 방향에서 비틀려(경사)있다. 이는 유도탄을 회전시키기 위함인데, 그 이유만은 아니다. 유도탄을 회전시키는 것은 유도탄 후미에 장착되는 사출모터로부터 시작된다.
""사출모터는 6개의 노즐로 구성되는데 이 노즐들은 가운데 것만 빼고 중심을 향해 약간씩 기울어져 있죠. 유도탄이 발사되는 그 초기에 분사되는 가스의 방향을 틀어줌으로써 회전력을 주게 됩니다. 이후 비행할 때는 구동기의 힘과 약간 비틀린 꼬리 날개에 의해 회전력을 얻게 됩니다. 바람개비가 돌아가는 원리와 유사합니다.”
그러나 유도탄의 비행 속도가 빨라지면 바람개비에서 보듯, 회전 속도도 덩달아 빨라지게 마련이다. 회전이 빨라지면 유도조종 명령에 구동장치가 즉각 응답하기 어려워진다.
따라서 유도탄이 안정되게 유도조종 명령을 받아 용이하게 표적을 추적하려면 빠른 속도에서 회전수 증가를 억제하고 느린 저속에서는 회전수를 높여줄 수 있어야 한다. 나아가 회전수는 유도탄의 비행 속도가 초음속이든, 아음속이든 큰 변화 차 없이 거의 일정 수준을 유지해야 한다.
그 적정 회전수가 1초에 약 20회 정도이다. 물론 회전을 별도로 제어할 기구를 탑재한다면 어려운 일이 아니지만 ‘공간이 작다’는 제한은 이를 허락하지 않는다.
때문에 공력 메커니즘만으로 회전을 안정적으로 제어할 수 있는 회전 유발 기구라는 것이 필요하게 된다. 신궁과 유사한 다른 PSAM에는 3개 내지 5개의 유전 유발 기구를 갖추고 있다.
연구팀은 바로 이 부분, 즉 비대칭 형태의 꼬리날개와 그 날개에 비틀림(경사)각을 줌으로써 안정적인 회전 문제를 해결하고자 했다. 이것은 독창적인 형태가 아닐 수 없었다. 하지만 이를 구현하는 과정이 실로 가시밭길이었다.
선진국에서는 비행시험을 통해 공력의 데이터를 얻어 설계를 변경, 진행하지만 ADD 연구팀은 그럴 수 있는 형편이 못되었다. 유도탄 설계를 위해 공력을 예측하고 해석하는 프로그램으로 기존에 쓰여 온 것들은 효과적이질 못했다. 대칭인 날개를 대상으로 개발된 것이기 때문에 신궁과 같은 비대칭 날개에는 정밀한 설계가 불가능했던 것이다.
연구팀은 이론 해석과 풍동 시험 결과에 따라 보정하는 것만으로 진행됐다. 다양한 날개 형태에 대한 해석이 뒤따랐다. 탐색개발 초기에는 날개를 유도탄에 조립한 상태에서 날개 경사면을 조정할 수 있도록 고안해보기도 했다.
하지만 날개와 관련된 부품이 너무 많았다. 공기 역학적으로도 불만족스러웠다. 접는 날개가 전개되는 특성상 약간의 유격이 있게 되어 있는데도 불구하고 경사각도를 아주 정밀하게 가공해야 하는 것도 쉽지 않은 문제였다.
연구팀은 이 과정에서 러시아의 ‘짜기’(Tsgi)와 미스트랄 도입에 따른 절충 교역으로 프랑스 ‘오네라’(Onera)의 풍동시험시설을 찾았다. 각각 기술협력 협약과 미스트랄 도입에 따른 절충교역에 의해 마련된 기회였다.
두 곳의 시험 시설은 규모 면에서도 ADD의 풍동시설과 비교되질 않았다. 연구팀은 ADD에서 하루에 2회 정도만 풍동시험을 할 수 있었던데 비해 두 나라에서는 일주일에 약 100회 가량 시험이 가능했다.
연구팀은 풍동시험 등의 결과를 자체 개발한 공력 예측 프로그램과 공력 성능 및 안정성 해석개발과 연계해 공력 설계에 활용하면서 마침내 비대칭 꼬리날개와 경사각에 적용된 2가지의 롤 유발기구만으로도 유도탄의 높은 기동성과 안정성을 만족하는 유도탄 기체 설계와 제작을 끝낼 수 있었다.
선진국의 유사 무기체계에 비해 적은 수의 롤 회전유발기구로 아음속과 초음속을 아우르는 전 비행 영역에서 회전수가 더 적은 변화하는 안정적인 유도탄이라는 점이 자랑이 아닐 수 없다.
연구팀은 연구 결과를 ‘비대칭 회전유도탄 공력설계 및 해석기법’으로 정립해 2001년 국방과학상 금상을 수상하는 기쁨을 안았다. 금상은 그 기술이 ‘세계적 수준’임이 판명되었을 때 부여되는 것으로 ADD 창설 이래 10여 가지 기술만이 이 상을 받았을 만큼 권위가 있다.
외국 직류전동기는 요구에 부응 못해
신궁의 날개들은 발사관 내에 접힌 상태로 있다가 발사 시 발사관을 이탈하면서 전개되어 유도탄의 비행을 조종하게 된다.
유도탄의 작은 직경에 들어갈 수 있는 소형이면서 강력한 구동장치를 필요로 한다. 구동장치 연구팀은 탐색개발 초기부터 미스트랄과 레드아이, 스팅거 등 유사 유도탄에 대한 기술자료를 조사하고 특성을 분석해 기술적인 접근 방법과 설계 요구조건을 설정했다. 그것은 직류전동기를 구동원으로 하는 전기식 집적형 구동장치였다.
ADD로서는 처음으로 시도되는 회전유도탄의 구동장치일 뿐만 아니라 좁은 공간에 집적해야 하는 제약성을 가지고 있었다. 연구팀은 개발 초기에 이 구동장치의 핵심 구성품이 되는 직류전동기를 외국에서 구매, 장착하려 했다.
국내 기술력이 모자라고 경제적으로도 효율성이 떨어져 국내 개발이 불가능할 것으로 판단한 것이다. 하지만 구매 가능한 외국의 여러 직류전동기는 신궁 유도탄에서 요구하는 구동장치와 부합하지 못했다. 형상과 규격면에서 만족하기 못한 것이다.
따라서 1998년부터 국내 개발이 불가피해졌다. 구동장치 구성품의 경우 작은 치수오차도 유도탄 전체 성능에 큰 영향을 미치다 보니 대부분의 부품이 정밀가공이 요구되었고, 특히 조종날개의 펼침 각도 오차는 구동장치의 전체 성능에 큰 영향을 끼쳐 정확한 각도를 유지해야 하는 어려움은 있었지만 개발은 의외로 빠르고 원만하게 진행됐다.
그 결과 1999년 12월 외국 직류전동기 보다 직경이 더 작고 길이도 짧아 유도탄 직경의 1/4내에 깔끔하게 설치할 수 있었다.
■ 지난 연재 읽기
제1회 ""우리의 신궁은 紳弓, 信弓이다""
제2회 PSAM 개발의 도화선을 당기다
제
3회
""그럼 장기간 기술개발은 누구와 하나""
* 밀토리 Military Story 는 국방일보 디지털콘텐츠 브랜드입니다."
https://kookbang.dema.mil.kr/newsWeb/20181106/3/ATCE_CTGR_0080100003/view.do,RnD,[신궁 3회] &lsquo;그럼 장기간 기술 개발은 누구와 하나&rsquo;,,"휴대용 지대공 유도무기(PSAM)에 대한 태스크포스의 개념 연구 결과와 기반 기술을 바탕으로 국방과학연구소(ADD)는 1994년 8월에 연구개발 사업을 정부가 주도하는, 즉 ADD가 주도하는 형태로 탐색개발 계획서를 작성, 국방부에 제출하게 했다.
""업체 주도 개발형태로 전환 검토하라""
그런데 국방부는 사업 주체를 정부가 아닌 소요군이 관리하고 업체가 주도하는(정부관리 업체주도) 개발 형태로 전환할 것을 검토하라는 지시를 하달했다. 이같이 업체 주도 개발 형태로 전환할 수 있는지를 검토하라는 예는 비단 한국형 PSAM이 처음은 아니다.
1993년 하반기에도 155mm 신형 자주포 K9에 대해 내려진 바가 있다. 신형 자주포는 당시 체계종합업체인 삼성테크윈(현 한화에어로스페이스)이 주도하는 방향으로 검토되었다. 그러나 자주포 가운데 장갑차량과 군수종합요소(ILS)에 대한 개발은 업체 자체로 가능하지만 핵심인 무장과 탄약, 사격통제 등 전반에 걸쳐 업체가 주도하기는 어렵다는 판정이 내려졌다.
시스템 복합체(System of Systems)로서의 무기체계를 해외에서 시스템 전체에 대한 상당한 기술적 협력 없이 국내 독자 모델을 업체 주관으로 국내 기술력으로 개발한다는 것은 매우 어려운 것이었다.
한국형 PSAM에 대한 개발 지침(지시)에 따라 업체 주도형 개발로 전환하는 문제에 대한 검토는 근 1년간 계속됐다. 당시 체계종합 업체이자 유도탄 전문업체는 금성정밀(현 LIG넥스원)은 ‘독자적 업체 주도 불가능’ 의견을 내놓았다.
그러자 이번에는 ‘기술도입 업체주도’ 가능성을 검토하게 됐다. 이때 삼성전자가 이 제안 손을 내밀었다.  삼성전자는 미국 유도탄 업체인 포드에어로스페이스(현 레이시온)에서 근무한 적 있는 인사를 상무로 영입하고 연구팀을 편성하여 유도탄 개념설계 결과를 제시하는 등 적극적인 참여 의사를 개진했다.
이에 따라 국방부는 ‘기술도입 업체주도’ 개발에 의지를 보이는 삼성전자에 사업 주도권을 주는 방향으로 검토하게 되었다. 그리고 ADD가 시험 개발 등으로 보유한 PSAM 개발의 핵심이 되는 적외선 탐색기의 기술을 ‘업체주도 개발업체’가 될 삼성전자로 이전할 수 있는지를 이원상 책연에게 검토하라며 협조를 요구했다.
여기에는 논란의 소지가 있었다. 적외선 탐색기 기술을 확보하기 위해 ADD는 시제업체인 금성정밀과 10여 년간 연구를 계속해왔는데 이 연구 결과를 정책에 의해 타 업체에게 이전하기에는 무리가 따르는 것이었다. 이원상 책연은 이때 이렇게 의견을 제시했다.
""금성정밀이 삼성전자보다 탐색기 기술은 조금 더 확보하고 있다. 하지만 그 기술은 국가가 ADD를 통해 확보한 것인 만큼 국가 정책에 따라 금성정밀은 삼성전자에 그 기술을 제공할 수는 있을 것이다. 그렇지만 이것은 단기적인 사업성을 위해 기술 개발의 결과만을 얻고자 하는 업체에 그렇게 기술을 제공하는 격이 된다. 그렇다면, 향후 국가(국방부)가 먼 미래를 위해 오랜 시간이 걸리는 주요 핵심 기술을 개발할 때 어떻게 업체와 손을 잡고 연구개발을 할 수 있겠는가? 그 방안은 무엇인가?""
곧이어 관련 의견들을 종합한 국방부는 한국형 PSAM 개발사업을 정부 주도 형태로 결정했다.
경제 위기의 러시아와 협력의 손을 잡다
2색 탐색기 기술도입으로 최초 계획 보완
그런데 1990년대 초 러시아(구 소련)가 공산주의 체제 붕괴와 함께 경제적인 어려움을 겪게 되자 정부는 러시아에 14억 7000만 달러의 경제협력 차관을 제공한다. 이후 이 원리금과 이자 상환액 일부를 현물로 상환받는 협정을 체결되고 그 일환으로 현물 중 러시아제 무기를 들여오는 ‘불곰사업’도 함께 추진됐다.
우리 군은 1998년까지 T-80U 전차, BMP-3 장갑차, PSAM 이글라, 대전차유도무기 메티스-M 등 4개 품목을 들여왔다(1차 사업 내용이다). 이 가운데에는 군사기술 획득도 포함되었는데, 바로 이글라의 탐색기와 체계종합 관련 기술이었다.
1980년대 중반에 개발된 이글라의 탐색기는 수동 IR호밍 방식이지만 3세대형으로 이중 채널의 2색 (Two Color) 적외선 탐색기라고 한다. 표적인 항공기가 플레어 등으로 적외선의 교란 능력에 대응할 수 있는 능력(IRCCM)이 뛰어난 점이 특징이다.
이글라에 적용된 이같은 탐색기를 비롯한 기술들을 국내에 도입키로 함에 따라 ADD의 한국형 PSAM의 탐색개발 내용도 일부 수정 보완이 불가피해졌다.  기존 단소자 적외선 탐색기를 적용한 PSAM을 개발하면서 독자적인 2색 적외선 탐색기를 병행 개발한다는 당초 계획안이 러시아의 기술 협력을 받아 2색 적외선 탐색기를 적용한 PSAM을 개발하는 계획으로 수정 보완된 것이다.
이원상 책연 등을 주축으로 국내 시험개발로 확보된 단소자 초냉각형 적외선탐색기(AIM-9L급) 기술에 IRCCM 능력이 강화된 2색 적외선 탐색기 기술을 적용하는 데에는 기술적으로 상당한 어려움이 따른다. 뿐만 아니라 탐색기에 따라 공력설계와 유도조종 등 다른 분야의 설계도 달라지므로 PSAM 전반에 미친 영향을 미치게 되었다.
일부에서는 2차에 걸친 미스트랄 도입에 따른 절충교역으로 한국형 PSAM신궁에 미스트랄 기술이 적용되었을 것으로 추측하기도 했었으나, 1차 도입 시 절충교역은 당시 개발 중이던 천마 관련 기술을 획득하는데, 2차 도입(1996) 시 절충교역으로는 신궁에 필요한 풍동시험 등의 기술협력을 받았을 뿐이었다."
https://kookbang.dema.mil.kr/newsWeb/20181106/1/ATCE_CTGR_0080100003/view.do,RnD,[신궁2회] PSAM 개발의 도화선을 당기다,,"[밀토리 연재] 승리의 믿음 KPSAM 신궁
국방과학연구소(ADD)가 휴대용 지대공 유도무기(PSAM)를 개발하는 데에는 적외선 탐색기(Infra-Red Seeker)의 국내 개발 가능성이 전제되었다.
탐색기(Seeker)란 사람의 눈과 같은 역할을 수행하는 유도탄의 명중률과 밀접한 관계가 있는 핵심 센서이다. 유도탄의 맨 앞부분에 위치해 표적이 있을 지역(공간)을 탐색하면서 표적을 포착(Acqusion)-고착(Lock-on)하고 또 추적(Track)해 그 정보를 유도탄의 조종부에 전달하는 것이다.
탐색기는 동작 방식에 따라 능동형, 반능동형, 수동형으로 나뉘는데 표적 자체에서 나오는 에너지를 찾아 이용하는 방식이 수동형이다. 따라서 적외선 탐색기는 표적에서 나오는 열선(적외선)을 감지하는 수동형 방식이 된다.
1960년대에 개발된 미국의 레드아이(Red Eye)나 러시아의 SA-7도 이 방식을 취했고, 현재도 대부분의 PSAM은 성능이 향상되었다하더라도 적외선 추적 방식을 택하고 있다.
사이드와인더 수준 탐색기 개발부터
ADD는 1980년대 초 구조조정을 겪은 후 전술유도무기용 탐색기 연구팀을 만들었다. 이 팀은 1982년 육군이 PSAM 개발을 소요 제기한 그때부터 이 적외선 탐색기에 대한 기술적 연구를 시작했다.
개발 목표의 대상은 미국의 공대공 유도탄 AIM-9L에 탑재된 초냉각형 적외선탐색기. AIM-9계열의 유도탄에 붙은 ‘사이드와인더’라는 이름은 미국 네바다사막에서 서식하는 열 감지 능력이 뛰어난 뱀의 이름에서 따왔다.
1953년 AIM-9A가 최초 시험 개발에 성공해 1956년 AIM-9B형이 생산된 이후 AIM-9G/N/P와 AIM-9L 등을 거치면서 지속적으로 성능을 개량, 현재는 가장 최신형으로 영상 적외선(Imaging Infra-Red)으로 표적을 추적하는 AIM-9X이 2002년경에 전력화되었다.
그런데 적외선으로 호밍하는 유도탄의 발전은 적외선 탐색기의 발전과 그 맥을 같이 한다는 것을 보여준다. AIM-9B의 탐색기만 해도 항공기의 배기열을 내뿜는 후미 방향에 대해서만 발사·추적할 수 있었다.
이 정도의, 비록 조금 더 나은 성능의 탐색기가 장착된 레드아이와 같은 PSAM이라면 대개 공격을 마치고 도망가는 표적을 뒤에서 공격하는 격이 되고 만다. 또 유도탄을 속이기 위해 투하하는 플레어(flare)나 항공기의 급회전 등에 의해서 곧잘 기만당했고 날씨 때문에 적외선 신호가 차단되는 등 유도탄 효과가 무력해지기도 했다.
사이더와인더는 적외선 탐지 능력을 한층 증가시켜 1980년의 AIM-9L에 이르러서야 항공기가 움직이는 모든 방향에 대해 발사·추적이 가능해졌다.
AIM-9L의 적외선 탐색기가 응시할 수 있는 범위인 시계는 ±2도, 탐색기를 움직여 표적을 바라볼 수 있는 시각은 ±40도가 된다. 또한 초당 28°로 이동하는 표적을 추적할 수 있는 능력(표적 추적율)을 갖고 있다.
이것이 한국형 PSAM을 위한 적외선 탐색기의 성능이 AIM-9L급으로 설정된 이유이다.
처음에는 당시 폐기된 AIM-9B의 적외선 탐색기를 획득해 그 구성품등을 이용한 적외선 탐색기를 시험 제작하면서 동시에 관련 기술들의 이론적 배경을 확립, 기술을 발전시켜 나갔고 그 결과 AIM-9L 급의 탑색기 기술을 개발 목표로 삼은 것이다.
“탐색기에 들어가는 짐벌(Gimbal 수평으로 유지해주는 장치)은 아주 정밀한 가공을 요구합니다. 당시 최고의 가공 정밀도를 갖는 게이지 생산 업체에서 제작해 봤지만 만족할 수 없었어요. 오히려 그후 광학제품 업체에서 국내에서 유일하다는 나이 지긋하신 기술자를 찾았는데 그의 손재주와 열정으로 제작에 성공했습니다. 그런 손재주와 열정을 가진 기술자를 지금은 어디서 찾을 수 있을까 궁금하네요.”
당시 연구 책임자 이원상 책임연구원(이하 책연)은 먼 시선으로 20년도 더된 기억들을 찾아낸다.
“적외선 검출기를 국산화하기 위해 자료 수집 차 미국에 갔을 때는 기술유출 가능성을 우려한 관련 업체가 약속과 달리 공장 견학을 취소하더군요. 한 마디로 문전에서 쫓겨난 거죠.”
1990년대 들어 ADD 내에서는 사거리 180km급의 지대지 유도무기 ‘현무’의 양산과 함께 단거리 대공유도무기 ‘천마’ 개발이 선행연구단계에 접어들면서 적외선 탐색기에 대한 연구 결과를 바라보는 눈길이 점차 늘어났다.
이원상 책연 등 7~10명에 불과한 연구팀은 1991년 마침내 원하는 탐색기를 개발, 제작한 것이다. 10년에 가까운 오랜 연구 세월을 통해 거둔 결실로 'IRS-7'이라 이름했다. 7번째의 적외선탐색기란 뜻이다.
보일러 버너를 표적으로 삼고
당연하지만 연구팀은 그 성능을 입증해야 했다. 유도조종/ 유도탄 분야의 권위자 박찬빈 박사는 “초냉각형 적외선탐색기가 유도탄이 초기 발사될 때 받는 충격과 비행하는 환경에서 견딜 수 있는지를 입증하라”는 지시를 내렸다.
연구팀은 묘안을 짜내기 시작했다. 시험 시설이 없는 탓이다. 우선 추진기관은 구경 130mm 다연장 로켓의 것을 이용하기로 하고, 로켓 맨 앞에 적외선탐색기를 탑재시키는 개조 작업을 벌였다.
표적은 보일러 버너였다. 이를 안흥 종합시험장 앞바다에 고정시키고 로켓이 표적 위를 비행하되 적외선탐색기는 초기부터 표적을 추적토록 했다. 그해 10월, 몇 차례 사전 시험으로 시험용 탐색기의 동작을 확인하는 가운데 정식 시험일자를 잡았지만 자욱한 해무(海霧)로 인해 시험일은 몇 번이고 순연되었다.
그해 10월 30일, 이날도 아침에 해무가 잔뜩 끼어 연구팀을 애 먹였다. 11시가 되어서야 겨우 안개가 옅어져 오후 2시에 시험을 갖기로 결정했다. 점심식사도 거르고 연구팀은 재빠르게 시험 준비를 마쳤다. 이윽고 제1 발사시험장에서 로켓이 쏘아지고 탐색기가 표적(버너)를 추적하는 신호가 원격 측정기를 통해 수집되었다.
탐색기의 동작은 연구팀의 기대를 저버리지 않았다. 이것으로 탐색기 기술 입증은 물론 호밍 유도탄을 개발할 수 있는 기반기술을 확보한 것이었다. 그동안 사실 연구팀은 PSSAM 개발에 ‘적외선탐색기가 걸림돌’이었던 때문인지 비로소 어깨를 당당히 펼 수 있었다.
연구팀이 고무된 자부심과 긍지로 시험장을 나서는 오후 5시쯤 다시 해무가 안흥 앞바다에 드리워졌다.
태스크포스 가동 사전 준비에 만전
적외선 탐색기의 비행 중 탐색 성능이 입증은 곧바로 PSAM 개발의 도화선이 되었다. 마침 이 즈음에는 프랑스의 PSAM 미스트랄이 육군에 도입되어 막대한 외화의 국외 유출에 따른 부담으로 국내 개발의 필요성이 더욱 급박해지는 시점이었다.
ADD는 한국형 PSAM을 독자 개발하기 위한 준비에 들어가 1차로 체계 개념을 설정하기 위한 태스크포스팀(Taskforce Team)를 구성에 들어갔다.
연구원 출신 최초로 국방과학연구소장을 역임했던 안동만 박사와 진정석 책임연구원을 주축으로 이원상 책임연구원 등 유도탄을 구성하는 추진기관, 유도조종 등 각 분야의 핵심 인력들이 포진했다.
특히 안동만 박사와 진정석 책임연구원은 최초 유도무기 ‘백곰’을 비롯해 ‘현무’와 ‘해룡’ ‘천마’ 등 우리나라 유도무기 개발에 기반을 닦고 발전시켜온 연구원으로 연구소 내에 신망이 두터웠다.
태크스포스팀은 국내의 각종 관련 기술과 미스트랄과 스팅거 등 해외 유사 무기체계에 대한 기술 분석을 시작했다. 레드아이는 물론 러시아의 SA-7A/B, SA-16, SA-18(이글라) 등의 휴대용 대공 유도탄에 대한 기술 분석으로 관련 기술의 적용 사례들을 획득하고 이를 한국형 PSAM에 적용 또는 활용할 분야를 선정했다.
우선 한국형 PSAM의 형상을 정했다.
PSAM은 영국의 재블린과 스타버스트(Starburst), 러시아의 SA-9 및 SA-16 계열 그리고 미국의 스팅거(Stinger) 등과 같이 한 명이 휴대해 운용하는 견착식 사격체계(MANPADS ; Man-Portable Air Defense System)와 미스트랄처럼 두 명이 1조를 이루어 삼각대를 이용하는 거치식 사격체계(DETPADS ; Detachment-Portable Air Defense System)로 나뉜다.
견착식은 한 명이 빠르게 운용할 수 있다는 장점이 있지만 20kg가 넘는 유도탄과 발사기를 어깨에 메고 쏘기에는 힘겨울 뿐만 아니라 명중률에도 영향을 주는 단점이 있다. 더욱이 실제 잘 운용하기 위해서는 부사수가 따라 붙어야 한다.
반면 거치식은 삼각대에 유도탄을 장착해 사수가 앉거나 서서 사격하므로 훨씬 안정적인 사격으로 명중 확률을 높일 수 있다. 태스크포스팀은 운용성과 체계 성능을 고려, 거치식을 PSAM의 운용체계로 결정했다.
유도탄의 경우는 미스트랄, 스팅거, 이글라 등의 장점들을 종합해 설계 개념을 설정했다. 유도탄의 직경은 미스트랄 직경(90mm)과, 스팅거의 직경(70mm)과 중간쯤 되는 80mm로 설정했다. 이는 IRS-7의 광학 돔(Dome)의 직경이 78mm라는 점을 고려한 최소의 직경이었다.
또 유도탄은 비행 중 받는 공기 항력의 감소를 위하여 이글라의 스파이크(Spike)의 형상을, 유도조종장치의 소형화는 스팅거에서, 근접신관 채용과 탄두 크기의 증대는 미스트랄, 2중추력 추진기관은 스팅거에서 설계 개념을 따왔다.
이렇게 해서 한국형 PSAM 유도탄은 스팅거와 미스트랄의 중간 쯤으로 국내 기술과 육군의 요구성능을 충족할 수 있는 크기와 형상이 되었다.
체계개발 목표는 사거리 5 km, 고도 3km, 00% 이상의 명중률, Fire & Forget방식의 유도방식, 대방해방책(IRCCM) 및 피아식별(Mode IV) 능력을 보유하고 10년 저장 후 00%의 신뢰도를 갖도록 했다. 이는 국외 유사장비의 규격과 유사 한 것이다.
“지금의 신궁을 보면 외형상으로 미스트랄과 대단히 유사한 것이 사실입니다. 유도탄 개발 후발 국가로서 선진국의 장점을 취하고, 그리고 한국적 운용 환경과 특성을 고려하다보면 외형이 어느 것과 닮은꼴이 되는 것도 불가피한 면이 있습니다. 하지만 태스크포스팀 때나 개발을 본격화한 후나 국내 독자 기술력으로 우리 환경에 우리 기술을 최적화하여 개발해낸다는 기본 방향은 분명했습니다.” 이원상 책임연구원의 설명이다.
기술적 수준을 본다면, 해룡과 천마 등의 유도탄 개발로 각 분야마다 관련된 유사 기술은 확보했다고는 하지만 휴대용 대공유도탄, 즉 신궁에 직접적으로 적용하기에는 아직 부족하고 어려운 수준임엔 틀림없었다.
“이를 바탕으로 계속 발전시켜 나가는 것을 전제로 신궁개발에 필요한 기술의 80%정도 수준이었다.” (이원상 책연)
원문  : 국방저널 기획연재 2007년 4월호 p60~63
* 밀토리 Military Story 는 국방일보 디지털콘텐츠의 브랜드입니다."
https://kookbang.dema.mil.kr/newsWeb/20181105/1/ATCE_CTGR_0080100003/view.do,RnD,[신궁 1회]  승리의 믿음  K-PSAM 신궁,,"■ 본 기획기사는 국방일보의 자매지인 월간 ‘국방저널’ 특별기획으로 2007년 연재된 ‘승리의 믿음 신궁, 개발에서 전력화까지’ 기사로서 국방일보 홈페이지 게재를 위해 일부 재구성하였습니다.
조금 구름이 있는, 그래도 파란 빛이 시원한 하늘과 바다가 한 눈에 들어오는 서해안 안흥 대공사격장. 파도 소리의 감흥은 아주 뒷전이었다. ‘윙 위윙~’ 하는 기계음을 내며 멀리 시야에서 멀어져 버린 무선 조종 무인기(RC-MAT)를 찾는데 촉각을 집중했다.
모래주머니 방호벽 안쪽에는 문준수 중사(기사 작성 당시 계급)가 의자에 앉은 채 어깨에 유도탄을 장착한 발사관을 멘 듯한 자세로 부사수 감기택 상병과 함께 무전을 통해 무인기를 연신 쫓고 있었다.
사격통제탑에서 방송으로 ‘7km 접근’ ‘6km 접근’하며 무인기의 위치를 알려주고 있었다. 문 중사 등을 지켜보는 100여 명의 장병들은 머리끝까지 팽팽하게 부풀어오는 긴장감에 빠져들었다.
한 차례 휘익 불어오는 바람이 그 긴장을 훑어 내는가 싶은 순간, 마침내 문 중사의 어깨 위에서 한 줄기 흰 연기가 ‘쉐에엥~’하는 비행 소리와 함께 전방을 향해 쭈욱 뻗어나갔다.  이 순간을 지켜보던 이정규(학사37기) 대위는 두 주먹을 더욱 꽉 쥐었다.
육군 25사단 방공중대장인 그는 2006년 새해 선물을 받듯, 2005년 12월 31일 상비사단 최초로 국방과학연구소(ADD)가 넥스원퓨처(구 LG이노텍, 현 LIG넥스원)를 비롯한 방산업체 등과 함께 국내 기술력으로 독자 개발한 한국형 휴대용 대공 유도무기(K-PSAM ; Korea-Portable Surface to Air Missile) 신궁(新弓)을 맞이했다.
그와 문 중사 등 중대원들은 이미 신궁에 대해 잘 알고 있었다. 제원과 성능, 외국의 유사 무기체계와의 차이점은 꿰차고 이날(2006년 9월 15일) 전력화 이후 최초의 실사격 훈련 테스트가 있기까지 9개월 동안 운용 역량을 키워왔다. 역시 ‘좋은 무기체계’임을 실감했다.
하지만 그는 어떤 부담감 속에 자유롭지 못했다. 더욱이 이 자리에는 다른 사단에서 운용하는 동급의 프랑스제 유도무기인 미스트랄(Mistral)의 사격도 이뤄졌다.
‘단 한 발이지 않는가.’ 초탄필추에 대한 부담도 부담이지만 우리 기술로 만든 유도탄으로 미스트랄보다 더 ‘멋지게’ 격추해야 한다는 압박도 밀려들었던 것이다. 눈앞을 오가는 자그마한 표적기를 침착하게 고착(lock-on)하고 유도탄을 ‘딱’ 발사한 직후 심장이 멎는듯하더니 금세 그의 두 눈은 본능적으로 크게 열렸다. 멀지 않은 상공에서 황금빛 불꽃이 번쩍였다.
‘아, 명중이다.’
누가 먼저랄 것도 없이 봇물 터지듯 일제히 환호성이 올랐다. 박수 소리는 쉽게 그치질 않았다. 최첨단 국산 유도무기 운용에 대한 시샘의 따가운 눈길도 쏟아졌다.
""역시 신궁은 신궁입니다.""
환한 미소를 띤 그는 어디선가 표현했던 ‘信弓’을 그대로 인용했다. 시험평가 때 놀라운 명중률로 ‘神弓’으로도 불렸던 신궁이 어느새 장비에 대한 믿음, 부하들의 능력에 대한 믿음, 임무완수를 보장하는 믿음 - 그런 의미의 무기체계로 확고히 자리 잡은 것이다.
""신궁 모의교전기는 물론 장비와 동일하게 목표물을 추적·조준·발사할 수 있는 훈련기(ATPS)로 꾸준히 교육훈련해 왔습니다. 중대원들은 어떤 적기도 초탄필추할 수 있다는 자신감이 넘칩니다.""(이정규 대위)
신궁은 어떤 무기체계일까
명중률 90% 국산화율 90%
신궁! 이제 이름만 들어도 마음이 든든한 이 무기체계는 ‘국방의 초석’인 국방과학연구소가 우리나라 최초의 전략형 지대지 유도무기인 ‘백곰’(KNH-Ⅰ, K-Ⅰ)을 필두로 전술형 단거리 함대함 유도무기 ‘해룡’, 지대지 유도무기 ‘현무’, 단거리 지대공 유도무기 ‘천마’에 이어 다섯 번째로 개발한 첨단 휴대용 단거리 지대공 유도무기이다.(여섯번째 유도무기인 함대함 유도무기 ‘해성’은 2006년 3월 양산·출고되어 작전배치되었다)
신궁은 미스트랄과 외형상 비슷한 면이 있고 미스트랄과 미국의 스팅어(Stinger), 러시아의 이글라(Igla) 등의 유사 무기체계의 장점 중 일부를 취해 설계에 반영하기도 했으나 ADD 연구진이 천마 등을 개발한 경험과 역량을 바탕으로 국내의 기술을 최적화해 개발에 성공한, 우수한 성능을 지닌 우리 고유의 모델이다.
세계에서 다섯 번째 발사 후 망각(fire and forget) 방식의 휴대용 유도무기이며 무기체계 운용 특성상 한 명이 휴대하는 견착식이 아닌 두 명이 1조를 이루는 거치식 운용체계로 분류된다.
1995년 11월부터 2004년 7월31일 합참으로부터 전투사용 ‘가’(可) 판정을 받기까지 ADD 연구인력 500여 명, 넥스원퓨처(현 LIG넥스원) 등 방산업체 연구기술인력 500여 명이 투입됐다.
소요군이 주관한 운용시험평가에서 확인된 신궁의 명중률은 90%로서 60%대로 알려진 스팅거와 이글라를 훨씬 능가했다. 또 국산화율 90%를 달성함으로써 첨단 과학기술의 집합체인 유도무기의 독자적인 개발능력이 상당한 수준에 이르렀음을 확인시켜 주었다.
2명이 운용하는 신궁은 최대 사거리 7km, 최대 고도 4km로서 피아식별기 및 야간조준기를 장착하고 있어 원거리에서 피아 항공기를 식별할 수 있고 야간에도 작전이 가능하다. 신궁 유도탄만의 무게는 15kg이며 길이와 직경은 각각 2m, 8cm이다. 미스트랄에 비해 약 8kg 가벼우며 길이도 약 40cm 가량 짧다.
신궁 유도탄 전방에는 공기의 저항을 줄이기 위한 뾰족한 항력감쇄기(spike)가 장착되어 쉽게 구분할 수 있다. 항공기의 엔진에서 나오는 적외선을 추적하여 표적을 격추하는 적외선 호밍 유도방식을 채택하고 있어 발사 후에 별도로 조준을 유지할 필요가 없다.
특히 2색 탐색기(two color seeker)를 적용함으로써 기만용 불꽃(Flare)을 투하하는 전투기에 대한 대응능력(IRCCM)이 대단히 우수하다. 비행간 비례항법과 표적 유도방식을 적용해 기존 적외선 추적 유도탄이 항공기 본체를 공격하기 전에 항공기 후미에서 나오는 배기열원을 공격하는 단점을 극복하고 있다.
또 근접신관을 장착해 유도탄이 타격목표의 일정 거리까지 접근하게 되면 720여 개의 파편이 폭발, 항공기의 엔진까지 관통시킬 정도로 상당한 위력을 발휘한다. 2중 추력 방식을 채택한 신궁의 최대 비행속도가 마하2에 달해 AN-2기나 헬리콥터는 물론 아군을 위협하는 전투기까지 격추시킬 수 있다. 전투기의 경우 폭탄을 비롯한 무장 등을 고려할 때 실제 전투 시 속도는 마하1에 미치지 못하는 것으로 알려져 있다.
신궁과 같은 휴대용 대공유도무기는 유도무기 중에서 가장 작고 가볍기 때문에 개발에는 많은 첨단기술이 요구된다. 선진국의 경우에도 최초로 기본형을 개발하는데 10~15년이 소요 되었다. 하지만 신궁은 공력설계와 유도기법 분야에서 처음 시도하는 첨단의 기술 개발을 한 치의 오차도 없이 훌륭히 수행하여 8년이라는 짧은 기간에 개발을 성공적으로 완료함으로써 ADD와 관련 업체의 유도무기 개발 능력을 대외적으로 과시할 수 있게 되었다.
출처 : 국방저널 2007년 3월호"
